[Licensing::Module] Trying to connect to existing licensing client channel...
[Licensing::IpcConnector] Successfully connected to the License Client on channel: "LicenseClient-Carlos" at "2026-09-23T17:13:00.8626537Z"
[Licensing::Client] Error: Code 10 while verifying Licensing Client signature (process Id: 17744, path: "C:/Program Files/Unity Hub/UnityLicensingClient_V1/Unity.Licensing.Client.exe")
[Licensing::Module] Error: LicensingClient has failed validation; ignoring
[Licensing::Client] Handshaking with LicensingClient:
  Version:                 1.17.4+4293ba1
  Session Id:              cfb2c80b1125429b8742483f4137cbd1
  Correlation Id:          c0839dbd478cd023ce963b6e7e0416e5
  External correlation Id: 8352191604737239165
  Machine Id:              RfN/ey+TYhuRLvM7+KFKGBNBcgg=
[Licensing::Module] Successfully connected to LicensingClient on channel: "LicenseClient-Carlos" (connect: 0.00s, validation: 0.02s, handshake: 0.08s)
[Licensing::IpcConnector] Successfully connected to the License Notification on channel: "LicenseClient-Carlos-notifications" at "2026-09-23T17:13:00.9692102Z"
[Licensing::Module] Error: Access token is unavailable; failed to update
[Licensing::Client] Successfully updated license
Built from '2023.2/release' branch; Version is '2023.2.22f1 (6b19bf4f8115) revision 7018943'; Using compiler version '193431935'; Build Type 'Release'
OS: 'Windows 11  (10.0.26200) 64bit CoreSingleLanguage' Language: 'es' Physical Memory: 7561 MB
[Licensing::Client] Successfully resolved entitlements
[Licensing::Module] Serial number assigned to: "4674147786112-UnityPersXXXX"
BatchMode: 1, IsHumanControllingUs: 0, StartBugReporterOnCrash: 0, Is64bit: 1, IsPro: 0

COMMAND LINE ARGUMENTS:
C:\Program Files\Unity\Hub\Editor\2023.2.22f1\Editor\Unity.exe
-batchmode
-quit
-nographics
-projectPath
C:\MoSim_MX_ModProject
-buildTarget
win64
-executeMethod
Editor.AddressablesModExporter.BuildFromCommandLine
-groups
MxModpackW1|MxModpackW2
-logFile
C:\MoSim_MX_ModProject\Tools\build-logs\build-win64.log
-versions
v4.4.2|V2.2.1
Successfully changed project path to: C:\MoSim_MX_ModProject
C:/MoSim_MX_ModProject
[UnityMemory] Configuration Parameters - Can be set up in boot.config
    "memorysetup-bucket-allocator-granularity=16"
    "memorysetup-bucket-allocator-bucket-count=8"
    "memorysetup-bucket-allocator-block-size=33554432"
    "memorysetup-bucket-allocator-block-count=8"
    "memorysetup-main-allocator-block-size=16777216"
    "memorysetup-thread-allocator-block-size=16777216"
    "memorysetup-gfx-main-allocator-block-size=16777216"
    "memorysetup-gfx-thread-allocator-block-size=16777216"
    "memorysetup-cache-allocator-block-size=4194304"
    "memorysetup-typetree-allocator-block-size=2097152"
    "memorysetup-profiler-bucket-allocator-granularity=16"
    "memorysetup-profiler-bucket-allocator-bucket-count=8"
    "memorysetup-profiler-bucket-allocator-block-size=33554432"
    "memorysetup-profiler-bucket-allocator-block-count=8"
    "memorysetup-profiler-allocator-block-size=16777216"
    "memorysetup-profiler-editor-allocator-block-size=1048576"
    "memorysetup-temp-allocator-size-main=16777216"
    "memorysetup-job-temp-allocator-block-size=2097152"
    "memorysetup-job-temp-allocator-block-size-background=1048576"
    "memorysetup-job-temp-allocator-reduction-small-platforms=262144"
    "memorysetup-allocator-temp-initial-block-size-main=262144"
    "memorysetup-allocator-temp-initial-block-size-worker=262144"
    "memorysetup-temp-allocator-size-background-worker=32768"
    "memorysetup-temp-allocator-size-job-worker=262144"
    "memorysetup-temp-allocator-size-preload-manager=33554432"
    "memorysetup-temp-allocator-size-nav-mesh-worker=65536"
    "memorysetup-temp-allocator-size-audio-worker=65536"
    "memorysetup-temp-allocator-size-cloud-worker=32768"
    "memorysetup-temp-allocator-size-gi-baking-worker=262144"
    "memorysetup-temp-allocator-size-gi-baking-worker=262144"
    "memorysetup-temp-allocator-size-gi-baking-worker=262144"
    "memorysetup-temp-allocator-size-gi-baking-worker=262144"
    "memorysetup-temp-allocator-size-gfx=262144"
Player connection [24036] Host "[IP] 10.73.180.60 [Port] 55504 [Flags] 2 [Guid] 2856372966 [EditorId] 2856372966 [Version] 1048832 [Id] WindowsEditor(7,LAPTOP-0PFUHS9G) [Debug] 1 [PackageName] WindowsEditor [ProjectName] Editor" joined multi-casting on [225.0.0.222:54997]...
Player connection [24036] Host "[IP] 10.73.180.60 [Port] 55504 [Flags] 2 [Guid] 2856372966 [EditorId] 2856372966 [Version] 1048832 [Id] WindowsEditor(7,LAPTOP-0PFUHS9G) [Debug] 1 [PackageName] WindowsEditor [ProjectName] Editor" joined alternative multi-casting on [225.0.0.222:34997]...
[Physics::Module] Initialized MultithreadedJobDispatcher with 11 workers.
[Package Manager] Connected to IPC stream "Upm-27368" after 0.4 seconds.
Library Redirect Path: Library/
[Licensing::Client] Successfully resolved entitlements
[Package Manager] Restoring resolved packages state from cache
[Licensing::Client] Successfully resolved entitlement details
[Package Manager] Registered 66 packages:
  Packages from [https://packages.unity.com]:
    com.unity.addressables@2.7.6 (location: C:\MoSim_MX_ModProject\Library\PackageCache\com.unity.addressables@2.7.6)
    com.unity.ai.navigation@2.0.0 (location: C:\MoSim_MX_ModProject\Library\PackageCache\com.unity.ai.navigation@2.0.0)
    com.unity.cinemachine@3.0.1 (location: C:\MoSim_MX_ModProject\Library\PackageCache\com.unity.cinemachine@3.0.1)
    com.unity.collab-proxy@2.3.1 (location: C:\MoSim_MX_ModProject\Library\PackageCache\com.unity.collab-proxy@2.3.1)
    com.unity.ide.rider@3.0.38 (location: C:\MoSim_MX_ModProject\Library\PackageCache\com.unity.ide.rider@3.0.38)
    com.unity.ide.visualstudio@2.0.23 (location: C:\MoSim_MX_ModProject\Library\PackageCache\com.unity.ide.visualstudio@2.0.23)
    com.unity.inputsystem@1.7.0 (location: C:\MoSim_MX_ModProject\Library\PackageCache\com.unity.inputsystem@1.7.0)
    com.unity.recorder@5.0.0 (location: C:\MoSim_MX_ModProject\Library\PackageCache\com.unity.recorder@5.0.0)
    com.unity.timeline@1.8.8 (location: C:\MoSim_MX_ModProject\Library\PackageCache\com.unity.timeline@1.8.8)
    com.unity.toolchain.linux-x86_64@2.0.10 (location: C:\MoSim_MX_ModProject\Library\PackageCache\com.unity.toolchain.linux-x86_64@2.0.10)
    com.unity.toolchain.win-x86_64-linux-x86_64@2.0.11 (location: C:\MoSim_MX_ModProject\Library\PackageCache\com.unity.toolchain.win-x86_64-linux-x86_64@2.0.11)
    com.unity.visualscripting@1.8.0 (location: C:\MoSim_MX_ModProject\Library\PackageCache\com.unity.visualscripting@1.8.0)
    com.unity.sysroot@2.0.10 (location: C:\MoSim_MX_ModProject\Library\PackageCache\com.unity.sysroot@2.0.10)
    com.unity.sysroot.linux-x86_64@2.0.9 (location: C:\MoSim_MX_ModProject\Library\PackageCache\com.unity.sysroot.linux-x86_64@2.0.9)
    com.unity.ext.nunit@2.0.5 (location: C:\MoSim_MX_ModProject\Library\PackageCache\com.unity.ext.nunit@2.0.5)
    com.unity.mathematics@1.2.6 (location: C:\MoSim_MX_ModProject\Library\PackageCache\com.unity.mathematics@1.2.6)
    com.unity.burst@1.8.13 (location: C:\MoSim_MX_ModProject\Library\PackageCache\com.unity.burst@1.8.13)
    com.unity.splines@2.5.2 (location: C:\MoSim_MX_ModProject\Library\PackageCache\com.unity.splines@2.5.2)
    com.unity.profiling.core@1.0.2 (location: C:\MoSim_MX_ModProject\Library\PackageCache\com.unity.profiling.core@1.0.2)
    com.unity.test-framework@1.4.5 (location: C:\MoSim_MX_ModProject\Library\PackageCache\com.unity.test-framework@1.4.5)
    com.unity.scriptablebuildpipeline@2.5.0 (location: C:\MoSim_MX_ModProject\Library\PackageCache\com.unity.scriptablebuildpipeline@2.5.0)
    com.unity.searcher@4.9.2 (location: C:\MoSim_MX_ModProject\Library\PackageCache\com.unity.searcher@4.9.2)
    com.unity.settings-manager@2.0.1 (location: C:\MoSim_MX_ModProject\Library\PackageCache\com.unity.settings-manager@2.0.1)
    com.unity.collections@1.4.0 (location: C:\MoSim_MX_ModProject\Library\PackageCache\com.unity.collections@1.4.0)
    com.unity.nuget.mono-cecil@1.11.4 (location: C:\MoSim_MX_ModProject\Library\PackageCache\com.unity.nuget.mono-cecil@1.11.4)
  Built-in packages:
    com.unity.2d.sprite@1.0.0 (location: C:\MoSim_MX_ModProject\Library\PackageCache\com.unity.2d.sprite@1.0.0)
    com.unity.render-pipelines.universal@16.0.6 (location: C:\MoSim_MX_ModProject\Library\PackageCache\com.unity.render-pipelines.universal@16.0.6)
    com.unity.ugui@2.0.0 (location: C:\MoSim_MX_ModProject\Library\PackageCache\com.unity.ugui@2.0.0)
    com.unity.modules.accessibility@1.0.0 (location: C:\MoSim_MX_ModProject\Library\PackageCache\com.unity.modules.accessibility@1.0.0)
    com.unity.modules.ai@1.0.0 (location: C:\MoSim_MX_ModProject\Library\PackageCache\com.unity.modules.ai@1.0.0)
    com.unity.modules.androidjni@1.0.0 (location: C:\MoSim_MX_ModProject\Library\PackageCache\com.unity.modules.androidjni@1.0.0)
    com.unity.modules.animation@1.0.0 (location: C:\MoSim_MX_ModProject\Library\PackageCache\com.unity.modules.animation@1.0.0)
    com.unity.modules.assetbundle@1.0.0 (location: C:\MoSim_MX_ModProject\Library\PackageCache\com.unity.modules.assetbundle@1.0.0)
    com.unity.modules.audio@1.0.0 (location: C:\MoSim_MX_ModProject\Library\PackageCache\com.unity.modules.audio@1.0.0)
    com.unity.modules.cloth@1.0.0 (location: C:\MoSim_MX_ModProject\Library\PackageCache\com.unity.modules.cloth@1.0.0)
    com.unity.modules.director@1.0.0 (location: C:\MoSim_MX_ModProject\Library\PackageCache\com.unity.modules.director@1.0.0)
    com.unity.modules.imageconversion@1.0.0 (location: C:\MoSim_MX_ModProject\Library\PackageCache\com.unity.modules.imageconversion@1.0.0)
    com.unity.modules.imgui@1.0.0 (location: C:\MoSim_MX_ModProject\Library\PackageCache\com.unity.modules.imgui@1.0.0)
    com.unity.modules.jsonserialize@1.0.0 (location: C:\MoSim_MX_ModProject\Library\PackageCache\com.unity.modules.jsonserialize@1.0.0)
    com.unity.modules.particlesystem@1.0.0 (location: C:\MoSim_MX_ModProject\Library\PackageCache\com.unity.modules.particlesystem@1.0.0)
    com.unity.modules.physics@1.0.0 (location: C:\MoSim_MX_ModProject\Library\PackageCache\com.unity.modules.physics@1.0.0)
    com.unity.modules.physics2d@1.0.0 (location: C:\MoSim_MX_ModProject\Library\PackageCache\com.unity.modules.physics2d@1.0.0)
    com.unity.modules.screencapture@1.0.0 (location: C:\MoSim_MX_ModProject\Library\PackageCache\com.unity.modules.screencapture@1.0.0)
    com.unity.modules.terrain@1.0.0 (location: C:\MoSim_MX_ModProject\Library\PackageCache\com.unity.modules.terrain@1.0.0)
    com.unity.modules.terrainphysics@1.0.0 (location: C:\MoSim_MX_ModProject\Library\PackageCache\com.unity.modules.terrainphysics@1.0.0)
    com.unity.modules.tilemap@1.0.0 (location: C:\MoSim_MX_ModProject\Library\PackageCache\com.unity.modules.tilemap@1.0.0)
    com.unity.modules.ui@1.0.0 (location: C:\MoSim_MX_ModProject\Library\PackageCache\com.unity.modules.ui@1.0.0)
    com.unity.modules.uielements@1.0.0 (location: C:\MoSim_MX_ModProject\Library\PackageCache\com.unity.modules.uielements@1.0.0)
    com.unity.modules.umbra@1.0.0 (location: C:\MoSim_MX_ModProject\Library\PackageCache\com.unity.modules.umbra@1.0.0)
    com.unity.modules.unityanalytics@1.0.0 (location: C:\MoSim_MX_ModProject\Library\PackageCache\com.unity.modules.unityanalytics@1.0.0)
    com.unity.modules.unitywebrequest@1.0.0 (location: C:\MoSim_MX_ModProject\Library\PackageCache\com.unity.modules.unitywebrequest@1.0.0)
    com.unity.modules.unitywebrequestassetbundle@1.0.0 (location: C:\MoSim_MX_ModProject\Library\PackageCache\com.unity.modules.unitywebrequestassetbundle@1.0.0)
    com.unity.modules.unitywebrequestaudio@1.0.0 (location: C:\MoSim_MX_ModProject\Library\PackageCache\com.unity.modules.unitywebrequestaudio@1.0.0)
    com.unity.modules.unitywebrequesttexture@1.0.0 (location: C:\MoSim_MX_ModProject\Library\PackageCache\com.unity.modules.unitywebrequesttexture@1.0.0)
    com.unity.modules.unitywebrequestwww@1.0.0 (location: C:\MoSim_MX_ModProject\Library\PackageCache\com.unity.modules.unitywebrequestwww@1.0.0)
    com.unity.modules.vehicles@1.0.0 (location: C:\MoSim_MX_ModProject\Library\PackageCache\com.unity.modules.vehicles@1.0.0)
    com.unity.modules.video@1.0.0 (location: C:\MoSim_MX_ModProject\Library\PackageCache\com.unity.modules.video@1.0.0)
    com.unity.modules.vr@1.0.0 (location: C:\MoSim_MX_ModProject\Library\PackageCache\com.unity.modules.vr@1.0.0)
    com.unity.modules.wind@1.0.0 (location: C:\MoSim_MX_ModProject\Library\PackageCache\com.unity.modules.wind@1.0.0)
    com.unity.modules.xr@1.0.0 (location: C:\MoSim_MX_ModProject\Library\PackageCache\com.unity.modules.xr@1.0.0)
    com.unity.modules.subsystems@1.0.0 (location: C:\MoSim_MX_ModProject\Library\PackageCache\com.unity.modules.subsystems@1.0.0)
    com.unity.modules.hierarchycore@1.0.0 (location: C:\MoSim_MX_ModProject\Library\PackageCache\com.unity.modules.hierarchycore@1.0.0)
    com.unity.render-pipelines.core@16.0.6 (location: C:\MoSim_MX_ModProject\Library\PackageCache\com.unity.render-pipelines.core@16.0.6)
    com.unity.shadergraph@16.0.6 (location: C:\MoSim_MX_ModProject\Library\PackageCache\com.unity.shadergraph@16.0.6)
    com.unity.rendering.light-transport@1.0.2 (location: C:\MoSim_MX_ModProject\Library\PackageCache\com.unity.rendering.light-transport@1.0.2)
  Git packages:
    com.nobi.roundedcorners@https://github.com/kirevdokimov/Unity-UI-Rounded-Corners.git (location: C:\MoSim_MX_ModProject\Library\PackageCache\com.nobi.roundedcorners@33135342e8)
[Subsystems] No new subsystems found in resolved package list.
Package Manager log level set to [2]
[Package Manager] Done registering packages in 0.39 seconds
Targeting platform: win64
Refreshing native plugins compatible for Editor in 248.54 ms, found 6 plugins.
Preloading 0 native plugins for Editor in 0.00 ms.
Initialize engine version: 2023.2.22f1 (6b19bf4f8115)
[Subsystems] Discovering subsystems at path C:/Program Files/Unity/Hub/Editor/2023.2.22f1/Editor/Data/Resources/UnitySubsystems
[Subsystems] Discovering subsystems at path C:/MoSim_MX_ModProject/Assets
Forcing GfxDevice: Null
GfxDevice: creating device client; kGfxThreadingModeNonThreaded
NullGfxDevice:
    Version:  NULL 1.0 [1.0]
    Renderer: Null Device
    Vendor:   Unity Technologies
Shader Hidden/ProbeVolume/VoxelizeScene is not supported: GPU does not support conservative rasterization
[Licensing::Client] Successfully resolved entitlements
Initialize mono
Mono path[0] = 'C:/Program Files/Unity/Hub/Editor/2023.2.22f1/Editor/Data/Managed'
Mono path[1] = 'C:/Program Files/Unity/Hub/Editor/2023.2.22f1/Editor/Data/MonoBleedingEdge/lib/mono/unityjit-win32'
Mono config path = 'C:/Program Files/Unity/Hub/Editor/2023.2.22f1/Editor/Data/MonoBleedingEdge/etc'
Using monoOptions --debugger-agent=transport=dt_socket,embedding=1,server=y,suspend=n,address=127.0.0.1:56368
Using cacheserver namespaces - metadata:defaultmetadata, artifacts:defaultartifacts
Using cacheserver namespaces - metadata:defaultmetadata, artifacts:defaultartifacts
ImportWorker Server TCP listen port: 0
AcceleratorClientConnectionCallback - disconnected - :0
Begin MonoManager ReloadAssembly
Registering precompiled unity dll's ...
Register platform support module: C:/Program Files/Unity/Hub/Editor/2023.2.22f1/Editor/Data/PlaybackEngines/MacStandaloneSupport/UnityEditor.OSXStandalone.Extensions.dll
Register platform support module: C:/Program Files/Unity/Hub/Editor/2023.2.22f1/Editor/Data/PlaybackEngines/WindowsStandaloneSupport/UnityEditor.WindowsStandalone.Extensions.dll
[Licensing::Client] Successfully resolved entitlements
Register platform support module: C:/Program Files/Unity/Hub/Editor/2023.2.22f1/Editor/Data/PlaybackEngines/MetroSupport/UnityEditor.UWP.Extensions.dll
Register platform support module: C:/Program Files/Unity/Hub/Editor/2023.2.22f1/Editor/Data/PlaybackEngines/LinuxStandaloneSupport/UnityEditor.LinuxStandalone.Extensions.dll
Registered in 0.100207 seconds.
- Loaded All Assemblies, in  2.774 seconds
Native extension for LinuxStandalone target not found
Native extension for UWP target not found
Native extension for WindowsStandalone target not found
Native extension for OSXStandalone target not found
Mono: successfully reloaded assembly
- Finished resetting the current domain, in  0.410 seconds
Domain Reload Profiling: 3182ms
	BeginReloadAssembly (2143ms)
		ExecutionOrderSort (0ms)
		DisableScriptedObjects (0ms)
		BackupInstance (0ms)
		ReleaseScriptingObjects (0ms)
		CreateAndSetChildDomain (1ms)
	RebuildCommonClasses (131ms)
	RebuildNativeTypeToScriptingClass (15ms)
	initialDomainReloadingComplete (169ms)
	LoadAllAssembliesAndSetupDomain (314ms)
		LoadAssemblies (2138ms)
		RebuildTransferFunctionScriptingTraits (0ms)
		AnalyzeDomain (309ms)
			TypeCache.Refresh (307ms)
				TypeCache.ScanAssembly (260ms)
			BuildScriptInfoCaches (0ms)
			ResolveRequiredComponents (1ms)
	FinalizeReload (411ms)
		ReleaseScriptCaches (0ms)
		RebuildScriptCaches (0ms)
		SetupLoadedEditorAssemblies (350ms)
			LogAssemblyErrors (0ms)
			InitializePlatformSupportModulesInManaged (70ms)
			SetLoadedEditorAssemblies (5ms)
			BeforeProcessingInitializeOnLoad (6ms)
			ProcessInitializeOnLoadAttributes (212ms)
			ProcessInitializeOnLoadMethodAttributes (58ms)
			AfterProcessingInitializeOnLoad (0ms)
			EditorAssembliesLoaded (0ms)
		ExecutionOrderSort2 (0ms)
		AwakeInstancesAfterBackupRestoration (0ms)
[Licensing::Client] Successfully resolved entitlements
Application.AssetDatabase Initial Refresh Start
Assembly reference Packages/com.unity.cinemachine/Editor/Samples/ExposeHDRPInternals/HDRP-Editor-ref.asmref has no target assembly definition
Assembly reference Packages/com.unity.cinemachine/Editor/Samples/ExposeHDRPInternals/HDRP-Editor-ref.asmref has no target assembly definition
info: Microsoft.Hosting.Lifetime[14]
      Now listening on: http://localhost:80
info: Microsoft.Hosting.Lifetime[0]
      Application started. Press Ctrl+C to shut down.
info: Microsoft.Hosting.Lifetime[0]
      Hosting environment: Production
info: Microsoft.Hosting.Lifetime[0]
      Content root path: C:\MoSim_MX_ModProject\
info: Microsoft.AspNetCore.Hosting.Diagnostics[1]
      Request starting HTTP/2 POST http://ilpp/UnityILPP.PostProcessing/Ping application/grpc -
info: Microsoft.AspNetCore.Routing.EndpointMiddleware[0]
      Executing endpoint 'gRPC - /UnityILPP.PostProcessing/Ping'
info: Microsoft.AspNetCore.Routing.EndpointMiddleware[1]
      Executed endpoint 'gRPC - /UnityILPP.PostProcessing/Ping'
info: Microsoft.AspNetCore.Hosting.Diagnostics[2]
      Request finished HTTP/2 POST http://ilpp/UnityILPP.PostProcessing/Ping application/grpc - - 200 - application/grpc 108.0786ms
Starting: C:\Program Files\Unity\Hub\Editor\2023.2.22f1\Editor\Data\bee_backend.exe --dont-print-to-structured-log --ipc --defer-dag-verification --dagfile="Library/Bee/1900b0aE.dag" --continue-on-failure --profile="Library/Bee/backend1.traceevents" ScriptAssemblies
WorkingDir: C:/MoSim_MX_ModProject
DisplayProgressbar: Compiling Scripts
ExitCode: 4 Duration: 0s383ms
Rebuilding DAG because FileSignature timestamp changed: Library/Bee/1900b0aE-inputdata.json
*** Tundra requires additional run (0.29 seconds), 0 items updated, 619 evaluatedStarting: C:\Program Files\Unity\Hub\Editor\2023.2.22f1\Editor\Data\Tools\netcorerun\netcorerun.exe "C:\Program Files\Unity\Hub\Editor\2023.2.22f1\Editor\Data\Tools\BuildPipeline\ScriptCompilationBuildProgram.exe" "Library/Bee/1900b0aE.dag.json" "Library/Bee/1900b0aE-inputdata.json" "Library\Bee\buildprogram0.traceevents"

WorkingDir: C:/MoSim_MX_ModProject
ExitCode: 0 Duration: 1s691ms
Starting: C:\Program Files\Unity\Hub\Editor\2023.2.22f1\Editor\Data\bee_backend.exe --dont-print-to-structured-log --ipc --defer-dag-verification --dagfile="Library/Bee/1900b0aE.dag" --continue-on-failure --dagfilejson="Library\Bee\1900b0aE.dag.json" --profile="Library/Bee/backend2.traceevents" ScriptAssemblies
WorkingDir: C:/MoSim_MX_ModProject
info: Microsoft.AspNetCore.Hosting.Diagnostics[1]
      Request starting HTTP/2 POST http://ilpp/UnityILPP.PostProcessing/ConfigurePostProcessors application/grpc -
info: Microsoft.AspNetCore.Routing.EndpointMiddleware[0]
      Executing endpoint 'gRPC - /UnityILPP.PostProcessing/ConfigurePostProcessors'
warn: Unity.ILPP.Runner.PostProcessingAssemblyLoadContext[0]
      Assembly system.runtime.interopservices.windowsruntime has duplicate hint path. Ignoring "C:\Program Files\Unity\Hub\Editor\2023.2.22f1\Editor\Data\UnityReferenceAssemblies\unity-4.8-api\Facades\System.Runtime.InteropServices.WindowsRuntime.dll" in favor of "C:\Program Files\Unity\Hub\Editor\2023.2.22f1\Editor\Data\NetStandard\Extensions\2.0.0\System.Runtime.InteropServices.WindowsRuntime.dll"
warn: Unity.ILPP.Runner.PostProcessingAssemblyLoadContext[0]
      Assembly system.componentmodel.composition has duplicate hint path. Ignoring "C:\Program Files\Unity\Hub\Editor\2023.2.22f1\Editor\Data\UnityReferenceAssemblies\unity-4.8-api\System.ComponentModel.Composition.dll" in favor of "C:\Program Files\Unity\Hub\Editor\2023.2.22f1\Editor\Data\NetStandard\compat\2.1.0\shims\netfx\System.ComponentModel.Composition.dll"
info: Unity.ILPP.Runner.PostProcessingAssemblyLoadContext[0]
      Resolved Unity.Burst.Cecil, Version=0.11.4.0, Culture=neutral, PublicKeyToken=50cebf1cceb9d05e with Library\PackageCache\com.unity.burst@1.8.13\Unity.Burst.CodeGen\Unity.Burst.Cecil.dll
info: Unity.ILPP.Runner.PostProcessingAssemblyLoadContext[0]
      Resolved Mono.Cecil, Version=0.11.4.0, Culture=neutral, PublicKeyToken=50cebf1cceb9d05e with Library\PackageCache\com.unity.nuget.mono-cecil@1.11.4\Mono.Cecil.dll
info: Microsoft.AspNetCore.Routing.EndpointMiddleware[1]
      Executed endpoint 'gRPC - /UnityILPP.PostProcessing/ConfigurePostProcessors'
info: Microsoft.AspNetCore.Hosting.Diagnostics[2]
      Request finished HTTP/2 POST http://ilpp/UnityILPP.PostProcessing/ConfigurePostProcessors application/grpc - - 200 - application/grpc 129.4399ms
ExitCode: 0 Duration: 0s913ms
Finished compiling graph: 1160 nodes, 21829 flattened edges (17205 ToBuild, 194 ToUse), maximum node priority 1322
[ 883/1157  0s] ILPP-Configuration Library/ilpp-configuration.nevergeneratedoutput
*** Tundra build success (0.86 seconds), 1 items updated, 1157 evaluated
AssetDatabase: script compilation time: 4.354666s
Assembly reference Packages/com.unity.cinemachine/Editor/Samples/ExposeHDRPInternals/HDRP-Editor-ref.asmref has no target assembly definition
Begin MonoManager ReloadAssembly
Total cache size 181613324
Total cache size after purge 181613324
Symbol file LoadedFromMemory doesn't match image C:\MoSim_MX_ModProject\Library\PackageCache\com.unity.visualscripting@1.8.0\Editor\VisualScripting.Core\Dependencies\YamlDotNet\Unity.VisualScripting.YamlDotNet.dll
Symbol file LoadedFromMemory doesn't match image C:\MoSim_MX_ModProject\Library\PackageCache\com.unity.visualscripting@1.8.0\Editor\VisualScripting.Core\Dependencies\DotNetZip\Unity.VisualScripting.IonicZip.dll
- Loaded All Assemblies, in  5.017 seconds
Refreshing native plugins compatible for Editor in 2.82 ms, found 6 plugins.
Native extension for LinuxStandalone target not found
Native extension for UWP target not found
Native extension for WindowsStandalone target not found
Native extension for OSXStandalone target not found
Assembly reference Packages/com.unity.cinemachine/Editor/Samples/ExposeHDRPInternals/HDRP-Editor-ref.asmref has no target assembly definition
Mono: successfully reloaded assembly
- Finished resetting the current domain, in  5.291 seconds
Domain Reload Profiling: 10302ms
	BeginReloadAssembly (1871ms)
		ExecutionOrderSort (0ms)
		DisableScriptedObjects (14ms)
		BackupInstance (0ms)
		ReleaseScriptingObjects (0ms)
		CreateAndSetChildDomain (39ms)
	RebuildCommonClasses (43ms)
	RebuildNativeTypeToScriptingClass (14ms)
	initialDomainReloadingComplete (35ms)
	LoadAllAssembliesAndSetupDomain (3046ms)
		LoadAssemblies (2846ms)
		RebuildTransferFunctionScriptingTraits (0ms)
		AnalyzeDomain (337ms)
			TypeCache.Refresh (264ms)
				TypeCache.ScanAssembly (242ms)
			BuildScriptInfoCaches (52ms)
			ResolveRequiredComponents (16ms)
	FinalizeReload (5292ms)
		ReleaseScriptCaches (0ms)
		RebuildScriptCaches (0ms)
		SetupLoadedEditorAssemblies (4613ms)
			LogAssemblyErrors (0ms)
			InitializePlatformSupportModulesInManaged (19ms)
			SetLoadedEditorAssemblies (4ms)
			BeforeProcessingInitializeOnLoad (123ms)
			ProcessInitializeOnLoadAttributes (4374ms)
			ProcessInitializeOnLoadMethodAttributes (84ms)
			AfterProcessingInitializeOnLoad (9ms)
			EditorAssembliesLoaded (0ms)
		ExecutionOrderSort2 (0ms)
		AwakeInstancesAfterBackupRestoration (17ms)
Asset Pipeline Refresh (id=2b0da759f7f9e8f4e9fce13940e1274d): Total: 16.975 seconds - Initiated by InitialRefreshV2(ForceSynchronousImport)
	Summary:
		Imports: total=0 (actual=0, local cache=0, cache server=0)
		Asset DB Process Time: managed=0 ms, native=7330 ms
		Asset DB Callback time: managed=106 ms, native=0 ms
		Scripting: domain reloads=1, domain reload time=5098 ms, compile time=4358 ms, other=82 ms
		Project Asset Count: scripts=1647, non-scripts=4657
		Asset File Changes: new=0, changed=0, moved=0, deleted=0
		Scan Filter Count: 0
	InvokeCustomDependenciesCallbacks: 0.001ms
	InvokePackagesCallback: 2.093ms
	ApplyChangesToAssetFolders: 0.488ms
	Scan: 367.210ms
	OnSourceAssetsModified: 0.002ms
	CategorizeAssetsWithTransientArtifact: 647.052ms
	ProcessAssetsWithTransientArtifactChanges: 126.342ms
	CategorizeAssets: 90.528ms
	ImportOutOfDateAssets: 5311.111ms (948.029ms without children)
		CompileScripts: 4357.512ms
		ReloadNativeAssets: 0.061ms
		UnloadImportedAssets: 2.949ms
		EnsureUptoDateAssetsAreRegisteredWithGuidPM: 1.692ms
		InitializingProgressBar: 0.001ms
		PostProcessAllAssetNotificationsAddChangedAssets: 0.001ms
		OnDemandSchedulerStart: 0.866ms
	PostProcessAllAssets: 106.471ms
	GatherAllCurrentPrimaryArtifactRevisions: 0.000ms
	UnloadStreamsBegin: 1.771ms
	PersistCurrentRevisions: 0.356ms
	UnloadStreamsEnd: 0.003ms
	GenerateScriptTypeHashes: 11.325ms
	Untracked: 10321.605ms

Application.AssetDatabase Initial Refresh End
Shader Hidden/ProbeVolume/VoxelizeScene is not supported: GPU does not support conservative rasterization
Scanning for USB devices : 2.189ms
Initializing Unity extensions:
[Licensing::Client] Successfully resolved entitlements
[MODES] ModeService[none].Initialize
[MODES] ModeService[none].LoadModes
[MODES] Loading mode Default (0) for mode-current-id-MoSimulator
Unloading 24 Unused Serialized files (Serialized files now loaded: 0)
Unloading 7077 unused Assets / (3.5 MB). Loaded Objects now: 7874.
Memory consumption went from 207.7 MB to 204.2 MB.
Total: 17.863300 ms (FindLiveObjects: 1.424600 ms CreateObjectMapping: 1.277900 ms MarkObjects: 11.598900 ms  DeleteObjects: 3.559300 ms)

Building addressables for: MxModpackW1 (target: StandaloneWindows64, prefix: mxmodpackw1)
UnityEngine.Debug:ExtractStackTraceNoAlloc (byte*,int,string)
UnityEngine.StackTraceUtility:ExtractStackTrace ()
UnityEngine.DebugLogHandler:Internal_Log (UnityEngine.LogType,UnityEngine.LogOption,string,UnityEngine.Object)
UnityEngine.DebugLogHandler:LogFormat (UnityEngine.LogType,UnityEngine.Object,string,object[])
UnityEngine.Logger:Log (UnityEngine.LogType,object)
UnityEngine.Debug:Log (object)
Editor.AddressablesModExporter:BuildOneGroup (UnityEditor.AddressableAssets.Settings.AddressableAssetSettings,Editor.AddressablesModExporter/ModBuildSpec) (at Assets/Editor/AddressablesModExporter.cs:477)
Editor.AddressablesModExporter:BuildAndExport (System.Collections.Generic.List`1<Editor.AddressablesModExporter/ModBuildSpec>) (at Assets/Editor/AddressablesModExporter.cs:361)
Editor.AddressablesModExporter:BuildFromCommandLine () (at Assets/Editor/AddressablesModExporter.cs:624)

(Filename: Assets/Editor/AddressablesModExporter.cs Line: 477)

DisplayProgressbar: Processing Addressable Group
Start importing Assets/AddressableAssetsData/AssetGroups/Schemas/MxModpackW1_BundledAssetGroupSchema.asset using Guid(a6ddd083f2ffd4e42ab007474c3587a3) (NativeFormatImporter) -> (artifact id: 'b176782629c1f5023e9d3ef9d59e2dfd') in 0.0179272 seconds
Start importing Assets/AddressableAssetsData/AssetGroups/MxModpackW1.asset using Guid(97b8a6583c284ec4cadac1d99b49b215) (NativeFormatImporter) -> (artifact id: 'dfd4e3e43d51d3433c2155b5add16257') in 0.0061978 seconds
Start importing Assets/AddressableAssetsData/AssetGroups/Schemas/MxModpackW2_BundledAssetGroupSchema.asset using Guid(fe7da0d12f6c63e4cbe09f0f2b344a7d) (NativeFormatImporter) -> (artifact id: '764a095e3d3a0451a04c60734bfe9ede') in 0.0057572 seconds
Refreshing native plugins compatible for Editor in 2.36 ms, found 6 plugins.
Preloading 0 native plugins for Editor in 0.00 ms.
Asset Pipeline Refresh (id=f890f96368c6539498d93658b0b90f0d): Total: 0.369 seconds - Initiated by StopAssetImportingV2(NoUpdateAssetOptions)
	Summary:
		Imports: total=3 (actual=3, local cache=0, cache server=0)
		Asset DB Process Time: managed=4 ms, native=93 ms
		Asset DB Callback time: managed=259 ms, native=11 ms
		Scripting: domain reloads=0, domain reload time=0 ms, compile time=0 ms, other=0 ms
		Project Asset Count: scripts=1647, non-scripts=4657
		Asset File Changes: new=0, changed=2, moved=0, deleted=0
		Scan Filter Count: 7
	InvokeCustomDependenciesCallbacks: 0.001ms
	InvokePackagesCallback: 0.001ms
	ApplyChangesToAssetFolders: 0.146ms
	Scan: 29.117ms
	OnSourceAssetsModified: 1.358ms
	CategorizeAssetsWithTransientArtifact: 0.040ms
	ProcessAssetsWithTransientArtifactChanges: 0.196ms
	CategorizeAssets: 16.188ms
	ImportOutOfDateAssets: 46.377ms (0.626ms without children)
		ImportManagerImport: 43.395ms (2.570ms without children)
			ImportInProcess: 40.747ms
			UpdateCategorizedAssets: 0.078ms
		ReloadNativeAssets: 0.071ms
		UnloadImportedAssets: 0.306ms
		ReloadImportedAssets: 0.000ms
		EnsureUptoDateAssetsAreRegisteredWithGuidPM: 1.383ms
		InitializingProgressBar: 0.010ms
		PostProcessAllAssetNotificationsAddChangedAssets: 0.002ms
		OnDemandSchedulerStart: 0.584ms
	PostProcessAllAssets: 264.754ms
	Hotreload: 4.195ms
	GatherAllCurrentPrimaryArtifactRevisions: 0.382ms
	UnloadStreamsBegin: 0.073ms
	PersistCurrentRevisions: 0.856ms
	UnloadStreamsEnd: 0.003ms
	Untracked: 5.245ms

DisplayProgressbar: Switch To Build Platform
DisplayProgressbar: Rebuild Sprite Atlas Cache
DisplayProgressbar: Build Player Scripts
[ScriptCompilation] Requested script compilation because: Recompiling all scripts before compiling player scripts because Auto Refresh is disabled.
info: Microsoft.AspNetCore.Hosting.Diagnostics[1]
      Request starting HTTP/2 POST http://ilpp/UnityILPP.PostProcessing/Ping application/grpc -
info: Microsoft.AspNetCore.Routing.EndpointMiddleware[0]
      Executing endpoint 'gRPC - /UnityILPP.PostProcessing/Ping'
info: Microsoft.AspNetCore.Routing.EndpointMiddleware[1]
      Executed endpoint 'gRPC - /UnityILPP.PostProcessing/Ping'
info: Microsoft.AspNetCore.Hosting.Diagnostics[2]
      Request finished HTTP/2 POST http://ilpp/UnityILPP.PostProcessing/Ping application/grpc - - 200 - application/grpc 0.6219ms
Starting: C:\Program Files\Unity\Hub\Editor\2023.2.22f1\Editor\Data\bee_backend.exe --dont-print-to-structured-log --ipc --defer-dag-verification --dagfile="Library/Bee/1900b0aE.dag" --continue-on-failure --profile="Library/Bee/backend1.traceevents" ScriptAssemblies
WorkingDir: C:/MoSim_MX_ModProject
DisplayProgressbar: Compiling Scripts
info: Microsoft.AspNetCore.Hosting.Diagnostics[1]
      Request starting HTTP/2 POST http://ilpp/UnityILPP.PostProcessing/ConfigurePostProcessors application/grpc -
info: Microsoft.AspNetCore.Routing.EndpointMiddleware[0]
      Executing endpoint 'gRPC - /UnityILPP.PostProcessing/ConfigurePostProcessors'
info: Unity.ILPP.Runner.PostProcessingAssemblyLoadContext[0]
      Current configuration matches the requested one, skipping
info: Microsoft.AspNetCore.Routing.EndpointMiddleware[1]
      Executed endpoint 'gRPC - /UnityILPP.PostProcessing/ConfigurePostProcessors'
info: Microsoft.AspNetCore.Hosting.Diagnostics[2]
      Request finished HTTP/2 POST http://ilpp/UnityILPP.PostProcessing/ConfigurePostProcessors application/grpc - - 200 - application/grpc 2.8765ms
ExitCode: 0 Duration: 0s387ms
[ 883/1157  0s] ILPP-Configuration Library/ilpp-configuration.nevergeneratedoutput
*** Tundra build success (0.32 seconds), 1 items updated, 1157 evaluated
[ScriptCompilation] Requested script compilation because: Compiling scripts for player
info: Microsoft.AspNetCore.Hosting.Diagnostics[1]
      Request starting HTTP/2 POST http://ilpp/UnityILPP.PostProcessing/Ping application/grpc -
info: Microsoft.AspNetCore.Routing.EndpointMiddleware[0]
      Executing endpoint 'gRPC - /UnityILPP.PostProcessing/Ping'
info: Microsoft.AspNetCore.Routing.EndpointMiddleware[1]
      Executed endpoint 'gRPC - /UnityILPP.PostProcessing/Ping'
info: Microsoft.AspNetCore.Hosting.Diagnostics[2]
      Request finished HTTP/2 POST http://ilpp/UnityILPP.PostProcessing/Ping application/grpc - - 200 - application/grpc 1.3840ms
Starting: C:\Program Files\Unity\Hub\Editor\2023.2.22f1\Editor\Data\bee_backend.exe --dont-print-to-structured-log --ipc --defer-dag-verification --dagfile="Library/Bee/1900b0aP.dag" --continue-on-failure --profile="Library/Bee/backend1.traceevents" ScriptAssembliesAndTypeDB
WorkingDir: C:/MoSim_MX_ModProject
Total cache size 181613324
Total cache size after purge 181613324
info: Microsoft.AspNetCore.Hosting.Diagnostics[1]
      Request starting HTTP/2 POST http://ilpp/UnityILPP.PostProcessing/ConfigurePostProcessors application/grpc -
info: Microsoft.AspNetCore.Routing.EndpointMiddleware[0]
      Executing endpoint 'gRPC - /UnityILPP.PostProcessing/ConfigurePostProcessors'
info: Unity.ILPP.Runner.PostProcessingAssemblyLoadContext[0]
      ALC ILPP context 1 is unloading
warn: Unity.ILPP.Runner.PostProcessingAssemblyLoadContext[0]
      Assembly system.runtime.interopservices.windowsruntime has duplicate hint path. Ignoring "C:\Program Files\Unity\Hub\Editor\2023.2.22f1\Editor\Data\UnityReferenceAssemblies\unity-4.8-api\Facades\System.Runtime.InteropServices.WindowsRuntime.dll" in favor of "C:\Program Files\Unity\Hub\Editor\2023.2.22f1\Editor\Data\NetStandard\Extensions\2.0.0\System.Runtime.InteropServices.WindowsRuntime.dll"
warn: Unity.ILPP.Runner.PostProcessingAssemblyLoadContext[0]
      Assembly system.componentmodel.composition has duplicate hint path. Ignoring "C:\Program Files\Unity\Hub\Editor\2023.2.22f1\Editor\Data\UnityReferenceAssemblies\unity-4.8-api\System.ComponentModel.Composition.dll" in favor of "C:\Program Files\Unity\Hub\Editor\2023.2.22f1\Editor\Data\NetStandard\compat\2.1.0\shims\netfx\System.ComponentModel.Composition.dll"
info: Unity.ILPP.Runner.PostProcessingAssemblyLoadContext[0]
      Resolved Unity.Burst.Cecil, Version=0.11.4.0, Culture=neutral, PublicKeyToken=50cebf1cceb9d05e with Library\PackageCache\com.unity.burst@1.8.13\Unity.Burst.CodeGen\Unity.Burst.Cecil.dll
info: Unity.ILPP.Runner.PostProcessingAssemblyLoadContext[0]
      Resolved Mono.Cecil, Version=0.11.4.0, Culture=neutral, PublicKeyToken=50cebf1cceb9d05e with Library\PackageCache\com.unity.nuget.mono-cecil@1.11.4\Mono.Cecil.dll
info: Microsoft.AspNetCore.Routing.EndpointMiddleware[1]
      Executed endpoint 'gRPC - /UnityILPP.PostProcessing/ConfigurePostProcessors'
info: Microsoft.AspNetCore.Hosting.Diagnostics[2]
      Request finished HTTP/2 POST http://ilpp/UnityILPP.PostProcessing/ConfigurePostProcessors application/grpc - - 200 - application/grpc 63.4671ms
ExitCode: 0 Duration: 1s395ms
[389/798    0s] WriteResponseFile Library/Bee/artifacts/rsp/4747638433968585886.rsp
[645/798    0s] ILPP-Configuration Library/ilpp-configuration.nevergeneratedoutput
[696/798    0s] CopyFiles Library/PlayerScriptAssemblies/Unity.RenderPipelines.Core.Runtime.Shared.dll
[697/798    0s] CopyFiles Library/PlayerScriptAssemblies/Lynk.dll
[698/798    0s] CopyFiles Library/PlayerScriptAssemblies/ChillOut.dll
[699/798    0s] CopyFiles Library/PlayerScriptAssemblies/Overture.dll
[700/798    0s] CopyFiles Library/PlayerScriptAssemblies/Unity.RenderPipelines.ShaderGraph.ShaderGraphLibrary.dll
[701/798    0s] CopyFiles Library/PlayerScriptAssemblies/Unity.RenderPipelines.Universal.Shaders.dll
[702/798    0s] CopyFiles Library/PlayerScriptAssemblies/Lambot.dll
[703/798    0s] CopyFiles Library/PlayerScriptAssemblies/Unity.Rendering.LightTransport.Runtime.dll
[704/798    0s] CopyFiles Library/PlayerScriptAssemblies/Tecdroid.dll
[705/798    0s] CopyFiles Library/PlayerScriptAssemblies/Blazing Bulldogs.dll
[706/798    0s] CopyFiles Library/PlayerScriptAssemblies/Unity.Recorder.dll
[707/798    0s] CopyFiles Library/PlayerScriptAssemblies/Unity.RenderPipelines.Core.ShaderLibrary.dll
[708/798    0s] CopyFiles Library/PlayerScriptAssemblies/Unity.ScriptableBuildPipeline.dll
[709/798    0s] CopyFiles Library/PlayerScriptAssemblies/Prototype.dll
[710/798    0s] CopyFiles Library/PlayerScriptAssemblies/Assembly-CSharp.dll
[711/798    0s] CopyFiles Library/PlayerScriptAssemblies/OvertureRMX.dll
[712/798    0s] CopyFiles Library/PlayerScriptAssemblies/Unity.Timeline.dll
[713/798    0s] CopyFiles Library/PlayerScriptAssemblies/Unity.RenderPipelines.Universal.2D.Runtime.dll
[714/798    0s] CopyFiles Library/PlayerScriptAssemblies/Quixilver.dll
[715/798    0s] CopyFiles Library/PlayerScriptAssemblies/VOLTEC.dll
[716/798    0s] CopyFiles Library/PlayerScriptAssemblies/GameSystems.dll
[717/798    0s] CopyFiles Library/PlayerScriptAssemblies/MoSimCore.dll
[718/798    0s] CopyFiles Library/PlayerScriptAssemblies/Unity.VisualScripting.State.dll
[719/798    0s] CopyFiles Library/PlayerScriptAssemblies/BREAD.dll
[720/798    0s] CopyFiles Library/PlayerScriptAssemblies/Unity.Splines.dll
[721/798    0s] CopyFiles Library/PlayerScriptAssemblies/Nobi.UiRoundedCorners.dll
[722/798    0s] CopyFiles Library/PlayerScriptAssemblies/Unity.Collections.dll
[723/798    0s] CopyFiles Library/PlayerScriptAssemblies/Unity.Recorder.Base.dll
[724/798    0s] CopyFiles Library/PlayerScriptAssemblies/Unity.Addressables.dll
[725/798    0s] CopyFiles Library/PlayerScriptAssemblies/Unity.AI.Navigation.dll
[726/798    0s] CopyFiles Library/PlayerScriptAssemblies/Reefscape.dll
[727/798    0s] CopyFiles Library/PlayerScriptAssemblies/MoSimLib.dll
[728/798    0s] CopyFiles Library/PlayerScriptAssemblies/TitaniumRams.dll
[729/798    0s] CopyFiles Library/PlayerScriptAssemblies/Firebots.dll
[730/798    0s] CopyFiles Library/PlayerScriptAssemblies/Unity.Profiling.Core.dll
[731/798    0s] CopyFiles Library/PlayerScriptAssemblies/Unity.RenderPipelines.Universal.Runtime.dll
[732/798    0s] CopyFiles Library/PlayerScriptAssemblies/Unity.ResourceManager.dll
[733/798    0s] CopyFiles Library/PlayerScriptAssemblies/Unity.RenderPipelines.Core.Runtime.dll
[734/798    0s] CopyFiles Library/PlayerScriptAssemblies/UnityEngine.UI.dll
[735/798    0s] CopyFiles Library/PlayerScriptAssemblies/Unity.RenderPipeline.Universal.ShaderLibrary.dll
[736/798    0s] CopyFiles Library/PlayerScriptAssemblies/BotbustersGreen.dll
[737/798    0s] CopyFiles Library/PlayerScriptAssemblies/Unity.VisualScripting.Flow.dll
[738/798    0s] CopyFiles Library/PlayerScriptAssemblies/Unity.TextMeshPro.dll
[739/798    0s] CopyFiles Library/PlayerScriptAssemblies/Lynk.pdb
[740/798    0s] CopyFiles Library/PlayerScriptAssemblies/UnityEngine.UI.pdb
[741/798    0s] CopyFiles Library/PlayerScriptAssemblies/VOLTEC.pdb
[742/798    0s] CopyFiles Library/PlayerScriptAssemblies/Unity.Mathematics.dll
[743/798    0s] CopyFiles Library/PlayerScriptAssemblies/Unity.Cinemachine.dll
[744/798    0s] CopyFiles Library/PlayerScriptAssemblies/Tecdroid.pdb
[745/798    0s] CopyFiles Library/PlayerScriptAssemblies/Unity.VisualScripting.Core.dll
[746/798    0s] CopyFiles Library/PlayerScriptAssemblies/Unity.Burst.dll
[747/798    0s] CopyFiles Library/PlayerScriptAssemblies/Unity.InputSystem.ForUI.dll
[748/798    0s] CopyFiles Library/PlayerScriptAssemblies/Unity.RenderPipelines.Universal.2D.Runtime.pdb
[749/798    0s] CopyFiles Library/PlayerScriptAssemblies/Blazing Bulldogs.pdb
[750/798    0s] CopyFiles Library/PlayerScriptAssemblies/Unity.Rendering.LightTransport.Runtime.pdb
[751/798    0s] CopyFiles Library/PlayerScriptAssemblies/Unity.Recorder.pdb
[752/798    0s] CopyFiles Library/PlayerScriptAssemblies/Lambot.pdb
[753/798    0s] CopyFiles Library/PlayerScriptAssemblies/Overture.pdb
[754/798    0s] CopyFiles Library/PlayerScriptAssemblies/Unity.Collections.pdb
[755/798    0s] CopyFiles Library/PlayerScriptAssemblies/Unity.RenderPipelines.Universal.Shaders.pdb
[756/798    0s] CopyFiles Library/PlayerScriptAssemblies/RobotFramework.pdb
[757/798    0s] CopyFiles Library/PlayerScriptAssemblies/BREAD.pdb
[758/798    0s] CopyFiles Library/PlayerScriptAssemblies/ChillOut.pdb
[759/798    0s] CopyFiles Library/PlayerScriptAssemblies/Unity.InputSystem.pdb
[760/798    0s] CopyFiles Library/PlayerScriptAssemblies/Unity.Timeline.pdb
[761/798    0s] CopyFiles Library/PlayerScriptAssemblies/Unity.RenderPipelines.Core.Runtime.Shared.pdb
[762/798    0s] CopyFiles Library/PlayerScriptAssemblies/Assembly-CSharp.pdb
[763/798    0s] CopyFiles Library/PlayerScriptAssemblies/RobotFramework.dll
[764/798    0s] CopyFiles Library/PlayerScriptAssemblies/Unity.RenderPipelines.ShaderGraph.ShaderGraphLibrary.pdb
[765/798    0s] CopyFiles Library/PlayerScriptAssemblies/Unity.RenderPipelines.Universal.Runtime.pdb
[766/798    0s] CopyFiles Library/PlayerScriptAssemblies/Unity.RenderPipelines.Core.Runtime.pdb
[767/798    0s] CopyFiles Library/PlayerScriptAssemblies/Unity.ResourceManager.pdb
[768/798    0s] CopyFiles Library/PlayerScriptAssemblies/Unity.AI.Navigation.pdb
[769/798    0s] CopyFiles Library/PlayerScriptAssemblies/Unity.VisualScripting.State.pdb
[770/798    0s] CopyFiles Library/PlayerScriptAssemblies/Unity.Mathematics.pdb
[771/798    0s] CopyFiles Library/PlayerScriptAssemblies/Unity.TextMeshPro.pdb
[772/798    0s] CopyFiles Library/PlayerScriptAssemblies/Unity.Cinemachine.pdb
[773/798    0s] CopyFiles Library/PlayerScriptAssemblies/Firebots.pdb
[774/798    0s] CopyFiles Library/PlayerScriptAssemblies/MoSimLib.pdb
[775/798    0s] CopyFiles Library/PlayerScriptAssemblies/Unity.Profiling.Core.pdb
[776/798    0s] CopyFiles Library/PlayerScriptAssemblies/Nobi.UiRoundedCorners.pdb
[777/798    0s] CopyFiles Library/PlayerScriptAssemblies/Unity.Addressables.pdb
[778/798    0s] CopyFiles Library/PlayerScriptAssemblies/BotbustersGreen.pdb
[779/798    0s] CopyFiles Library/PlayerScriptAssemblies/Unity.Burst.pdb
[780/798    0s] CopyFiles Library/PlayerScriptAssemblies/Unity.InputSystem.dll
[781/798    0s] CopyFiles Library/PlayerScriptAssemblies/TitaniumRams.pdb
[782/798    0s] CopyFiles Library/PlayerScriptAssemblies/Reefscape.pdb
[783/798    0s] CopyFiles Library/PlayerScriptAssemblies/Prototype.pdb
[784/798    0s] CopyFiles Library/PlayerScriptAssemblies/Unity.VisualScripting.Core.pdb
[785/798    0s] CopyFiles Library/PlayerScriptAssemblies/Unity.Splines.pdb
[786/798    0s] CopyFiles Library/PlayerScriptAssemblies/Unity.ScriptableBuildPipeline.pdb
[787/798    0s] CopyFiles Library/PlayerScriptAssemblies/Quixilver.pdb
[788/798    0s] CopyFiles Library/PlayerScriptAssemblies/Unity.RenderPipelines.Core.ShaderLibrary.pdb
[789/798    0s] CopyFiles Library/PlayerScriptAssemblies/Unity.InputSystem.ForUI.pdb
[790/798    0s] CopyFiles Library/PlayerScriptAssemblies/Unity.RenderPipeline.Universal.ShaderLibrary.pdb
[791/798    0s] CopyFiles Library/PlayerScriptAssemblies/OvertureRMX.pdb
[792/798    0s] CopyFiles Library/PlayerScriptAssemblies/MoSimCore.pdb
[793/798    0s] CopyFiles Library/PlayerScriptAssemblies/GameSystems.pdb
[794/798    0s] CopyFiles Library/PlayerScriptAssemblies/Unity.Recorder.Base.pdb
[795/798    0s] CopyFiles Library/PlayerScriptAssemblies/Unity.VisualScripting.Flow.pdb
*** Tundra build success (1.32 seconds), 102 items updated, 798 evaluated
info: Microsoft.AspNetCore.Hosting.Diagnostics[1]
      Request starting HTTP/2 POST http://ilpp/UnityILPP.PostProcessing/Ping application/grpc -
info: Microsoft.AspNetCore.Routing.EndpointMiddleware[0]
      Executing endpoint 'gRPC - /UnityILPP.PostProcessing/Ping'
info: Microsoft.AspNetCore.Routing.EndpointMiddleware[1]
      Executed endpoint 'gRPC - /UnityILPP.PostProcessing/Ping'
info: Microsoft.AspNetCore.Hosting.Diagnostics[2]
      Request finished HTTP/2 POST http://ilpp/UnityILPP.PostProcessing/Ping application/grpc - - 200 - application/grpc 0.5932ms
Starting: C:\Program Files\Unity\Hub\Editor\2023.2.22f1\Editor\Data\bee_backend.exe --dont-print-to-structured-log --ipc --defer-dag-verification --dagfile="Library/Bee/1900b0aE.dag" --continue-on-failure --profile="Library/Bee/backend1.traceevents" ScriptAssembliesAndTypeDB
WorkingDir: C:/MoSim_MX_ModProject
Total cache size 181613324
Total cache size after purge 181613324
info: Microsoft.AspNetCore.Hosting.Diagnostics[1]
      Request starting HTTP/2 POST http://ilpp/UnityILPP.PostProcessing/ConfigurePostProcessors application/grpc -
info: Microsoft.AspNetCore.Routing.EndpointMiddleware[0]
      Executing endpoint 'gRPC - /UnityILPP.PostProcessing/ConfigurePostProcessors'
info: Unity.ILPP.Runner.PostProcessingAssemblyLoadContext[0]
      ALC ILPP context 2 is unloading
warn: Unity.ILPP.Runner.PostProcessingAssemblyLoadContext[0]
      Assembly system.runtime.interopservices.windowsruntime has duplicate hint path. Ignoring "C:\Program Files\Unity\Hub\Editor\2023.2.22f1\Editor\Data\UnityReferenceAssemblies\unity-4.8-api\Facades\System.Runtime.InteropServices.WindowsRuntime.dll" in favor of "C:\Program Files\Unity\Hub\Editor\2023.2.22f1\Editor\Data\NetStandard\Extensions\2.0.0\System.Runtime.InteropServices.WindowsRuntime.dll"
warn: Unity.ILPP.Runner.PostProcessingAssemblyLoadContext[0]
      Assembly system.componentmodel.composition has duplicate hint path. Ignoring "C:\Program Files\Unity\Hub\Editor\2023.2.22f1\Editor\Data\UnityReferenceAssemblies\unity-4.8-api\System.ComponentModel.Composition.dll" in favor of "C:\Program Files\Unity\Hub\Editor\2023.2.22f1\Editor\Data\NetStandard\compat\2.1.0\shims\netfx\System.ComponentModel.Composition.dll"
info: Unity.ILPP.Runner.PostProcessingAssemblyLoadContext[0]
      Resolved Unity.Burst.Cecil, Version=0.11.4.0, Culture=neutral, PublicKeyToken=50cebf1cceb9d05e with Library\PackageCache\com.unity.burst@1.8.13\Unity.Burst.CodeGen\Unity.Burst.Cecil.dll
info: Unity.ILPP.Runner.PostProcessingAssemblyLoadContext[0]
      Resolved Mono.Cecil, Version=0.11.4.0, Culture=neutral, PublicKeyToken=50cebf1cceb9d05e with Library\PackageCache\com.unity.nuget.mono-cecil@1.11.4\Mono.Cecil.dll
info: Microsoft.AspNetCore.Routing.EndpointMiddleware[1]
      Executed endpoint 'gRPC - /UnityILPP.PostProcessing/ConfigurePostProcessors'
info: Microsoft.AspNetCore.Hosting.Diagnostics[2]
      Request finished HTTP/2 POST http://ilpp/UnityILPP.PostProcessing/ConfigurePostProcessors application/grpc - - 200 - application/grpc 26.6128ms
ExitCode: 0 Duration: 0s417ms
[ 473/1159  0s] WriteResponseFile Library/Bee/artifacts/rsp/4747638433968585886.rsp
[ 883/1159  0s] ILPP-Configuration Library/ilpp-configuration.nevergeneratedoutput
*** Tundra build success (0.36 seconds), 2 items updated, 1159 evaluated
DisplayProgressbar: Post Scripts Callback
DisplayProgressbar: Calculate Scene Dependency Data
DisplayProgressbar: Calculate Asset Dependency Data
Total cache size 181613324
Total cache size after purge 181613324
Refreshing native plugins compatible for Editor in 11.34 ms, found 6 plugins.
Preloading 0 native plugins for Editor in 0.00 ms.
DisplayProgressbar: Add Hash To Bundle Name Task
DisplayProgressbar: Strip Unused Sprite Sources
DisplayProgressbar: Create Built In Bundle
DisplayProgressbar: Create Mono Script Bundle
DisplayProgressbar: Post Dependency Callback
DisplayProgressbar: Generate Bundle Packing
DisplayProgressbar: Update Bundle Object Layout
DisplayProgressbar: Generate Bundle Commands
DisplayProgressbar: Generate Sub Asset Path Maps
DisplayProgressbar: Generate Bundle Maps
DisplayProgressbar: Post Packing Callback
DisplayProgressbar: Write Serialized Files
Compiling shader "Shader Graphs/LEDs" pass "Universal Forward" (vp)
Launched and connected shader compiler UnityShaderCompiler.exe after 0.11 seconds
    Full variant space:         221184
    After settings filtering:   12288
    After built-in stripping:   24
    After scriptable stripping: 3
    Processed in 0.73 seconds
    starting compilation...
    finished in 0.28 seconds. Local cache hits 3 (0.85s CPU time), remote cache hits 0 (0.00s CPU time), compiled 0 variants (0.00s CPU time), skipped 0 variants
    Prepared data for serialisation in 0.00s
Compiling shader "Shader Graphs/LEDs" pass "Universal Forward" (fp)
    Full variant space:         1132462080
    After settings filtering:   61440
    After built-in stripping:   120
    After scriptable stripping: 18
    Processed in 0.00 seconds
    starting compilation...
    finished in 0.02 seconds. Local cache hits 18 (0.21s CPU time), remote cache hits 0 (0.00s CPU time), compiled 0 variants (0.00s CPU time), skipped 0 variants
    Prepared data for serialisation in 0.00s
Compiling shader "Shader Graphs/LEDs" pass "GBuffer" (vp)
    Full variant space:         24576
    After settings filtering:   8192
    After built-in stripping:   16
    After scriptable stripping: 0
    Processed in 0.00 seconds
    Prepared data for serialisation in 0.00s
Compiling shader "Shader Graphs/LEDs" pass "ShadowCaster" (vp)
    Full variant space:         16
    After settings filtering:   16
    After built-in stripping:   4
    After scriptable stripping: 2
    Processed in 0.00 seconds
    starting compilation...
    finished in 0.01 seconds. Local cache hits 2 (0.01s CPU time), remote cache hits 0 (0.00s CPU time), compiled 0 variants (0.00s CPU time), skipped 0 variants
    Prepared data for serialisation in 0.00s
Compiling shader "Shader Graphs/LEDs" pass "ShadowCaster" (fp)
    Full variant space:         8
    After settings filtering:   8
    After built-in stripping:   2
    After scriptable stripping: 1
    Processed in 0.00 seconds
    starting compilation...
    finished in 0.01 seconds. Local cache hits 1 (0.01s CPU time), remote cache hits 0 (0.00s CPU time), compiled 0 variants (0.00s CPU time), skipped 0 variants
    Prepared data for serialisation in 0.00s
Compiling shader "Shader Graphs/LEDs" pass "MotionVectors" (vp)
    Full variant space:         8
    After settings filtering:   8
    After built-in stripping:   2
    After scriptable stripping: 1
    Processed in 0.00 seconds
    starting compilation...
    finished in 0.01 seconds. Local cache hits 1 (0.01s CPU time), remote cache hits 0 (0.00s CPU time), compiled 0 variants (0.00s CPU time), skipped 0 variants
    Prepared data for serialisation in 0.00s
Compiling shader "Shader Graphs/LEDs" pass "MotionVectors" (fp)
    Full variant space:         16
    After settings filtering:   8
    After built-in stripping:   2
    After scriptable stripping: 1
    Processed in 0.00 seconds
    starting compilation...
    finished in 0.01 seconds. Local cache hits 1 (0.01s CPU time), remote cache hits 0 (0.00s CPU time), compiled 0 variants (0.00s CPU time), skipped 0 variants
    Prepared data for serialisation in 0.00s
Compiling shader "Shader Graphs/LEDs" pass "DepthOnly" (vp)
    Full variant space:         8
    After settings filtering:   8
    After built-in stripping:   2
    After scriptable stripping: 1
    Processed in 0.00 seconds
    starting compilation...
    finished in 0.01 seconds. Local cache hits 1 (0.01s CPU time), remote cache hits 0 (0.00s CPU time), compiled 0 variants (0.00s CPU time), skipped 0 variants
    Prepared data for serialisation in 0.00s
Compiling shader "Shader Graphs/LEDs" pass "DepthOnly" (fp)
    Full variant space:         8
    After settings filtering:   8
    After built-in stripping:   2
    After scriptable stripping: 1
    Processed in 0.00 seconds
    starting compilation...
    finished in 0.01 seconds. Local cache hits 1 (0.00s CPU time), remote cache hits 0 (0.00s CPU time), compiled 0 variants (0.00s CPU time), skipped 0 variants
    Prepared data for serialisation in 0.00s
Compiling shader "Shader Graphs/LEDs" pass "DepthNormals" (vp)
    Full variant space:         8
    After settings filtering:   8
    After built-in stripping:   2
    After scriptable stripping: 1
    Processed in 0.00 seconds
    starting compilation...
    finished in 0.00 seconds. Local cache hits 1 (0.00s CPU time), remote cache hits 0 (0.00s CPU time), compiled 0 variants (0.00s CPU time), skipped 0 variants
    Prepared data for serialisation in 0.00s
Compiling shader "Shader Graphs/LEDs" pass "DepthNormals" (fp)
    Full variant space:         16
    After settings filtering:   8
    After built-in stripping:   2
    After scriptable stripping: 1
    Processed in 0.00 seconds
    starting compilation...
    finished in 0.00 seconds. Local cache hits 1 (0.00s CPU time), remote cache hits 0 (0.00s CPU time), compiled 0 variants (0.00s CPU time), skipped 0 variants
    Prepared data for serialisation in 0.00s
Compiling shader "Shader Graphs/LEDs" pass "Universal 2D" (vp)
    Full variant space:         2
    After settings filtering:   2
    After built-in stripping:   2
    After scriptable stripping: 1
    Processed in 0.00 seconds
    starting compilation...
    finished in 0.01 seconds. Local cache hits 1 (0.01s CPU time), remote cache hits 0 (0.00s CPU time), compiled 0 variants (0.00s CPU time), skipped 0 variants
    Prepared data for serialisation in 0.00s
Compiling shader "Shader Graphs/LEDs" pass "Universal 2D" (fp)
    Full variant space:         2
    After settings filtering:   2
    After built-in stripping:   2
    After scriptable stripping: 1
    Processed in 0.00 seconds
    starting compilation...
    finished in 0.01 seconds. Local cache hits 1 (0.00s CPU time), remote cache hits 0 (0.00s CPU time), compiled 0 variants (0.00s CPU time), skipped 0 variants
    Prepared data for serialisation in 0.00s
Serialized binary data for shader Shader Graphs/LEDs in 0.00s
    d3d11 (total internal programs: 32, unique: 32)
Compiling shader "Hidden/Core/FallbackError" pass "" (vp)
    Full variant space:         3
    After settings filtering:   3
    After built-in stripping:   1
    After scriptable stripping: 1
    Processed in 0.00 seconds
    starting compilation...
    finished in 0.01 seconds. Local cache hits 1 (0.01s CPU time), remote cache hits 0 (0.00s CPU time), compiled 0 variants (0.00s CPU time), skipped 0 variants
    Prepared data for serialisation in 0.00s
Compiling shader "Hidden/Core/FallbackError" pass "" (fp)
    Full variant space:         3
    After settings filtering:   3
    After built-in stripping:   1
    After scriptable stripping: 1
    Processed in 0.00 seconds
    starting compilation...
    finished in 0.00 seconds. Local cache hits 1 (0.00s CPU time), remote cache hits 0 (0.00s CPU time), compiled 0 variants (0.00s CPU time), skipped 0 variants
    Prepared data for serialisation in 0.00s
Serialized binary data for shader Hidden/Core/FallbackError in 0.00s
    d3d11 (total internal programs: 2, unique: 2)
Compiling shader "Universal Render Pipeline/Lit" pass "ForwardLit" (vp)
    Full variant space:         884736
    After settings filtering:   24576
    After built-in stripping:   96
    After scriptable stripping: 12
    Processed in 0.00 seconds
    starting compilation...
    finished in 0.01 seconds. Local cache hits 12 (0.14s CPU time), remote cache hits 0 (0.00s CPU time), compiled 0 variants (0.00s CPU time), skipped 0 variants
    Prepared data for serialisation in 0.00s
Compiling shader "Universal Render Pipeline/Lit" pass "ForwardLit" (fp)
    Full variant space:         18119393280
    After settings filtering:   983040
    After built-in stripping:   3840
    After scriptable stripping: 576
    Processed in 0.05 seconds
    starting compilation...
    finished in 1.31 seconds. Local cache hits 576 (8.97s CPU time), remote cache hits 0 (0.00s CPU time), compiled 0 variants (0.00s CPU time), skipped 0 variants
    Prepared data for serialisation in 0.02s
Compiling shader "Universal Render Pipeline/Lit" pass "ShadowCaster" (vp)
    Full variant space:         8
    After settings filtering:   8
    After built-in stripping:   4
    After scriptable stripping: 4
    Processed in 0.00 seconds
    starting compilation...
    finished in 0.01 seconds. Local cache hits 4 (0.02s CPU time), remote cache hits 0 (0.00s CPU time), compiled 0 variants (0.00s CPU time), skipped 0 variants
    Prepared data for serialisation in 0.00s
Compiling shader "Universal Render Pipeline/Lit" pass "ShadowCaster" (fp)
    Full variant space:         16
    After settings filtering:   16
    After built-in stripping:   8
    After scriptable stripping: 8
    Processed in 0.00 seconds
    starting compilation...
    finished in 0.01 seconds. Local cache hits 8 (0.05s CPU time), remote cache hits 0 (0.00s CPU time), compiled 0 variants (0.00s CPU time), skipped 0 variants
    Prepared data for serialisation in 0.00s
Compiling shader "Universal Render Pipeline/Lit" pass "GBuffer" (vp)
    Full variant space:         3072
    After settings filtering:   1024
    After built-in stripping:   16
    After scriptable stripping: 0
    Processed in 0.00 seconds
    Prepared data for serialisation in 0.00s
Compiling shader "Universal Render Pipeline/Lit" pass "DepthOnly" (vp)
    Full variant space:         4
    After settings filtering:   4
    After built-in stripping:   2
    After scriptable stripping: 2
    Processed in 0.00 seconds
    starting compilation...
    finished in 0.00 seconds. Local cache hits 2 (0.01s CPU time), remote cache hits 0 (0.00s CPU time), compiled 0 variants (0.00s CPU time), skipped 0 variants
    Prepared data for serialisation in 0.00s
Compiling shader "Universal Render Pipeline/Lit" pass "DepthOnly" (fp)
    Full variant space:         16
    After settings filtering:   16
    After built-in stripping:   8
    After scriptable stripping: 8
    Processed in 0.00 seconds
    starting compilation...
    finished in 0.01 seconds. Local cache hits 8 (0.05s CPU time), remote cache hits 0 (0.00s CPU time), compiled 0 variants (0.00s CPU time), skipped 0 variants
    Prepared data for serialisation in 0.00s
Compiling shader "Universal Render Pipeline/Lit" pass "DepthNormals" (vp)
    Full variant space:         8
    After settings filtering:   8
    After built-in stripping:   4
    After scriptable stripping: 4
    Processed in 0.00 seconds
    starting compilation...
    finished in 0.00 seconds. Local cache hits 4 (0.02s CPU time), remote cache hits 0 (0.00s CPU time), compiled 0 variants (0.00s CPU time), skipped 0 variants
    Prepared data for serialisation in 0.00s
Compiling shader "Universal Render Pipeline/Lit" pass "DepthNormals" (fp)
    Full variant space:         48
    After settings filtering:   24
    After built-in stripping:   12
    After scriptable stripping: 12
    Processed in 0.00 seconds
    starting compilation...
    finished in 0.01 seconds. Local cache hits 12 (0.08s CPU time), remote cache hits 0 (0.00s CPU time), compiled 0 variants (0.00s CPU time), skipped 0 variants
    Prepared data for serialisation in 0.00s
Compiling shader "Universal Render Pipeline/Lit" pass "Universal2D" (vp)
    Full variant space:         2
    After settings filtering:   2
    After built-in stripping:   1
    After scriptable stripping: 0
    Processed in 0.00 seconds
    Prepared data for serialisation in 0.00s
Compiling shader "Universal Render Pipeline/Lit" pass "MotionVectors" (vp)
    Full variant space:         8
    After settings filtering:   8
    After built-in stripping:   4
    After scriptable stripping: 2
    Processed in 0.00 seconds
    starting compilation...
    finished in 0.00 seconds. Local cache hits 2 (0.01s CPU time), remote cache hits 0 (0.00s CPU time), compiled 0 variants (0.00s CPU time), skipped 0 variants
    Prepared data for serialisation in 0.00s
Compiling shader "Universal Render Pipeline/Lit" pass "MotionVectors" (fp)
    Full variant space:         16
    After settings filtering:   16
    After built-in stripping:   8
    After scriptable stripping: 4
    Processed in 0.00 seconds
    starting compilation...
    finished in 0.01 seconds. Local cache hits 4 (0.02s CPU time), remote cache hits 0 (0.00s CPU time), compiled 0 variants (0.00s CPU time), skipped 0 variants
    Prepared data for serialisation in 0.00s
Serialized binary data for shader Universal Render Pipeline/Lit in 0.00s
    d3d11 (total internal programs: 632, unique: 632)
Compressed shader 'Universal Render Pipeline/Lit' on d3d11 from 8.15MB to 0.85MB
Compressed shader 'Universal Render Pipeline/Lit' in 0.42s
Compiling shader "TextMeshPro/Distance Field" pass "" (vp)
    Full variant space:         4
    After settings filtering:   4
    After built-in stripping:   4
    After scriptable stripping: 4
    Processed in 0.00 seconds
    starting compilation...
    finished in 0.01 seconds. Local cache hits 4 (0.02s CPU time), remote cache hits 0 (0.00s CPU time), compiled 0 variants (0.00s CPU time), skipped 0 variants
    Prepared data for serialisation in 0.00s
Compiling shader "TextMeshPro/Distance Field" pass "" (fp)
    Full variant space:         4
    After settings filtering:   4
    After built-in stripping:   4
    After scriptable stripping: 4
    Processed in 0.00 seconds
    starting compilation...
    finished in 0.00 seconds. Local cache hits 4 (0.02s CPU time), remote cache hits 0 (0.00s CPU time), compiled 0 variants (0.00s CPU time), skipped 0 variants
    Prepared data for serialisation in 0.00s
Serialized binary data for shader TextMeshPro/Distance Field in 0.00s
    d3d11 (total internal programs: 8, unique: 8)
Compiling shader "Hidden/Universal Render Pipeline/FallbackError" pass "" (vp)
    Full variant space:         6
    After settings filtering:   6
    After built-in stripping:   1
    After scriptable stripping: 1
    Processed in 0.00 seconds
    starting compilation...
    finished in 0.01 seconds. Local cache hits 1 (0.01s CPU time), remote cache hits 0 (0.00s CPU time), compiled 0 variants (0.00s CPU time), skipped 0 variants
    Prepared data for serialisation in 0.00s
Compiling shader "Hidden/Universal Render Pipeline/FallbackError" pass "" (fp)
    Full variant space:         6
    After settings filtering:   6
    After built-in stripping:   1
    After scriptable stripping: 1
    Processed in 0.00 seconds
    starting compilation...
    finished in 0.00 seconds. Local cache hits 1 (0.00s CPU time), remote cache hits 0 (0.00s CPU time), compiled 0 variants (0.00s CPU time), skipped 0 variants
    Prepared data for serialisation in 0.00s
Serialized binary data for shader Hidden/Universal Render Pipeline/FallbackError in 0.00s
    d3d11 (total internal programs: 2, unique: 2)
Compiling shader "Hidden/Shader Graph/FallbackError" pass "" (vp)
    Full variant space:         4
    After settings filtering:   4
    After built-in stripping:   1
    After scriptable stripping: 1
    Processed in 0.00 seconds
    starting compilation...
    finished in 0.01 seconds. Local cache hits 1 (0.01s CPU time), remote cache hits 0 (0.00s CPU time), compiled 0 variants (0.00s CPU time), skipped 0 variants
    Prepared data for serialisation in 0.00s
Compiling shader "Hidden/Shader Graph/FallbackError" pass "" (fp)
    Full variant space:         4
    After settings filtering:   4
    After built-in stripping:   1
    After scriptable stripping: 1
    Processed in 0.00 seconds
    starting compilation...
    finished in 0.00 seconds. Local cache hits 1 (0.00s CPU time), remote cache hits 0 (0.00s CPU time), compiled 0 variants (0.00s CPU time), skipped 0 variants
    Prepared data for serialisation in 0.00s
Serialized binary data for shader Hidden/Shader Graph/FallbackError in 0.00s
    d3d11 (total internal programs: 2, unique: 2)
Compiling shader "TextMeshPro/Mobile/Distance Field" pass "" (vp)
    Full variant space:         8
    After settings filtering:   8
    After built-in stripping:   8
    After scriptable stripping: 8
    Processed in 0.00 seconds
    starting compilation...
    finished in 0.01 seconds. Local cache hits 8 (0.07s CPU time), remote cache hits 0 (0.00s CPU time), compiled 0 variants (0.00s CPU time), skipped 0 variants
    Prepared data for serialisation in 0.00s
Compiling shader "TextMeshPro/Mobile/Distance Field" pass "" (fp)
    Full variant space:         8
    After settings filtering:   8
    After built-in stripping:   8
    After scriptable stripping: 8
    Processed in 0.00 seconds
    starting compilation...
    finished in 0.01 seconds. Local cache hits 8 (0.05s CPU time), remote cache hits 0 (0.00s CPU time), compiled 0 variants (0.00s CPU time), skipped 0 variants
    Prepared data for serialisation in 0.00s
Serialized binary data for shader TextMeshPro/Mobile/Distance Field in 0.00s
    d3d11 (total internal programs: 16, unique: 16)
Compressed shader 'TextMeshPro/Mobile/Distance Field' on d3d11 from 1.28MB to 0.12MB
Compressed shader 'TextMeshPro/Mobile/Distance Field' in 0.01s
Request Asset Garbage Collect because used heap size increased from 210.8 MB to 2.39 GB, exceeding the threshold of 2.00 GB.
Unloading 510 Unused Serialized files (Serialized files now loaded: 0)
[Licensing::Client] Successfully resolved entitlements
Unloading 130844 unused Assets / (1.49 GB). Loaded Objects now: 8068.
Memory consumption went from 2.38 GB to 0.89 GB.
Total: 585.017400 ms (FindLiveObjects: 27.721400 ms CreateObjectMapping: 17.057400 ms MarkObjects: 272.832000 ms  DeleteObjects: 267.402800 ms)

DisplayProgressbar: Archive And Compress Bundles
DisplayProgressbar: Generate Location Lists Task
[Licensing::Client] Successfully resolved entitlements
DisplayProgressbar: Post Writing Callback
DisplayProgressbar: Extract Data Task
Unloading 298 Unused Serialized files (Serialized files now loaded: 0)
Unloading 129948 unused Assets / (1.44 GB). Loaded Objects now: 8067.
Memory consumption went from 2.20 GB to 0.76 GB.
Total: 250.401800 ms (FindLiveObjects: 7.165900 ms CreateObjectMapping: 15.212100 ms MarkObjects: 60.159600 ms  DeleteObjects: 167.862200 ms)

DisplayProgressbar: Post Processing AssetBundles
DisplayProgressbar: Post Processing Catalog Entries
Addressable content successfully built (duration : 0:03:42.523)
UnityEngine.Debug:ExtractStackTraceNoAlloc (byte*,int,string)
UnityEngine.StackTraceUtility:ExtractStackTrace ()
UnityEngine.DebugLogHandler:Internal_Log (UnityEngine.LogType,UnityEngine.LogOption,string,UnityEngine.Object)
UnityEngine.DebugLogHandler:LogFormat (UnityEngine.LogType,UnityEngine.Object,string,object[])
UnityEngine.Logger:Log (UnityEngine.LogType,object)
UnityEngine.Debug:Log (object)
UnityEditor.AddressableAssets.Settings.AddressableAssetSettings:BuildPlayerContentImpl (UnityEditor.AddressableAssets.Build.AddressablesDataBuilderInput,bool) (at ./Library/PackageCache/com.unity.addressables@2.7.6/Editor/Settings/AddressableAssetSettings.cs:3092)
UnityEditor.AddressableAssets.Settings.AddressableAssetSettings:BuildPlayerContent (UnityEditor.AddressableAssets.Build.AddressablesPlayerBuildResult&,UnityEditor.AddressableAssets.Build.AddressablesDataBuilderInput) (at ./Library/PackageCache/com.unity.addressables@2.7.6/Editor/Settings/AddressableAssetSettings.cs:2994)
UnityEditor.AddressableAssets.Settings.AddressableAssetSettings:BuildPlayerContent (UnityEditor.AddressableAssets.Build.AddressablesPlayerBuildResult&) (at ./Library/PackageCache/com.unity.addressables@2.7.6/Editor/Settings/AddressableAssetSettings.cs:2971)
Editor.AddressablesModExporter:BuildOneGroup (UnityEditor.AddressableAssets.Settings.AddressableAssetSettings,Editor.AddressablesModExporter/ModBuildSpec) (at Assets/Editor/AddressablesModExporter.cs:478)
Editor.AddressablesModExporter:BuildAndExport (System.Collections.Generic.List`1<Editor.AddressablesModExporter/ModBuildSpec>) (at Assets/Editor/AddressablesModExporter.cs:361)
Editor.AddressablesModExporter:BuildFromCommandLine () (at Assets/Editor/AddressablesModExporter.cs:624)

(Filename: ./Library/PackageCache/com.unity.addressables@2.7.6/Editor/Settings/AddressableAssetSettings.cs Line: 3092)

Start importing Assets/AddressableAssetsData/Windows/addressables_content_state.bin using Guid(a377a71c866eea74397f2a7719f8e19d) (DefaultImporter) -> (artifact id: '0b5936f32f47cb95249098cd70626a7a') in 0.1326908 seconds
Refreshing native plugins compatible for Editor in 2.79 ms, found 6 plugins.
Preloading 0 native plugins for Editor in 0.00 ms.
Asset Pipeline Refresh (id=24e0f23ac8eeeac4c9aefa440607d342): Total: 0.807 seconds - Initiated by RefreshV2(NoUpdateAssetOptions)
	Summary:
		Imports: total=1 (actual=1, local cache=0, cache server=0)
		Asset DB Process Time: managed=1 ms, native=716 ms
		Asset DB Callback time: managed=13 ms, native=75 ms
		Scripting: domain reloads=0, domain reload time=0 ms, compile time=0 ms, other=0 ms
		Project Asset Count: scripts=1647, non-scripts=4657
		Asset File Changes: new=0, changed=1, moved=0, deleted=0
		Scan Filter Count: 0
	InvokeCustomDependenciesCallbacks: 0.009ms
	InvokePackagesCallback: 0.002ms
	ApplyChangesToAssetFolders: 1.048ms
	Scan: 86.412ms
	OnSourceAssetsModified: 1.026ms
	CategorizeAssetsWithTransientArtifact: 1.392ms
	ProcessAssetsWithTransientArtifactChanges: 2.308ms
	CategorizeAssets: 357.387ms
	ImportOutOfDateAssets: 145.143ms (1.114ms without children)
		ImportManagerImport: 140.885ms (0.865ms without children)
			ImportInProcess: 139.991ms
			UpdateCategorizedAssets: 0.029ms
		ReloadNativeAssets: 0.454ms
		UnloadImportedAssets: 0.201ms
		ReloadImportedAssets: 0.000ms
		EnsureUptoDateAssetsAreRegisteredWithGuidPM: 1.172ms
		InitializingProgressBar: 0.532ms
		PostProcessAllAssetNotificationsAddChangedAssets: 0.001ms
		OnDemandSchedulerStart: 0.784ms
	PostProcessAllAssets: 36.254ms
	Hotreload: 50.809ms
	GatherAllCurrentPrimaryArtifactRevisions: 4.079ms
	UnloadStreamsBegin: 0.090ms
	PersistCurrentRevisions: 0.368ms
	UnloadStreamsEnd: 0.004ms
	Untracked: 120.219ms

Zipped mod folder to C:/MoSim_MX_ModProject/Assets\..\Mods\MxModpackW1 v4.4.2 Windows.zip
UnityEngine.Debug:ExtractStackTraceNoAlloc (byte*,int,string)
UnityEngine.StackTraceUtility:ExtractStackTrace ()
UnityEngine.DebugLogHandler:Internal_Log (UnityEngine.LogType,UnityEngine.LogOption,string,UnityEngine.Object)
UnityEngine.DebugLogHandler:LogFormat (UnityEngine.LogType,UnityEngine.Object,string,object[])
UnityEngine.Logger:Log (UnityEngine.LogType,object)
UnityEngine.Debug:Log (object)
Editor.AddressablesModExporter:ZipAndCleanup (string,string,string,string,string) (at Assets/Editor/AddressablesModExporter.cs:547)
Editor.AddressablesModExporter:ExportGroup (string,string,string) (at Assets/Editor/AddressablesModExporter.cs:525)
Editor.AddressablesModExporter:BuildAndExport (System.Collections.Generic.List`1<Editor.AddressablesModExporter/ModBuildSpec>) (at Assets/Editor/AddressablesModExporter.cs:366)
Editor.AddressablesModExporter:BuildFromCommandLine () (at Assets/Editor/AddressablesModExporter.cs:624)

(Filename: Assets/Editor/AddressablesModExporter.cs Line: 547)

Building addressables for: MxModpackW2 (target: StandaloneWindows64, prefix: mxmodpackw2)
UnityEngine.Debug:ExtractStackTraceNoAlloc (byte*,int,string)
UnityEngine.StackTraceUtility:ExtractStackTrace ()
UnityEngine.DebugLogHandler:Internal_Log (UnityEngine.LogType,UnityEngine.LogOption,string,UnityEngine.Object)
UnityEngine.DebugLogHandler:LogFormat (UnityEngine.LogType,UnityEngine.Object,string,object[])
UnityEngine.Logger:Log (UnityEngine.LogType,object)
UnityEngine.Debug:Log (object)
Editor.AddressablesModExporter:BuildOneGroup (UnityEditor.AddressableAssets.Settings.AddressableAssetSettings,Editor.AddressablesModExporter/ModBuildSpec) (at Assets/Editor/AddressablesModExporter.cs:477)
Editor.AddressablesModExporter:BuildAndExport (System.Collections.Generic.List`1<Editor.AddressablesModExporter/ModBuildSpec>) (at Assets/Editor/AddressablesModExporter.cs:361)
Editor.AddressablesModExporter:BuildFromCommandLine () (at Assets/Editor/AddressablesModExporter.cs:624)

(Filename: Assets/Editor/AddressablesModExporter.cs Line: 477)

DisplayProgressbar: Processing Addressable Group
Start importing Assets/Settings/URP-Performant.asset using Guid(d0e2fc18fe036412f8223b3b3d9ad574) (NativeFormatImporter) -> (artifact id: 'c874e596063ba83aa4a30bab5086b268') in 0.0115231 seconds
Start importing Assets/Settings/URP-Balanced.asset using Guid(e1260c1148f6143b28bae5ace5e9c5d1) (NativeFormatImporter) -> (artifact id: '2f1f0e1c3fa824fd655090c75fdece4a') in 0.0066879 seconds
Start importing Assets/AddressableAssetsData/AssetGroups/Schemas/MxModpackW1_BundledAssetGroupSchema.asset using Guid(a6ddd083f2ffd4e42ab007474c3587a3) (NativeFormatImporter) -> (artifact id: 'f186a31483efd1247b0fecafeded426d') in 0.0043541 seconds
Start importing Assets/Settings/URP-HighFidelity.asset using Guid(7b7fd9122c28c4d15b667c7040e3b3fd) (NativeFormatImporter) -> (artifact id: '3a159ec55f23cd3b4fad3caebfb6476c') in 0.0076177 seconds
Start importing Assets/AddressableAssetsData/AssetGroups/Schemas/MxModpackW2_BundledAssetGroupSchema.asset using Guid(fe7da0d12f6c63e4cbe09f0f2b344a7d) (NativeFormatImporter) -> (artifact id: '367a594309db39b93ecdb0c3003647dd') in 0.0038229 seconds
Start importing Assets/AddressableAssetsData/AssetGroups/MxModpackW2.asset using Guid(cfd0c67671154464ba9eb151d10191c5) (NativeFormatImporter) -> (artifact id: '479e3cfd543a1e20eca90f033d406620') in 0.0061339 seconds
Refreshing native plugins compatible for Editor in 2.52 ms, found 6 plugins.
Preloading 0 native plugins for Editor in 0.00 ms.
Asset Pipeline Refresh (id=46710432d9ab11746939b73fc076aeca): Total: 0.123 seconds - Initiated by StopAssetImportingV2(NoUpdateAssetOptions)
DisplayProgressbar: Switch To Build Platform
DisplayProgressbar: Rebuild Sprite Atlas Cache
DisplayProgressbar: Build Player Scripts
[ScriptCompilation] Requested script compilation because: Recompiling all scripts before compiling player scripts because Auto Refresh is disabled.
[Licensing::Client] Successfully resolved entitlements
info: Microsoft.AspNetCore.Hosting.Diagnostics[1]
      Request starting HTTP/2 POST http://ilpp/UnityILPP.PostProcessing/Ping application/grpc -
info: Microsoft.AspNetCore.Routing.EndpointMiddleware[0]
      Executing endpoint 'gRPC - /UnityILPP.PostProcessing/Ping'
info: Microsoft.AspNetCore.Routing.EndpointMiddleware[1]
      Executed endpoint 'gRPC - /UnityILPP.PostProcessing/Ping'
info: Microsoft.AspNetCore.Hosting.Diagnostics[2]
      Request finished HTTP/2 POST http://ilpp/UnityILPP.PostProcessing/Ping application/grpc - - 200 - application/grpc 12.7030ms
Starting: C:\Program Files\Unity\Hub\Editor\2023.2.22f1\Editor\Data\bee_backend.exe --dont-print-to-structured-log --ipc --defer-dag-verification --dagfile="Library/Bee/1900b0aE.dag" --continue-on-failure --profile="Library/Bee/backend1.traceevents" ScriptAssemblies
WorkingDir: C:/MoSim_MX_ModProject
DisplayProgressbar: Compiling Scripts
info: Microsoft.AspNetCore.Hosting.Diagnostics[1]
      Request starting HTTP/2 POST http://ilpp/UnityILPP.PostProcessing/ConfigurePostProcessors application/grpc -
info: Microsoft.AspNetCore.Routing.EndpointMiddleware[0]
      Executing endpoint 'gRPC - /UnityILPP.PostProcessing/ConfigurePostProcessors'
info: Unity.ILPP.Runner.PostProcessingAssemblyLoadContext[0]
      Current configuration matches the requested one, skipping
info: Microsoft.AspNetCore.Routing.EndpointMiddleware[1]
      Executed endpoint 'gRPC - /UnityILPP.PostProcessing/ConfigurePostProcessors'
info: Microsoft.AspNetCore.Hosting.Diagnostics[2]
      Request finished HTTP/2 POST http://ilpp/UnityILPP.PostProcessing/ConfigurePostProcessors application/grpc - - 200 - application/grpc 4.9729ms
ExitCode: 0 Duration: 0s736ms
[ 883/1157  0s] ILPP-Configuration Library/ilpp-configuration.nevergeneratedoutput
*** Tundra build success (0.64 seconds), 1 items updated, 1157 evaluated
[ScriptCompilation] Requested script compilation because: Compiling scripts for player
info: Microsoft.AspNetCore.Hosting.Diagnostics[1]
      Request starting HTTP/2 POST http://ilpp/UnityILPP.PostProcessing/Ping application/grpc -
info: Microsoft.AspNetCore.Routing.EndpointMiddleware[0]
      Executing endpoint 'gRPC - /UnityILPP.PostProcessing/Ping'
info: Microsoft.AspNetCore.Routing.EndpointMiddleware[1]
      Executed endpoint 'gRPC - /UnityILPP.PostProcessing/Ping'
info: Microsoft.AspNetCore.Hosting.Diagnostics[2]
      Request finished HTTP/2 POST http://ilpp/UnityILPP.PostProcessing/Ping application/grpc - - 200 - application/grpc 0.5543ms
Starting: C:\Program Files\Unity\Hub\Editor\2023.2.22f1\Editor\Data\bee_backend.exe --dont-print-to-structured-log --ipc --defer-dag-verification --dagfile="Library/Bee/1900b0aP.dag" --continue-on-failure --profile="Library/Bee/backend1.traceevents" ScriptAssembliesAndTypeDB
WorkingDir: C:/MoSim_MX_ModProject
info: Microsoft.AspNetCore.Hosting.Diagnostics[1]
      Request starting HTTP/2 POST http://ilpp/UnityILPP.PostProcessing/ConfigurePostProcessors application/grpc -
info: Microsoft.AspNetCore.Routing.EndpointMiddleware[0]
      Executing endpoint 'gRPC - /UnityILPP.PostProcessing/ConfigurePostProcessors'
info: Unity.ILPP.Runner.PostProcessingAssemblyLoadContext[0]
      ALC ILPP context 3 is unloading
warn: Unity.ILPP.Runner.PostProcessingAssemblyLoadContext[0]
      Assembly system.runtime.interopservices.windowsruntime has duplicate hint path. Ignoring "C:\Program Files\Unity\Hub\Editor\2023.2.22f1\Editor\Data\UnityReferenceAssemblies\unity-4.8-api\Facades\System.Runtime.InteropServices.WindowsRuntime.dll" in favor of "C:\Program Files\Unity\Hub\Editor\2023.2.22f1\Editor\Data\NetStandard\Extensions\2.0.0\System.Runtime.InteropServices.WindowsRuntime.dll"
warn: Unity.ILPP.Runner.PostProcessingAssemblyLoadContext[0]
      Assembly system.componentmodel.composition has duplicate hint path. Ignoring "C:\Program Files\Unity\Hub\Editor\2023.2.22f1\Editor\Data\UnityReferenceAssemblies\unity-4.8-api\System.ComponentModel.Composition.dll" in favor of "C:\Program Files\Unity\Hub\Editor\2023.2.22f1\Editor\Data\NetStandard\compat\2.1.0\shims\netfx\System.ComponentModel.Composition.dll"
info: Unity.ILPP.Runner.PostProcessingAssemblyLoadContext[0]
      Resolved Unity.Burst.Cecil, Version=0.11.4.0, Culture=neutral, PublicKeyToken=50cebf1cceb9d05e with Library\PackageCache\com.unity.burst@1.8.13\Unity.Burst.CodeGen\Unity.Burst.Cecil.dll
info: Unity.ILPP.Runner.PostProcessingAssemblyLoadContext[0]
      Resolved Mono.Cecil, Version=0.11.4.0, Culture=neutral, PublicKeyToken=50cebf1cceb9d05e with Library\PackageCache\com.unity.nuget.mono-cecil@1.11.4\Mono.Cecil.dll
info: Microsoft.AspNetCore.Routing.EndpointMiddleware[1]
      Executed endpoint 'gRPC - /UnityILPP.PostProcessing/ConfigurePostProcessors'
info: Microsoft.AspNetCore.Hosting.Diagnostics[2]
      Request finished HTTP/2 POST http://ilpp/UnityILPP.PostProcessing/ConfigurePostProcessors application/grpc - - 200 - application/grpc 97.7897ms
Total cache size 181613324
Total cache size after purge 181613324
ExitCode: 0 Duration: 1s541ms
[429/798    0s] WriteResponseFile Library/Bee/artifacts/rsp/4747638433968585886.rsp
[645/798    0s] ILPP-Configuration Library/ilpp-configuration.nevergeneratedoutput
[696/798    0s] CopyFiles Library/PlayerScriptAssemblies/Unity.RenderPipelines.Universal.Shaders.dll
[697/798    0s] CopyFiles Library/PlayerScriptAssemblies/Overture.dll
[698/798    0s] CopyFiles Library/PlayerScriptAssemblies/Lambot.dll
[699/798    0s] CopyFiles Library/PlayerScriptAssemblies/Unity.RenderPipelines.ShaderGraph.ShaderGraphLibrary.dll
[700/798    0s] CopyFiles Library/PlayerScriptAssemblies/Unity.RenderPipelines.Universal.2D.Runtime.dll
[701/798    0s] CopyFiles Library/PlayerScriptAssemblies/Unity.Rendering.LightTransport.Runtime.dll
[702/798    0s] CopyFiles Library/PlayerScriptAssemblies/Unity.InputSystem.dll
[703/798    0s] CopyFiles Library/PlayerScriptAssemblies/Lynk.dll
[704/798    0s] CopyFiles Library/PlayerScriptAssemblies/Tecdroid.dll
[705/798    0s] CopyFiles Library/PlayerScriptAssemblies/VOLTEC.dll
[706/798    0s] CopyFiles Library/PlayerScriptAssemblies/Unity.InputSystem.ForUI.dll
[707/798    0s] CopyFiles Library/PlayerScriptAssemblies/Unity.Recorder.dll
[708/798    0s] CopyFiles Library/PlayerScriptAssemblies/RobotFramework.dll
[709/798    0s] CopyFiles Library/PlayerScriptAssemblies/Unity.RenderPipelines.Core.Runtime.Shared.dll
[710/798    0s] CopyFiles Library/PlayerScriptAssemblies/Unity.Collections.dll
[711/798    0s] CopyFiles Library/PlayerScriptAssemblies/Firebots.dll
[712/798    0s] CopyFiles Library/PlayerScriptAssemblies/BotbustersGreen.dll
[713/798    0s] CopyFiles Library/PlayerScriptAssemblies/Reefscape.dll
[714/798    0s] CopyFiles Library/PlayerScriptAssemblies/UnityEngine.UI.dll
[715/798    0s] CopyFiles Library/PlayerScriptAssemblies/BREAD.dll
[716/798    0s] CopyFiles Library/PlayerScriptAssemblies/Unity.Addressables.dll
[717/798    0s] CopyFiles Library/PlayerScriptAssemblies/Unity.VisualScripting.State.dll
[718/798    0s] CopyFiles Library/PlayerScriptAssemblies/Unity.VisualScripting.Core.dll
[719/798    0s] CopyFiles Library/PlayerScriptAssemblies/Quixilver.dll
[720/798    0s] CopyFiles Library/PlayerScriptAssemblies/Unity.Splines.dll
[721/798    0s] CopyFiles Library/PlayerScriptAssemblies/Unity.RenderPipelines.Universal.Runtime.dll
[722/798    0s] CopyFiles Library/PlayerScriptAssemblies/GameSystems.dll
[723/798    0s] CopyFiles Library/PlayerScriptAssemblies/ChillOut.dll
[724/798    0s] CopyFiles Library/PlayerScriptAssemblies/Unity.AI.Navigation.dll
[725/798    0s] CopyFiles Library/PlayerScriptAssemblies/MoSimLib.dll
[726/798    0s] CopyFiles Library/PlayerScriptAssemblies/TitaniumRams.dll
[727/798    0s] CopyFiles Library/PlayerScriptAssemblies/OvertureRMX.dll
[728/798    0s] CopyFiles Library/PlayerScriptAssemblies/Unity.RenderPipeline.Universal.ShaderLibrary.dll
[729/798    0s] CopyFiles Library/PlayerScriptAssemblies/Unity.ScriptableBuildPipeline.dll
[730/798    0s] CopyFiles Library/PlayerScriptAssemblies/Unity.RenderPipelines.Core.ShaderLibrary.dll
[731/798    0s] CopyFiles Library/PlayerScriptAssemblies/Nobi.UiRoundedCorners.dll
[732/798    0s] CopyFiles Library/PlayerScriptAssemblies/Unity.Recorder.Base.dll
[733/798    0s] CopyFiles Library/PlayerScriptAssemblies/Unity.Burst.dll
[734/798    0s] CopyFiles Library/PlayerScriptAssemblies/Unity.ResourceManager.dll
[735/798    0s] CopyFiles Library/PlayerScriptAssemblies/MoSimCore.dll
[736/798    0s] CopyFiles Library/PlayerScriptAssemblies/Unity.Mathematics.dll
[737/798    0s] CopyFiles Library/PlayerScriptAssemblies/Prototype.dll
[738/798    0s] CopyFiles Library/PlayerScriptAssemblies/Unity.Timeline.dll
[739/798    0s] CopyFiles Library/PlayerScriptAssemblies/Unity.Cinemachine.dll
[740/798    0s] CopyFiles Library/PlayerScriptAssemblies/Lynk.pdb
[741/798    0s] CopyFiles Library/PlayerScriptAssemblies/Unity.Rendering.LightTransport.Runtime.pdb
[742/798    0s] CopyFiles Library/PlayerScriptAssemblies/Tecdroid.pdb
[743/798    0s] CopyFiles Library/PlayerScriptAssemblies/Blazing Bulldogs.dll
[744/798    0s] CopyFiles Library/PlayerScriptAssemblies/VOLTEC.pdb
[745/798    0s] CopyFiles Library/PlayerScriptAssemblies/Unity.RenderPipelines.Universal.2D.Runtime.pdb
[746/798    0s] CopyFiles Library/PlayerScriptAssemblies/Lambot.pdb
[747/798    0s] CopyFiles Library/PlayerScriptAssemblies/Unity.RenderPipelines.Core.Runtime.Shared.pdb
[748/798    0s] CopyFiles Library/PlayerScriptAssemblies/Unity.Recorder.pdb
[749/798    0s] CopyFiles Library/PlayerScriptAssemblies/Unity.Timeline.pdb
[750/798    0s] CopyFiles Library/PlayerScriptAssemblies/Overture.pdb
[751/798    0s] CopyFiles Library/PlayerScriptAssemblies/Unity.RenderPipelines.ShaderGraph.ShaderGraphLibrary.pdb
[752/798    0s] CopyFiles Library/PlayerScriptAssemblies/UnityEngine.UI.pdb
[753/798    0s] CopyFiles Library/PlayerScriptAssemblies/Unity.Collections.pdb
[754/798    0s] CopyFiles Library/PlayerScriptAssemblies/Unity.RenderPipelines.Universal.Shaders.pdb
[755/798    0s] CopyFiles Library/PlayerScriptAssemblies/Assembly-CSharp.pdb
[756/798    0s] CopyFiles Library/PlayerScriptAssemblies/Unity.InputSystem.pdb
[757/798    0s] CopyFiles Library/PlayerScriptAssemblies/Unity.Profiling.Core.dll
[758/798    0s] CopyFiles Library/PlayerScriptAssemblies/ChillOut.pdb
[759/798    0s] CopyFiles Library/PlayerScriptAssemblies/BREAD.pdb
[760/798    0s] CopyFiles Library/PlayerScriptAssemblies/Unity.RenderPipelines.Core.Runtime.pdb
[761/798    0s] CopyFiles Library/PlayerScriptAssemblies/Unity.RenderPipelines.Universal.Runtime.pdb
[762/798    0s] CopyFiles Library/PlayerScriptAssemblies/RobotFramework.pdb
[763/798    0s] CopyFiles Library/PlayerScriptAssemblies/Assembly-CSharp.dll
[764/798    0s] CopyFiles Library/PlayerScriptAssemblies/Unity.AI.Navigation.pdb
[765/798    0s] CopyFiles Library/PlayerScriptAssemblies/Firebots.pdb
[766/798    0s] CopyFiles Library/PlayerScriptAssemblies/Unity.Mathematics.pdb
[767/798    0s] CopyFiles Library/PlayerScriptAssemblies/Unity.Profiling.Core.pdb
[768/798    0s] CopyFiles Library/PlayerScriptAssemblies/Unity.ResourceManager.pdb
[769/798    0s] CopyFiles Library/PlayerScriptAssemblies/Unity.Cinemachine.pdb
[770/798    0s] CopyFiles Library/PlayerScriptAssemblies/Blazing Bulldogs.pdb
[771/798    0s] CopyFiles Library/PlayerScriptAssemblies/Unity.VisualScripting.Core.pdb
[772/798    0s] CopyFiles Library/PlayerScriptAssemblies/Unity.ScriptableBuildPipeline.pdb
[773/798    0s] CopyFiles Library/PlayerScriptAssemblies/Unity.TextMeshPro.pdb
[774/798    0s] CopyFiles Library/PlayerScriptAssemblies/Nobi.UiRoundedCorners.pdb
[775/798    0s] CopyFiles Library/PlayerScriptAssemblies/MoSimLib.pdb
[776/798    0s] CopyFiles Library/PlayerScriptAssemblies/BotbustersGreen.pdb
[777/798    0s] CopyFiles Library/PlayerScriptAssemblies/Unity.VisualScripting.State.pdb
[778/798    0s] CopyFiles Library/PlayerScriptAssemblies/Unity.Recorder.Base.pdb
[779/798    0s] CopyFiles Library/PlayerScriptAssemblies/TitaniumRams.pdb
[780/798    0s] CopyFiles Library/PlayerScriptAssemblies/Unity.InputSystem.ForUI.pdb
[781/798    0s] CopyFiles Library/PlayerScriptAssemblies/OvertureRMX.pdb
[782/798    0s] CopyFiles Library/PlayerScriptAssemblies/Quixilver.pdb
[783/798    0s] CopyFiles Library/PlayerScriptAssemblies/GameSystems.pdb
[784/798    0s] CopyFiles Library/PlayerScriptAssemblies/Unity.Splines.pdb
[785/798    0s] CopyFiles Library/PlayerScriptAssemblies/Unity.Addressables.pdb
[786/798    0s] CopyFiles Library/PlayerScriptAssemblies/Prototype.pdb
[787/798    0s] CopyFiles Library/PlayerScriptAssemblies/Unity.RenderPipeline.Universal.ShaderLibrary.pdb
[788/798    0s] CopyFiles Library/PlayerScriptAssemblies/Unity.VisualScripting.Flow.pdb
[789/798    0s] CopyFiles Library/PlayerScriptAssemblies/Reefscape.pdb
[790/798    0s] CopyFiles Library/PlayerScriptAssemblies/Unity.RenderPipelines.Core.ShaderLibrary.pdb
[791/798    0s] CopyFiles Library/PlayerScriptAssemblies/MoSimCore.pdb
[792/798    0s] CopyFiles Library/PlayerScriptAssemblies/Unity.Burst.pdb
[793/798    0s] CopyFiles Library/PlayerScriptAssemblies/Unity.TextMeshPro.dll
[794/798    0s] CopyFiles Library/PlayerScriptAssemblies/Unity.VisualScripting.Flow.dll
[795/798    0s] CopyFiles Library/PlayerScriptAssemblies/Unity.RenderPipelines.Core.Runtime.dll
*** Tundra build success (1.47 seconds), 102 items updated, 798 evaluated
info: Microsoft.AspNetCore.Hosting.Diagnostics[1]
      Request starting HTTP/2 POST http://ilpp/UnityILPP.PostProcessing/Ping application/grpc -
info: Microsoft.AspNetCore.Routing.EndpointMiddleware[0]
      Executing endpoint 'gRPC - /UnityILPP.PostProcessing/Ping'
info: Microsoft.AspNetCore.Routing.EndpointMiddleware[1]
      Executed endpoint 'gRPC - /UnityILPP.PostProcessing/Ping'
info: Microsoft.AspNetCore.Hosting.Diagnostics[2]
      Request finished HTTP/2 POST http://ilpp/UnityILPP.PostProcessing/Ping application/grpc - - 200 - application/grpc 0.8239ms
Starting: C:\Program Files\Unity\Hub\Editor\2023.2.22f1\Editor\Data\bee_backend.exe --dont-print-to-structured-log --ipc --defer-dag-verification --dagfile="Library/Bee/1900b0aE.dag" --continue-on-failure --profile="Library/Bee/backend1.traceevents" ScriptAssembliesAndTypeDB
WorkingDir: C:/MoSim_MX_ModProject
Total cache size 181613324
Total cache size after purge 181613324
info: Microsoft.AspNetCore.Hosting.Diagnostics[1]
      Request starting HTTP/2 POST http://ilpp/UnityILPP.PostProcessing/ConfigurePostProcessors application/grpc -
info: Microsoft.AspNetCore.Routing.EndpointMiddleware[0]
      Executing endpoint 'gRPC - /UnityILPP.PostProcessing/ConfigurePostProcessors'
info: Unity.ILPP.Runner.PostProcessingAssemblyLoadContext[0]
      ALC ILPP context 4 is unloading
warn: Unity.ILPP.Runner.PostProcessingAssemblyLoadContext[0]
      Assembly system.runtime.interopservices.windowsruntime has duplicate hint path. Ignoring "C:\Program Files\Unity\Hub\Editor\2023.2.22f1\Editor\Data\UnityReferenceAssemblies\unity-4.8-api\Facades\System.Runtime.InteropServices.WindowsRuntime.dll" in favor of "C:\Program Files\Unity\Hub\Editor\2023.2.22f1\Editor\Data\NetStandard\Extensions\2.0.0\System.Runtime.InteropServices.WindowsRuntime.dll"
warn: Unity.ILPP.Runner.PostProcessingAssemblyLoadContext[0]
      Assembly system.componentmodel.composition has duplicate hint path. Ignoring "C:\Program Files\Unity\Hub\Editor\2023.2.22f1\Editor\Data\UnityReferenceAssemblies\unity-4.8-api\System.ComponentModel.Composition.dll" in favor of "C:\Program Files\Unity\Hub\Editor\2023.2.22f1\Editor\Data\NetStandard\compat\2.1.0\shims\netfx\System.ComponentModel.Composition.dll"
info: Unity.ILPP.Runner.PostProcessingAssemblyLoadContext[0]
      Resolved Unity.Burst.Cecil, Version=0.11.4.0, Culture=neutral, PublicKeyToken=50cebf1cceb9d05e with Library\PackageCache\com.unity.burst@1.8.13\Unity.Burst.CodeGen\Unity.Burst.Cecil.dll
info: Unity.ILPP.Runner.PostProcessingAssemblyLoadContext[0]
      Resolved Mono.Cecil, Version=0.11.4.0, Culture=neutral, PublicKeyToken=50cebf1cceb9d05e with Library\PackageCache\com.unity.nuget.mono-cecil@1.11.4\Mono.Cecil.dll
info: Microsoft.AspNetCore.Routing.EndpointMiddleware[1]
      Executed endpoint 'gRPC - /UnityILPP.PostProcessing/ConfigurePostProcessors'
info: Microsoft.AspNetCore.Hosting.Diagnostics[2]
      Request finished HTTP/2 POST http://ilpp/UnityILPP.PostProcessing/ConfigurePostProcessors application/grpc - - 200 - application/grpc 27.2895ms
ExitCode: 0 Duration: 0s419ms
[ 451/1159  0s] WriteResponseFile Library/Bee/artifacts/rsp/4747638433968585886.rsp
[ 883/1159  0s] ILPP-Configuration Library/ilpp-configuration.nevergeneratedoutput
*** Tundra build success (0.36 seconds), 2 items updated, 1159 evaluated
Total cache size 181613324
Total cache size after purge 181613324
DisplayProgressbar: Post Scripts Callback
DisplayProgressbar: Calculate Scene Dependency Data
DisplayProgressbar: Calculate Asset Dependency Data
Refreshing native plugins compatible for Editor in 7.38 ms, found 6 plugins.
Preloading 0 native plugins for Editor in 0.00 ms.
DisplayProgressbar: Add Hash To Bundle Name Task
DisplayProgressbar: Strip Unused Sprite Sources
DisplayProgressbar: Create Built In Bundle
DisplayProgressbar: Create Mono Script Bundle
DisplayProgressbar: Post Dependency Callback
DisplayProgressbar: Generate Bundle Packing
DisplayProgressbar: Update Bundle Object Layout
DisplayProgressbar: Generate Bundle Commands
DisplayProgressbar: Generate Sub Asset Path Maps
DisplayProgressbar: Generate Bundle Maps
DisplayProgressbar: Post Packing Callback
DisplayProgressbar: Write Serialized Files
Compiling shader "Shader Graphs/LEDs" pass "Universal Forward" (vp)
    Full variant space:         221184
    After settings filtering:   12288
    After built-in stripping:   24
    After scriptable stripping: 3
    Processed in 0.02 seconds
    starting compilation...
    finished in 0.00 seconds. Local cache hits 3 (0.00s CPU time), remote cache hits 0 (0.00s CPU time), compiled 0 variants (0.00s CPU time), skipped 0 variants
    Prepared data for serialisation in 0.00s
Compiling shader "Shader Graphs/LEDs" pass "Universal Forward" (fp)
    Full variant space:         1132462080
    After settings filtering:   61440
    After built-in stripping:   120
    After scriptable stripping: 18
    Processed in 0.00 seconds
    starting compilation...
    finished in 0.00 seconds. Local cache hits 18 (0.03s CPU time), remote cache hits 0 (0.00s CPU time), compiled 0 variants (0.00s CPU time), skipped 0 variants
    Prepared data for serialisation in 0.00s
Compiling shader "Shader Graphs/LEDs" pass "GBuffer" (vp)
    Full variant space:         24576
    After settings filtering:   8192
    After built-in stripping:   16
    After scriptable stripping: 0
    Processed in 0.00 seconds
    Prepared data for serialisation in 0.00s
Compiling shader "Shader Graphs/LEDs" pass "ShadowCaster" (vp)
    Full variant space:         16
    After settings filtering:   16
    After built-in stripping:   4
    After scriptable stripping: 2
    Processed in 0.00 seconds
    starting compilation...
    finished in 0.00 seconds. Local cache hits 2 (0.00s CPU time), remote cache hits 0 (0.00s CPU time), compiled 0 variants (0.00s CPU time), skipped 0 variants
    Prepared data for serialisation in 0.00s
Compiling shader "Shader Graphs/LEDs" pass "ShadowCaster" (fp)
    Full variant space:         8
    After settings filtering:   8
    After built-in stripping:   2
    After scriptable stripping: 1
    Processed in 0.00 seconds
    starting compilation...
    finished in 0.00 seconds. Local cache hits 1 (0.00s CPU time), remote cache hits 0 (0.00s CPU time), compiled 0 variants (0.00s CPU time), skipped 0 variants
    Prepared data for serialisation in 0.00s
Compiling shader "Shader Graphs/LEDs" pass "MotionVectors" (vp)
    Full variant space:         8
    After settings filtering:   8
    After built-in stripping:   2
    After scriptable stripping: 1
    Processed in 0.00 seconds
    starting compilation...
    finished in 0.00 seconds. Local cache hits 1 (0.00s CPU time), remote cache hits 0 (0.00s CPU time), compiled 0 variants (0.00s CPU time), skipped 0 variants
    Prepared data for serialisation in 0.00s
Compiling shader "Shader Graphs/LEDs" pass "MotionVectors" (fp)
    Full variant space:         16
    After settings filtering:   8
    After built-in stripping:   2
    After scriptable stripping: 1
    Processed in 0.00 seconds
    starting compilation...
    finished in 0.00 seconds. Local cache hits 1 (0.00s CPU time), remote cache hits 0 (0.00s CPU time), compiled 0 variants (0.00s CPU time), skipped 0 variants
    Prepared data for serialisation in 0.00s
Compiling shader "Shader Graphs/LEDs" pass "DepthOnly" (vp)
    Full variant space:         8
    After settings filtering:   8
    After built-in stripping:   2
    After scriptable stripping: 1
    Processed in 0.00 seconds
    starting compilation...
    finished in 0.00 seconds. Local cache hits 1 (0.00s CPU time), remote cache hits 0 (0.00s CPU time), compiled 0 variants (0.00s CPU time), skipped 0 variants
    Prepared data for serialisation in 0.00s
Compiling shader "Shader Graphs/LEDs" pass "DepthOnly" (fp)
    Full variant space:         8
    After settings filtering:   8
    After built-in stripping:   2
    After scriptable stripping: 1
    Processed in 0.00 seconds
    starting compilation...
    finished in 0.00 seconds. Local cache hits 1 (0.00s CPU time), remote cache hits 0 (0.00s CPU time), compiled 0 variants (0.00s CPU time), skipped 0 variants
    Prepared data for serialisation in 0.00s
Compiling shader "Shader Graphs/LEDs" pass "DepthNormals" (vp)
    Full variant space:         8
    After settings filtering:   8
    After built-in stripping:   2
    After scriptable stripping: 1
    Processed in 0.00 seconds
    starting compilation...
    finished in 0.00 seconds. Local cache hits 1 (0.00s CPU time), remote cache hits 0 (0.00s CPU time), compiled 0 variants (0.00s CPU time), skipped 0 variants
    Prepared data for serialisation in 0.00s
Compiling shader "Shader Graphs/LEDs" pass "DepthNormals" (fp)
    Full variant space:         16
    After settings filtering:   8
    After built-in stripping:   2
    After scriptable stripping: 1
    Processed in 0.00 seconds
    starting compilation...
    finished in 0.00 seconds. Local cache hits 1 (0.00s CPU time), remote cache hits 0 (0.00s CPU time), compiled 0 variants (0.00s CPU time), skipped 0 variants
    Prepared data for serialisation in 0.00s
Compiling shader "Shader Graphs/LEDs" pass "Universal 2D" (vp)
    Full variant space:         2
    After settings filtering:   2
    After built-in stripping:   2
    After scriptable stripping: 1
    Processed in 0.00 seconds
    starting compilation...
    finished in 0.00 seconds. Local cache hits 1 (0.00s CPU time), remote cache hits 0 (0.00s CPU time), compiled 0 variants (0.00s CPU time), skipped 0 variants
    Prepared data for serialisation in 0.00s
Compiling shader "Shader Graphs/LEDs" pass "Universal 2D" (fp)
    Full variant space:         2
    After settings filtering:   2
    After built-in stripping:   2
    After scriptable stripping: 1
    Processed in 0.00 seconds
    starting compilation...
    finished in 0.00 seconds. Local cache hits 1 (0.00s CPU time), remote cache hits 0 (0.00s CPU time), compiled 0 variants (0.00s CPU time), skipped 0 variants
    Prepared data for serialisation in 0.00s
Serialized binary data for shader Shader Graphs/LEDs in 0.00s
    d3d11 (total internal programs: 32, unique: 32)
Compiling shader "Hidden/Core/FallbackError" pass "" (vp)
    Full variant space:         3
    After settings filtering:   3
    After built-in stripping:   1
    After scriptable stripping: 1
    Processed in 0.00 seconds
    starting compilation...
    finished in 0.00 seconds. Local cache hits 1 (0.00s CPU time), remote cache hits 0 (0.00s CPU time), compiled 0 variants (0.00s CPU time), skipped 0 variants
    Prepared data for serialisation in 0.00s
Compiling shader "Hidden/Core/FallbackError" pass "" (fp)
    Full variant space:         3
    After settings filtering:   3
    After built-in stripping:   1
    After scriptable stripping: 1
    Processed in 0.00 seconds
    starting compilation...
    finished in 0.00 seconds. Local cache hits 1 (0.00s CPU time), remote cache hits 0 (0.00s CPU time), compiled 0 variants (0.00s CPU time), skipped 0 variants
    Prepared data for serialisation in 0.00s
Serialized binary data for shader Hidden/Core/FallbackError in 0.00s
    d3d11 (total internal programs: 2, unique: 2)
Compiling shader "Universal Render Pipeline/Lit" pass "ForwardLit" (vp)
    Full variant space:         884736
    After settings filtering:   24576
    After built-in stripping:   96
    After scriptable stripping: 12
    Processed in 0.00 seconds
    starting compilation...
    finished in 0.00 seconds. Local cache hits 12 (0.03s CPU time), remote cache hits 0 (0.00s CPU time), compiled 0 variants (0.00s CPU time), skipped 0 variants
    Prepared data for serialisation in 0.00s
Compiling shader "Universal Render Pipeline/Lit" pass "ForwardLit" (fp)
    Full variant space:         15854469120
    After settings filtering:   860160
    After built-in stripping:   3360
    After scriptable stripping: 504
    Processed in 0.05 seconds
    starting compilation...
    finished in 0.06 seconds. Local cache hits 504 (0.70s CPU time), remote cache hits 0 (0.00s CPU time), compiled 0 variants (0.00s CPU time), skipped 0 variants
    Prepared data for serialisation in 0.02s
Compiling shader "Universal Render Pipeline/Lit" pass "ShadowCaster" (vp)
    Full variant space:         8
    After settings filtering:   8
    After built-in stripping:   4
    After scriptable stripping: 4
    Processed in 0.00 seconds
    starting compilation...
    finished in 0.00 seconds. Local cache hits 4 (0.00s CPU time), remote cache hits 0 (0.00s CPU time), compiled 0 variants (0.00s CPU time), skipped 0 variants
    Prepared data for serialisation in 0.00s
Compiling shader "Universal Render Pipeline/Lit" pass "ShadowCaster" (fp)
    Full variant space:         16
    After settings filtering:   16
    After built-in stripping:   8
    After scriptable stripping: 8
    Processed in 0.00 seconds
    starting compilation...
    finished in 0.00 seconds. Local cache hits 8 (0.01s CPU time), remote cache hits 0 (0.00s CPU time), compiled 0 variants (0.00s CPU time), skipped 0 variants
    Prepared data for serialisation in 0.00s
Compiling shader "Universal Render Pipeline/Lit" pass "GBuffer" (vp)
    Full variant space:         3072
    After settings filtering:   1024
    After built-in stripping:   16
    After scriptable stripping: 0
    Processed in 0.00 seconds
    Prepared data for serialisation in 0.00s
Compiling shader "Universal Render Pipeline/Lit" pass "DepthOnly" (vp)
    Full variant space:         4
    After settings filtering:   4
    After built-in stripping:   2
    After scriptable stripping: 2
    Processed in 0.00 seconds
    starting compilation...
    finished in 0.00 seconds. Local cache hits 2 (0.00s CPU time), remote cache hits 0 (0.00s CPU time), compiled 0 variants (0.00s CPU time), skipped 0 variants
    Prepared data for serialisation in 0.00s
Compiling shader "Universal Render Pipeline/Lit" pass "DepthOnly" (fp)
    Full variant space:         16
    After settings filtering:   16
    After built-in stripping:   8
    After scriptable stripping: 8
    Processed in 0.00 seconds
    starting compilation...
    finished in 0.00 seconds. Local cache hits 8 (0.01s CPU time), remote cache hits 0 (0.00s CPU time), compiled 0 variants (0.00s CPU time), skipped 0 variants
    Prepared data for serialisation in 0.00s
Compiling shader "Universal Render Pipeline/Lit" pass "DepthNormals" (vp)
    Full variant space:         8
    After settings filtering:   8
    After built-in stripping:   4
    After scriptable stripping: 4
    Processed in 0.00 seconds
    starting compilation...
    finished in 0.00 seconds. Local cache hits 4 (0.00s CPU time), remote cache hits 0 (0.00s CPU time), compiled 0 variants (0.00s CPU time), skipped 0 variants
    Prepared data for serialisation in 0.00s
Compiling shader "Universal Render Pipeline/Lit" pass "DepthNormals" (fp)
    Full variant space:         48
    After settings filtering:   24
    After built-in stripping:   12
    After scriptable stripping: 12
    Processed in 0.00 seconds
    starting compilation...
    finished in 0.00 seconds. Local cache hits 12 (0.02s CPU time), remote cache hits 0 (0.00s CPU time), compiled 0 variants (0.00s CPU time), skipped 0 variants
    Prepared data for serialisation in 0.00s
Compiling shader "Universal Render Pipeline/Lit" pass "Universal2D" (vp)
    Full variant space:         2
    After settings filtering:   2
    After built-in stripping:   1
    After scriptable stripping: 0
    Processed in 0.00 seconds
    Prepared data for serialisation in 0.00s
Compiling shader "Universal Render Pipeline/Lit" pass "MotionVectors" (vp)
    Full variant space:         8
    After settings filtering:   8
    After built-in stripping:   4
    After scriptable stripping: 2
    Processed in 0.00 seconds
    starting compilation...
    finished in 0.00 seconds. Local cache hits 2 (0.00s CPU time), remote cache hits 0 (0.00s CPU time), compiled 0 variants (0.00s CPU time), skipped 0 variants
    Prepared data for serialisation in 0.00s
Compiling shader "Universal Render Pipeline/Lit" pass "MotionVectors" (fp)
    Full variant space:         16
    After settings filtering:   16
    After built-in stripping:   8
    After scriptable stripping: 4
    Processed in 0.00 seconds
    starting compilation...
    finished in 0.00 seconds. Local cache hits 4 (0.00s CPU time), remote cache hits 0 (0.00s CPU time), compiled 0 variants (0.00s CPU time), skipped 0 variants
    Prepared data for serialisation in 0.00s
Serialized binary data for shader Universal Render Pipeline/Lit in 0.01s
    d3d11 (total internal programs: 560, unique: 560)
Compressed shader 'Universal Render Pipeline/Lit' on d3d11 from 7.12MB to 0.73MB
Compressed shader 'Universal Render Pipeline/Lit' in 0.35s
Compiling shader "TextMeshPro/Distance Field" pass "" (vp)
    Full variant space:         4
    After settings filtering:   4
    After built-in stripping:   4
    After scriptable stripping: 4
    Processed in 0.00 seconds
    starting compilation...
    finished in 0.00 seconds. Local cache hits 4 (0.01s CPU time), remote cache hits 0 (0.00s CPU time), compiled 0 variants (0.00s CPU time), skipped 0 variants
    Prepared data for serialisation in 0.00s
Compiling shader "TextMeshPro/Distance Field" pass "" (fp)
    Full variant space:         4
    After settings filtering:   4
    After built-in stripping:   4
    After scriptable stripping: 4
    Processed in 0.00 seconds
    starting compilation...
    finished in 0.00 seconds. Local cache hits 4 (0.00s CPU time), remote cache hits 0 (0.00s CPU time), compiled 0 variants (0.00s CPU time), skipped 0 variants
    Prepared data for serialisation in 0.00s
Serialized binary data for shader TextMeshPro/Distance Field in 0.00s
    d3d11 (total internal programs: 8, unique: 8)
Compiling shader "Hidden/Universal Render Pipeline/FallbackError" pass "" (vp)
    Full variant space:         6
    After settings filtering:   6
    After built-in stripping:   1
    After scriptable stripping: 1
    Processed in 0.00 seconds
    starting compilation...
    finished in 0.00 seconds. Local cache hits 1 (0.00s CPU time), remote cache hits 0 (0.00s CPU time), compiled 0 variants (0.00s CPU time), skipped 0 variants
    Prepared data for serialisation in 0.00s
Compiling shader "Hidden/Universal Render Pipeline/FallbackError" pass "" (fp)
    Full variant space:         6
    After settings filtering:   6
    After built-in stripping:   1
    After scriptable stripping: 1
    Processed in 0.00 seconds
    starting compilation...
    finished in 0.00 seconds. Local cache hits 1 (0.00s CPU time), remote cache hits 0 (0.00s CPU time), compiled 0 variants (0.00s CPU time), skipped 0 variants
    Prepared data for serialisation in 0.00s
Serialized binary data for shader Hidden/Universal Render Pipeline/FallbackError in 0.00s
    d3d11 (total internal programs: 2, unique: 2)
Compiling shader "Hidden/Shader Graph/FallbackError" pass "" (vp)
    Full variant space:         4
    After settings filtering:   4
    After built-in stripping:   1
    After scriptable stripping: 1
    Processed in 0.00 seconds
    starting compilation...
    finished in 0.00 seconds. Local cache hits 1 (0.00s CPU time), remote cache hits 0 (0.00s CPU time), compiled 0 variants (0.00s CPU time), skipped 0 variants
    Prepared data for serialisation in 0.00s
Compiling shader "Hidden/Shader Graph/FallbackError" pass "" (fp)
    Full variant space:         4
    After settings filtering:   4
    After built-in stripping:   1
    After scriptable stripping: 1
    Processed in 0.00 seconds
    starting compilation...
    finished in 0.00 seconds. Local cache hits 1 (0.00s CPU time), remote cache hits 0 (0.00s CPU time), compiled 0 variants (0.00s CPU time), skipped 0 variants
    Prepared data for serialisation in 0.00s
Serialized binary data for shader Hidden/Shader Graph/FallbackError in 0.00s
    d3d11 (total internal programs: 2, unique: 2)
Compiling shader "TextMeshPro/Mobile/Distance Field" pass "" (vp)
    Full variant space:         12
    After settings filtering:   12
    After built-in stripping:   12
    After scriptable stripping: 12
    Processed in 0.00 seconds
    starting compilation...
    finished in 0.01 seconds. Local cache hits 12 (0.06s CPU time), remote cache hits 0 (0.00s CPU time), compiled 0 variants (0.00s CPU time), skipped 0 variants
    Prepared data for serialisation in 0.00s
Compiling shader "TextMeshPro/Mobile/Distance Field" pass "" (fp)
    Full variant space:         12
    After settings filtering:   12
    After built-in stripping:   12
    After scriptable stripping: 12
    Processed in 0.00 seconds
    starting compilation...
    finished in 0.01 seconds. Local cache hits 12 (0.04s CPU time), remote cache hits 0 (0.00s CPU time), compiled 0 variants (0.00s CPU time), skipped 0 variants
    Prepared data for serialisation in 0.00s
Serialized binary data for shader TextMeshPro/Mobile/Distance Field in 0.00s
    d3d11 (total internal programs: 24, unique: 24)
Compressed shader 'TextMeshPro/Mobile/Distance Field' on d3d11 from 1.95MB to 0.18MB
Compressed shader 'TextMeshPro/Mobile/Distance Field' in 0.02s
Compiling shader "Sprites/Default" pass "" (vp)
    Full variant space:         8
    After settings filtering:   8
    After built-in stripping:   4
    After scriptable stripping: 4
    Processed in 0.00 seconds
    starting compilation...
    finished in 1.61 seconds. Local cache hits 4 (3.21s CPU time), remote cache hits 0 (0.00s CPU time), compiled 0 variants (0.00s CPU time), skipped 0 variants
    Prepared data for serialisation in 0.00s
Compiling shader "Sprites/Default" pass "" (fp)
    Full variant space:         8
    After settings filtering:   8
    After built-in stripping:   4
    After scriptable stripping: 4
    Processed in 0.00 seconds
    starting compilation...
    finished in 0.00 seconds. Local cache hits 4 (0.02s CPU time), remote cache hits 0 (0.00s CPU time), compiled 0 variants (0.00s CPU time), skipped 0 variants
    Prepared data for serialisation in 0.00s
Serialized binary data for shader Sprites/Default in 0.00s
    d3d11 (total internal programs: 8, unique: 8)
DisplayProgressbar: Archive And Compress Bundles
DisplayProgressbar: Generate Location Lists Task
Type MonoScript is in editor assembly UnityEditor.CoreModule, Version=0.0.0.0, Culture=neutral, PublicKeyToken=null.  Asset location with internal id Assets/Prefabs/Reefscape/Robots/Mods/MxModpackW2/3478/KeikoSetpoint.CS will be stripped and not included in the build.
UnityEngine.Debug:ExtractStackTraceNoAlloc (byte*,int,string)
UnityEngine.StackTraceUtility:ExtractStackTrace ()
UnityEngine.DebugLogHandler:Internal_Log (UnityEngine.LogType,UnityEngine.LogOption,string,UnityEngine.Object)
UnityEngine.DebugLogHandler:LogFormat (UnityEngine.LogType,UnityEngine.Object,string,object[])
UnityEngine.Logger:LogFormat (UnityEngine.LogType,string,object[])
UnityEngine.Debug:LogWarningFormat (string,object[])
UnityEditor.AddressableAssets.Settings.AddressableAssetEntry:CreateCatalogEntries (System.Collections.Generic.List`1<UnityEngine.AddressableAssets.ResourceLocators.ContentCatalogDataEntry>,bool,string,System.Collections.Generic.IEnumerable`1<object>,object,System.Collections.Generic.Dictionary`2<UnityEditor.GUID, UnityEditor.Build.Content.AssetLoadInfo>,System.Collections.Generic.HashSet`1<System.Type>,bool,bool,bool,System.Collections.Generic.HashSet`1<string>) (at ./Library/PackageCache/com.unity.addressables@2.7.6/Editor/Settings/AddressableAssetEntry.cs:731)
UnityEditor.AddressableAssets.Build.BuildPipelineTasks.GenerateLocationListsTask:ProcessInput (UnityEditor.AddressableAssets.Build.BuildPipelineTasks.GenerateLocationListsTask/Input) (at ./Library/PackageCache/com.unity.addressables@2.7.6/Editor/Build/BuildPipelineTasks/GenerateLocationListsTask.cs:291)
UnityEditor.AddressableAssets.Build.BuildPipelineTasks.GenerateLocationListsTask:Run () (at ./Library/PackageCache/com.unity.addressables@2.7.6/Editor/Build/BuildPipelineTasks/GenerateLocationListsTask.cs:69)
UnityEditor.Build.Pipeline.BuildTasksRunner:Run (System.Collections.Generic.IList`1<UnityEditor.Build.Pipeline.Interfaces.IBuildTask>,UnityEditor.Build.Pipeline.Interfaces.IBuildContext) (at ./Library/PackageCache/com.unity.scriptablebuildpipeline@2.5.0/Editor/Shared/BuildTasksRunner.cs:56)
UnityEditor.Build.Pipeline.ContentPipeline:BuildAssetBundles (UnityEditor.Build.Pipeline.Interfaces.IBundleBuildParameters,UnityEditor.Build.Pipeline.Interfaces.IBundleBuildContent,UnityEditor.Build.Pipeline.Interfaces.IBundleBuildResults&,System.Collections.Generic.IList`1<UnityEditor.Build.Pipeline.Interfaces.IBuildTask>,UnityEditor.Build.Pipeline.Interfaces.IContextObject[]) (at ./Library/PackageCache/com.unity.scriptablebuildpipeline@2.5.0/Editor/ContentPipeline.cs:178)
UnityEditor.AddressableAssets.Build.DataBuilders.BuildScriptPackedMode:DoBuild<UnityEditor.AddressableAssets.Build.AddressablesPlayerBuildResult> (UnityEditor.AddressableAssets.Build.AddressablesDataBuilderInput,UnityEditor.AddressableAssets.Build.DataBuilders.AddressableAssetsBuildContext) (at ./Library/PackageCache/com.unity.addressables@2.7.6/Editor/Build/DataBuilders/BuildScriptPackedMode.cs:343)
UnityEditor.AddressableAssets.Build.DataBuilders.BuildScriptPackedMode:BuildDataImplementation<UnityEditor.AddressableAssets.Build.AddressablesPlayerBuildResult> (UnityEditor.AddressableAssets.Build.AddressablesDataBuilderInput) (at ./Library/PackageCache/com.unity.addressables@2.7.6/Editor/Build/DataBuilders/BuildScriptPackedMode.cs:133)
UnityEditor.AddressableAssets.Build.DataBuilders.BuildScriptBase:BuildData<UnityEditor.AddressableAssets.Build.AddressablesPlayerBuildResult> (UnityEditor.AddressableAssets.Build.AddressablesDataBuilderInput) (at ./Library/PackageCache/com.unity.addressables@2.7.6/Editor/Build/DataBuilders/BuildScriptBase.cs:103)
UnityEditor.AddressableAssets.Settings.AddressableAssetSettings:BuildPlayerContentImpl (UnityEditor.AddressableAssets.Build.AddressablesDataBuilderInput,bool) (at ./Library/PackageCache/com.unity.addressables@2.7.6/Editor/Settings/AddressableAssetSettings.cs:3085)
UnityEditor.AddressableAssets.Settings.AddressableAssetSettings:BuildPlayerContent (UnityEditor.AddressableAssets.Build.AddressablesPlayerBuildResult&,UnityEditor.AddressableAssets.Build.AddressablesDataBuilderInput) (at ./Library/PackageCache/com.unity.addressables@2.7.6/Editor/Settings/AddressableAssetSettings.cs:2994)
UnityEditor.AddressableAssets.Settings.AddressableAssetSettings:BuildPlayerContent (UnityEditor.AddressableAssets.Build.AddressablesPlayerBuildResult&) (at ./Library/PackageCache/com.unity.addressables@2.7.6/Editor/Settings/AddressableAssetSettings.cs:2971)
Editor.AddressablesModExporter:BuildOneGroup (UnityEditor.AddressableAssets.Settings.AddressableAssetSettings,Editor.AddressablesModExporter/ModBuildSpec) (at Assets/Editor/AddressablesModExporter.cs:478)
Editor.AddressablesModExporter:BuildAndExport (System.Collections.Generic.List`1<Editor.AddressablesModExporter/ModBuildSpec>) (at Assets/Editor/AddressablesModExporter.cs:361)
Editor.AddressablesModExporter:BuildFromCommandLine () (at Assets/Editor/AddressablesModExporter.cs:624)

(Filename: ./Library/PackageCache/com.unity.addressables@2.7.6/Editor/Settings/AddressableAssetEntry.cs Line: 731)

DisplayProgressbar: Post Writing Callback
DisplayProgressbar: Extract Data Task
Unloading 329 Unused Serialized files (Serialized files now loaded: 0)
Unloading 44583 unused Assets / (1.19 GB). Loaded Objects now: 8073.
Memory consumption went from 1.97 GB to 0.78 GB.
Total: 359.063100 ms (FindLiveObjects: 3.476900 ms CreateObjectMapping: 6.078100 ms MarkObjects: 155.305200 ms  DeleteObjects: 194.200800 ms)

DisplayProgressbar: Post Processing AssetBundles
DisplayProgressbar: Post Processing Catalog Entries
Addressable content successfully built (duration : 0:02:34.499)
UnityEngine.Debug:ExtractStackTraceNoAlloc (byte*,int,string)
UnityEngine.StackTraceUtility:ExtractStackTrace ()
UnityEngine.DebugLogHandler:Internal_Log (UnityEngine.LogType,UnityEngine.LogOption,string,UnityEngine.Object)
UnityEngine.DebugLogHandler:LogFormat (UnityEngine.LogType,UnityEngine.Object,string,object[])
UnityEngine.Logger:Log (UnityEngine.LogType,object)
UnityEngine.Debug:Log (object)
UnityEditor.AddressableAssets.Settings.AddressableAssetSettings:BuildPlayerContentImpl (UnityEditor.AddressableAssets.Build.AddressablesDataBuilderInput,bool) (at ./Library/PackageCache/com.unity.addressables@2.7.6/Editor/Settings/AddressableAssetSettings.cs:3092)
UnityEditor.AddressableAssets.Settings.AddressableAssetSettings:BuildPlayerContent (UnityEditor.AddressableAssets.Build.AddressablesPlayerBuildResult&,UnityEditor.AddressableAssets.Build.AddressablesDataBuilderInput) (at ./Library/PackageCache/com.unity.addressables@2.7.6/Editor/Settings/AddressableAssetSettings.cs:2994)
UnityEditor.AddressableAssets.Settings.AddressableAssetSettings:BuildPlayerContent (UnityEditor.AddressableAssets.Build.AddressablesPlayerBuildResult&) (at ./Library/PackageCache/com.unity.addressables@2.7.6/Editor/Settings/AddressableAssetSettings.cs:2971)
Editor.AddressablesModExporter:BuildOneGroup (UnityEditor.AddressableAssets.Settings.AddressableAssetSettings,Editor.AddressablesModExporter/ModBuildSpec) (at Assets/Editor/AddressablesModExporter.cs:478)
Editor.AddressablesModExporter:BuildAndExport (System.Collections.Generic.List`1<Editor.AddressablesModExporter/ModBuildSpec>) (at Assets/Editor/AddressablesModExporter.cs:361)
Editor.AddressablesModExporter:BuildFromCommandLine () (at Assets/Editor/AddressablesModExporter.cs:624)

(Filename: ./Library/PackageCache/com.unity.addressables@2.7.6/Editor/Settings/AddressableAssetSettings.cs Line: 3092)

Start importing Assets/AddressableAssetsData/Windows/addressables_content_state.bin using Guid(a377a71c866eea74397f2a7719f8e19d) (DefaultImporter) -> (artifact id: 'f2ba25ec917a0ba697ae0a51ac5dba4a') in 0.0146366 seconds
Refreshing native plugins compatible for Editor in 4.19 ms, found 6 plugins.
Preloading 0 native plugins for Editor in 0.00 ms.
Asset Pipeline Refresh (id=fdb87f52ab4d9a448b2fe751b98cd23c): Total: 0.732 seconds - Initiated by RefreshV2(NoUpdateAssetOptions)
	Summary:
		Imports: total=1 (actual=1, local cache=0, cache server=0)
		Asset DB Process Time: managed=2 ms, native=640 ms
		Asset DB Callback time: managed=11 ms, native=76 ms
		Scripting: domain reloads=0, domain reload time=0 ms, compile time=0 ms, other=0 ms
		Project Asset Count: scripts=1647, non-scripts=4657
		Asset File Changes: new=0, changed=1, moved=0, deleted=0
		Scan Filter Count: 0
	InvokeCustomDependenciesCallbacks: 0.009ms
	InvokePackagesCallback: 0.002ms
	ApplyChangesToAssetFolders: 0.913ms
	Scan: 123.002ms
	OnSourceAssetsModified: 1.308ms
	CategorizeAssetsWithTransientArtifact: 0.650ms
	ProcessAssetsWithTransientArtifactChanges: 2.135ms
	CategorizeAssets: 360.671ms
	ImportOutOfDateAssets: 29.916ms (1.543ms without children)
		ImportManagerImport: 23.513ms (0.823ms without children)
			ImportInProcess: 22.643ms
			UpdateCategorizedAssets: 0.047ms
		ReloadNativeAssets: 0.855ms
		UnloadImportedAssets: 0.297ms
		ReloadImportedAssets: 0.000ms
		EnsureUptoDateAssetsAreRegisteredWithGuidPM: 1.992ms
		InitializingProgressBar: 0.673ms
		PostProcessAllAssetNotificationsAddChangedAssets: 0.002ms
		OnDemandSchedulerStart: 1.040ms
	PostProcessAllAssets: 43.023ms
	Hotreload: 44.333ms
	GatherAllCurrentPrimaryArtifactRevisions: 4.973ms
	UnloadStreamsBegin: 0.072ms
	PersistCurrentRevisions: 0.900ms
	UnloadStreamsEnd: 0.003ms
	Untracked: 119.890ms

Zipped mod folder to C:/MoSim_MX_ModProject/Assets\..\Mods\MxModpackW2 V2.2.1 Windows.zip
UnityEngine.Debug:ExtractStackTraceNoAlloc (byte*,int,string)
UnityEngine.StackTraceUtility:ExtractStackTrace ()
UnityEngine.DebugLogHandler:Internal_Log (UnityEngine.LogType,UnityEngine.LogOption,string,UnityEngine.Object)
UnityEngine.DebugLogHandler:LogFormat (UnityEngine.LogType,UnityEngine.Object,string,object[])
UnityEngine.Logger:Log (UnityEngine.LogType,object)
UnityEngine.Debug:Log (object)
Editor.AddressablesModExporter:ZipAndCleanup (string,string,string,string,string) (at Assets/Editor/AddressablesModExporter.cs:547)
Editor.AddressablesModExporter:ExportGroup (string,string,string) (at Assets/Editor/AddressablesModExporter.cs:525)
Editor.AddressablesModExporter:BuildAndExport (System.Collections.Generic.List`1<Editor.AddressablesModExporter/ModBuildSpec>) (at Assets/Editor/AddressablesModExporter.cs:366)
Editor.AddressablesModExporter:BuildFromCommandLine () (at Assets/Editor/AddressablesModExporter.cs:624)

(Filename: Assets/Editor/AddressablesModExporter.cs Line: 547)

Build and export complete.
UnityEngine.Debug:ExtractStackTraceNoAlloc (byte*,int,string)
UnityEngine.StackTraceUtility:ExtractStackTrace ()
UnityEngine.DebugLogHandler:Internal_Log (UnityEngine.LogType,UnityEngine.LogOption,string,UnityEngine.Object)
UnityEngine.DebugLogHandler:LogFormat (UnityEngine.LogType,UnityEngine.Object,string,object[])
UnityEngine.Logger:Log (UnityEngine.LogType,object)
UnityEngine.Debug:Log (object)
Editor.AddressablesModExporter:BuildAndExport (System.Collections.Generic.List`1<Editor.AddressablesModExporter/ModBuildSpec>) (at Assets/Editor/AddressablesModExporter.cs:369)
Editor.AddressablesModExporter:BuildFromCommandLine () (at Assets/Editor/AddressablesModExporter.cs:624)

(Filename: Assets/Editor/AddressablesModExporter.cs Line: 369)

Clearing [Kardust TS Condensed Bold Italic SDF] dynamic font asset data.
UnityEngine.Debug:ExtractStackTraceNoAlloc (byte*,int,string)
UnityEngine.StackTraceUtility:ExtractStackTrace ()
UnityEngine.DebugLogHandler:Internal_Log (UnityEngine.LogType,UnityEngine.LogOption,string,UnityEngine.Object)
UnityEngine.DebugLogHandler:LogFormat (UnityEngine.LogType,UnityEngine.Object,string,object[])
UnityEngine.Logger:Log (UnityEngine.LogType,object)
UnityEngine.Debug:Log (object)
TMPro.EditorEventCallbacks/<>c:<InitializeFontAssetResourceChangeCallBacks>b__0_0 () (at ./Library/PackageCache/com.unity.ugui@2.0.0/Editor/TMP/TMP_EditorResourceManager.cs:36)
UnityEditor.EditorApplication:Internal_EditorApplicationQuit ()
Editor.AddressablesModExporter:BuildFromCommandLine () (at Assets/Editor/AddressablesModExporter.cs:625)

(Filename: ./Library/PackageCache/com.unity.ugui@2.0.0/Editor/TMP/TMP_EditorResourceManager.cs Line: 36)

Clearing [Megahertz In Regular SDF] dynamic font asset data.
UnityEngine.Debug:ExtractStackTraceNoAlloc (byte*,int,string)
UnityEngine.StackTraceUtility:ExtractStackTrace ()
UnityEngine.DebugLogHandler:Internal_Log (UnityEngine.LogType,UnityEngine.LogOption,string,UnityEngine.Object)
UnityEngine.DebugLogHandler:LogFormat (UnityEngine.LogType,UnityEngine.Object,string,object[])
UnityEngine.Logger:Log (UnityEngine.LogType,object)
UnityEngine.Debug:Log (object)
TMPro.EditorEventCallbacks/<>c:<InitializeFontAssetResourceChangeCallBacks>b__0_0 () (at ./Library/PackageCache/com.unity.ugui@2.0.0/Editor/TMP/TMP_EditorResourceManager.cs:36)
UnityEditor.EditorApplication:Internal_EditorApplicationQuit ()
Editor.AddressablesModExporter:BuildFromCommandLine () (at Assets/Editor/AddressablesModExporter.cs:625)

(Filename: ./Library/PackageCache/com.unity.ugui@2.0.0/Editor/TMP/TMP_EditorResourceManager.cs Line: 36)

Clearing [Anton SDF] dynamic font asset data.
UnityEngine.Debug:ExtractStackTraceNoAlloc (byte*,int,string)
UnityEngine.StackTraceUtility:ExtractStackTrace ()
UnityEngine.DebugLogHandler:Internal_Log (UnityEngine.LogType,UnityEngine.LogOption,string,UnityEngine.Object)
UnityEngine.DebugLogHandler:LogFormat (UnityEngine.LogType,UnityEngine.Object,string,object[])
UnityEngine.Logger:Log (UnityEngine.LogType,object)
UnityEngine.Debug:Log (object)
TMPro.EditorEventCallbacks/<>c:<InitializeFontAssetResourceChangeCallBacks>b__0_0 () (at ./Library/PackageCache/com.unity.ugui@2.0.0/Editor/TMP/TMP_EditorResourceManager.cs:36)
UnityEditor.EditorApplication:Internal_EditorApplicationQuit ()
Editor.AddressablesModExporter:BuildFromCommandLine () (at Assets/Editor/AddressablesModExporter.cs:625)

(Filename: ./Library/PackageCache/com.unity.ugui@2.0.0/Editor/TMP/TMP_EditorResourceManager.cs Line: 36)

Clearing [Bangers SDF] dynamic font asset data.
UnityEngine.Debug:ExtractStackTraceNoAlloc (byte*,int,string)
UnityEngine.StackTraceUtility:ExtractStackTrace ()
UnityEngine.DebugLogHandler:Internal_Log (UnityEngine.LogType,UnityEngine.LogOption,string,UnityEngine.Object)
UnityEngine.DebugLogHandler:LogFormat (UnityEngine.LogType,UnityEngine.Object,string,object[])
UnityEngine.Logger:Log (UnityEngine.LogType,object)
UnityEngine.Debug:Log (object)
TMPro.EditorEventCallbacks/<>c:<InitializeFontAssetResourceChangeCallBacks>b__0_0 () (at ./Library/PackageCache/com.unity.ugui@2.0.0/Editor/TMP/TMP_EditorResourceManager.cs:36)
UnityEditor.EditorApplication:Internal_EditorApplicationQuit ()
Editor.AddressablesModExporter:BuildFromCommandLine () (at Assets/Editor/AddressablesModExporter.cs:625)

(Filename: ./Library/PackageCache/com.unity.ugui@2.0.0/Editor/TMP/TMP_EditorResourceManager.cs Line: 36)

Clearing [Electronic Highway Sign SDF] dynamic font asset data.
UnityEngine.Debug:ExtractStackTraceNoAlloc (byte*,int,string)
UnityEngine.StackTraceUtility:ExtractStackTrace ()
UnityEngine.DebugLogHandler:Internal_Log (UnityEngine.LogType,UnityEngine.LogOption,string,UnityEngine.Object)
UnityEngine.DebugLogHandler:LogFormat (UnityEngine.LogType,UnityEngine.Object,string,object[])
UnityEngine.Logger:Log (UnityEngine.LogType,object)
UnityEngine.Debug:Log (object)
TMPro.EditorEventCallbacks/<>c:<InitializeFontAssetResourceChangeCallBacks>b__0_0 () (at ./Library/PackageCache/com.unity.ugui@2.0.0/Editor/TMP/TMP_EditorResourceManager.cs:36)
UnityEditor.EditorApplication:Internal_EditorApplicationQuit ()
Editor.AddressablesModExporter:BuildFromCommandLine () (at Assets/Editor/AddressablesModExporter.cs:625)

(Filename: ./Library/PackageCache/com.unity.ugui@2.0.0/Editor/TMP/TMP_EditorResourceManager.cs Line: 36)

Clearing [Oswald Bold SDF] dynamic font asset data.
UnityEngine.Debug:ExtractStackTraceNoAlloc (byte*,int,string)
UnityEngine.StackTraceUtility:ExtractStackTrace ()
UnityEngine.DebugLogHandler:Internal_Log (UnityEngine.LogType,UnityEngine.LogOption,string,UnityEngine.Object)
UnityEngine.DebugLogHandler:LogFormat (UnityEngine.LogType,UnityEngine.Object,string,object[])
UnityEngine.Logger:Log (UnityEngine.LogType,object)
UnityEngine.Debug:Log (object)
TMPro.EditorEventCallbacks/<>c:<InitializeFontAssetResourceChangeCallBacks>b__0_0 () (at ./Library/PackageCache/com.unity.ugui@2.0.0/Editor/TMP/TMP_EditorResourceManager.cs:36)
UnityEditor.EditorApplication:Internal_EditorApplicationQuit ()
Editor.AddressablesModExporter:BuildFromCommandLine () (at Assets/Editor/AddressablesModExporter.cs:625)

(Filename: ./Library/PackageCache/com.unity.ugui@2.0.0/Editor/TMP/TMP_EditorResourceManager.cs Line: 36)

Clearing [Roboto-Bold SDF] dynamic font asset data.
UnityEngine.Debug:ExtractStackTraceNoAlloc (byte*,int,string)
UnityEngine.StackTraceUtility:ExtractStackTrace ()
UnityEngine.DebugLogHandler:Internal_Log (UnityEngine.LogType,UnityEngine.LogOption,string,UnityEngine.Object)
UnityEngine.DebugLogHandler:LogFormat (UnityEngine.LogType,UnityEngine.Object,string,object[])
UnityEngine.Logger:Log (UnityEngine.LogType,object)
UnityEngine.Debug:Log (object)
TMPro.EditorEventCallbacks/<>c:<InitializeFontAssetResourceChangeCallBacks>b__0_0 () (at ./Library/PackageCache/com.unity.ugui@2.0.0/Editor/TMP/TMP_EditorResourceManager.cs:36)
UnityEditor.EditorApplication:Internal_EditorApplicationQuit ()
Editor.AddressablesModExporter:BuildFromCommandLine () (at Assets/Editor/AddressablesModExporter.cs:625)

(Filename: ./Library/PackageCache/com.unity.ugui@2.0.0/Editor/TMP/TMP_EditorResourceManager.cs Line: 36)

Clearing [Orbitron-VariableFont_wght SDF] dynamic font asset data.
UnityEngine.Debug:ExtractStackTraceNoAlloc (byte*,int,string)
UnityEngine.StackTraceUtility:ExtractStackTrace ()
UnityEngine.DebugLogHandler:Internal_Log (UnityEngine.LogType,UnityEngine.LogOption,string,UnityEngine.Object)
UnityEngine.DebugLogHandler:LogFormat (UnityEngine.LogType,UnityEngine.Object,string,object[])
UnityEngine.Logger:Log (UnityEngine.LogType,object)
UnityEngine.Debug:Log (object)
TMPro.EditorEventCallbacks/<>c:<InitializeFontAssetResourceChangeCallBacks>b__0_0 () (at ./Library/PackageCache/com.unity.ugui@2.0.0/Editor/TMP/TMP_EditorResourceManager.cs:36)
UnityEditor.EditorApplication:Internal_EditorApplicationQuit ()
Editor.AddressablesModExporter:BuildFromCommandLine () (at Assets/Editor/AddressablesModExporter.cs:625)

(Filename: ./Library/PackageCache/com.unity.ugui@2.0.0/Editor/TMP/TMP_EditorResourceManager.cs Line: 36)

Clearing [Orbitron_Main_Menu] dynamic font asset data.
UnityEngine.Debug:ExtractStackTraceNoAlloc (byte*,int,string)
UnityEngine.StackTraceUtility:ExtractStackTrace ()
UnityEngine.DebugLogHandler:Internal_Log (UnityEngine.LogType,UnityEngine.LogOption,string,UnityEngine.Object)
UnityEngine.DebugLogHandler:LogFormat (UnityEngine.LogType,UnityEngine.Object,string,object[])
UnityEngine.Logger:Log (UnityEngine.LogType,object)
UnityEngine.Debug:Log (object)
TMPro.EditorEventCallbacks/<>c:<InitializeFontAssetResourceChangeCallBacks>b__0_0 () (at ./Library/PackageCache/com.unity.ugui@2.0.0/Editor/TMP/TMP_EditorResourceManager.cs:36)
UnityEditor.EditorApplication:Internal_EditorApplicationQuit ()
Editor.AddressablesModExporter:BuildFromCommandLine () (at Assets/Editor/AddressablesModExporter.cs:625)

(Filename: ./Library/PackageCache/com.unity.ugui@2.0.0/Editor/TMP/TMP_EditorResourceManager.cs Line: 36)

Clearing [LiberationSans SDF - Fallback] dynamic font asset data.
UnityEngine.Debug:ExtractStackTraceNoAlloc (byte*,int,string)
UnityEngine.StackTraceUtility:ExtractStackTrace ()
UnityEngine.DebugLogHandler:Internal_Log (UnityEngine.LogType,UnityEngine.LogOption,string,UnityEngine.Object)
UnityEngine.DebugLogHandler:LogFormat (UnityEngine.LogType,UnityEngine.Object,string,object[])
UnityEngine.Logger:Log (UnityEngine.LogType,object)
UnityEngine.Debug:Log (object)
TMPro.EditorEventCallbacks/<>c:<InitializeFontAssetResourceChangeCallBacks>b__0_0 () (at ./Library/PackageCache/com.unity.ugui@2.0.0/Editor/TMP/TMP_EditorResourceManager.cs:36)
UnityEditor.EditorApplication:Internal_EditorApplicationQuit ()
Editor.AddressablesModExporter:BuildFromCommandLine () (at Assets/Editor/AddressablesModExporter.cs:625)

(Filename: ./Library/PackageCache/com.unity.ugui@2.0.0/Editor/TMP/TMP_EditorResourceManager.cs Line: 36)

Start importing Assets/TextMesh Pro/Examples & Extras/Resources/Fonts & Materials/Oswald Bold SDF.asset using Guid(0161d805a3764c089bef00bfe00793f5) (NativeFormatImporter) -> (artifact id: '99ea32ee63e2dbafd725dd64135e0457') in 0.011624 seconds
Start importing Assets/TextMesh Pro/Examples & Extras/Resources/Fonts & Materials/Bangers SDF.asset using Guid(125cb55b44b24c4393181402bc6200e6) (NativeFormatImporter) -> (artifact id: '2c22dcba32997ed31eb2370fecec6c75') in 0.0081415 seconds
Start importing Assets/TextMesh Pro/Examples & Extras/Resources/Fonts & Materials/Roboto-Bold SDF.asset using Guid(5302535af1044152a457ed104f1f4b91) (NativeFormatImporter) -> (artifact id: '2c0c50b16bada3b99bb19c8cce14eb39') in 0.0080175 seconds
Start importing Assets/Imports/Fonts/Kardust TS Condensed Bold Italic SDF.asset using Guid(44e19a5c696205449a28e60897197379) (NativeFormatImporter) -> (artifact id: 'f9ada6e0055ce20aa83e4d4bd6aa884f') in 0.0080461 seconds
Start importing Assets/Imports/Fonts/Megahertz In Regular SDF.asset using Guid(e454897a0fcfdbd42a554ba94c2302ae) (NativeFormatImporter) -> (artifact id: '769a6f46f9515f3840ff4f65432caea2') in 0.0078395 seconds
Start importing Assets/TextMesh Pro/Fonts/Orbitron-VariableFont_wght SDF.asset using Guid(384bb11c1fa15014591838a6229e947c) (NativeFormatImporter) -> (artifact id: '863a03e4f83530add06a874b2f2a9074') in 0.0077418 seconds
Start importing Assets/TextMesh Pro/Fonts/Orbitron_Main_Menu.asset using Guid(a9aeab6d3f84ed54f96da6ae0b36e175) (NativeFormatImporter) -> (artifact id: '6754457c089ef3621c93c42510dc1526') in 0.0075983 seconds
Start importing Assets/TextMesh Pro/Examples & Extras/Resources/Fonts & Materials/Anton SDF.asset using Guid(8a89fa14b10d46a99122fd4f73fca9a2) (NativeFormatImporter) -> (artifact id: 'e324e4298722cc9c64e26000f321f040') in 0.0065163 seconds
Start importing Assets/TextMesh Pro/Examples & Extras/Resources/Fonts & Materials/Electronic Highway Sign SDF.asset using Guid(dc36b3fdc14f47ebb36fd484a67e268a) (NativeFormatImporter) -> (artifact id: '7d7269abeb72285f8f84be48fa0af92e') in 0.0061044 seconds
Start importing Assets/TextMesh Pro/Resources/Fonts & Materials/LiberationSans SDF - Fallback.asset using Guid(2e498d1c8094910479dc3e1b768306a4) (NativeFormatImporter) -> (artifact id: '9443c4f7b9b3f7b5d87d77b97aabc217') in 0.0130267 seconds
Refreshing native plugins compatible for Editor in 101.11 ms, found 6 plugins.
Preloading 0 native plugins for Editor in 0.00 ms.
Asset Pipeline Refresh (id=3c52302417caef444baeef16d2f11071): Total: 0.358 seconds - Initiated by StopAssetImportingV2(NoUpdateAssetOptions)
	Summary:
		Imports: total=10 (actual=10, local cache=0, cache server=0)
		Asset DB Process Time: managed=1 ms, native=220 ms
		Asset DB Callback time: managed=33 ms, native=103 ms
		Scripting: domain reloads=0, domain reload time=0 ms, compile time=0 ms, other=0 ms
		Project Asset Count: scripts=1647, non-scripts=4657
		Asset File Changes: new=0, changed=0, moved=0, deleted=0
		Scan Filter Count: 20
	InvokeCustomDependenciesCallbacks: 0.001ms
	InvokePackagesCallback: 0.001ms
	ApplyChangesToAssetFolders: 0.250ms
	Scan: 40.528ms
	OnSourceAssetsModified: 0.001ms
	CategorizeAssetsWithTransientArtifact: 0.799ms
	ProcessAssetsWithTransientArtifactChanges: 0.110ms
	CategorizeAssets: 3.684ms
	ImportOutOfDateAssets: 160.137ms (0.690ms without children)
		ImportManagerImport: 156.659ms (11.492ms without children)
			ImportInProcess: 145.023ms
			UpdateCategorizedAssets: 0.144ms
		ReloadNativeAssets: 0.109ms
		UnloadImportedAssets: 0.302ms
		ReloadImportedAssets: 0.002ms
		EnsureUptoDateAssetsAreRegisteredWithGuidPM: 1.733ms
		InitializingProgressBar: 0.019ms
		PostProcessAllAssetNotificationsAddChangedAssets: 0.002ms
		OnDemandSchedulerStart: 0.621ms
	PostProcessAllAssets: 34.896ms
	Hotreload: 101.677ms
	GatherAllCurrentPrimaryArtifactRevisions: 8.516ms
	UnloadStreamsBegin: 0.219ms
	PersistCurrentRevisions: 0.267ms
	UnloadStreamsEnd: 0.357ms
	Untracked: 6.435ms

[Licensing::IpcConnector] License Notification channel disconnected successfully.
[Licensing::IpcConnector] License Client channel disconnected successfully.
AcceleratorClientConnectionCallback - disconnected - :0
Cleanup mono
abort_threads: Failed aborting id: 0000000000002B54, mono_thread_manage will ignore it

abort_threads: Failed aborting id: 000000000000624C, mono_thread_manage will ignore it

abort_threads: Failed aborting id: 0000000000000B4C, mono_thread_manage will ignore it

abort_threads: Failed aborting id: 0000000000002B54, mono_thread_manage will ignore it

abort_threads: Failed aborting id: 000000000000624C, mono_thread_manage will ignore it

abort_threads: Failed aborting id: 0000000000000B4C, mono_thread_manage will ignore it

debugger-agent: Unable to listen on 3132
[Performance] WinEditorMain                                                                                                  :        1 samples, Peak.  1.04 s (1.0x), Avg.  1.04 s, Total. 1.038 s (0.2%)
[Performance] WinEditorMain.ConfigureCrashHandler                                                                            :        1 samples, Peak.  38.6 us (1.0x), Avg.  38.6 us, Total. 38.60 us (0.0%)
[Performance] WinEditorMain.CurlRequestInitialize                                                                            :        1 samples, Peak.  4.44 ms (1.0x), Avg.  4.44 ms, Total. 4.441 ms (0.0%)
[Performance] WinEditorMain.SetupLogFile                                                                                     :        1 samples, Peak.   434 us (1.0x), Avg.   434 us, Total. 434.4 us (0.0%)
[Performance] WinEditorMain.RunNativeTestsIfRequiredAndExit                                                                  :        1 samples, Peak.   400 ns (1.0x), Avg.   400 ns, Total. 400.0 ns (0.0%)
[Performance] WinEditorMain.Licensing                                                                                        :        1 samples, Peak.  1.02 s (1.0x), Avg.  1.02 s, Total. 1.016 s (0.2%)
[Performance] WinEditorMain.InitializeCrashHandler                                                                           :        1 samples, Peak.  14.3 ms (1.0x), Avg.  14.3 ms, Total. 14.29 ms (0.0%)
[Performance] WinEditorMain.CreateApplication                                                                                :        1 samples, Peak.   304 us (1.0x), Avg.   304 us, Total. 304.2 us (0.0%)
[Performance] Application.InitializeProject                                                                                  :        1 samples, Peak.  24.2 s (1.0x), Avg.  24.2 s, Total. 24.23 s (4.8%)
[Performance] Application.PackageManager.StartServer                                                                         :        1 samples, Peak.   243 ms (1.0x), Avg.   243 ms, Total. 242.8 ms (0.0%)
[Performance] Application.AcquireProjectLock                                                                                 :        1 samples, Peak.  4.39 ms (1.0x), Avg.  4.39 ms, Total. 4.395 ms (0.0%)
[Performance] Application.InitializeEngineNoGraphics                                                                         :        1 samples, Peak.   205 ms (1.0x), Avg.   205 ms, Total. 205.1 ms (0.0%)
[Performance] Application.PackageManager.Initialize                                                                          :        1 samples, Peak.   360 ms (1.0x), Avg.   360 ms, Total. 360.2 ms (0.1%)
[Performance] Connecting to Package Manager                                                                                  :       37 samples, Peak.   104 us (25.5x), Avg.  4.11 us, Total. 151.9 us (0.0%)
[Performance] Application.EngineGraphics.Initialize                                                                          :        1 samples, Peak.   680 ms (1.0x), Avg.   680 ms, Total. 679.6 ms (0.1%)
[Performance] Application.GI.Initialize                                                                                      :        1 samples, Peak.  48.6 ms (1.0x), Avg.  48.6 ms, Total. 48.61 ms (0.0%)
[Performance] Application.LoadAllDefaultResourcesFromEditor                                                                  :        1 samples, Peak.  3.11 ms (1.0x), Avg.  3.11 ms, Total. 3.114 ms (0.0%)
[Performance] Application.LoadMonoAssemblies                                                                                 :        1 samples, Peak.  3.22 s (1.0x), Avg.  3.22 s, Total. 3.217 s (0.6%)
[Performance] RestoreManagedReferences                                                                                       :        2 samples, Peak.   341 ms (2.0x), Avg.   171 ms, Total. 341.2 ms (0.1%)
[Performance] AssemblyReloadEvents.afterAssemblyReload: UnityEditor.SceneTemplate.SceneTemplateService.AfterAssemblyReload   :        2 samples, Peak.  16.8 ms (1.9x), Avg.  8.86 ms, Total. 17.71 ms (0.0%)
[Performance] ProcessService.EditorAfterLoadAllAssemblies                                                                    :        2 samples, Peak.   621 us (1.3x), Avg.   482 us, Total. 964.1 us (0.0%)
[Performance] Application.ReadLicenseInfo                                                                                    :        1 samples, Peak.  13.4 ms (1.0x), Avg.  13.4 ms, Total. 13.40 ms (0.0%)
[Performance] Application.InitialRefresh                                                                                     :        1 samples, Peak.  17.0 s (1.0x), Avg.  17.0 s, Total. 16.98 s (3.3%)
[Performance] AssetDatabase.InitialRefresh                                                                                   :        1 samples, Peak.  17.0 s (1.0x), Avg.  17.0 s, Total. 16.98 s (3.3%)
[Performance] Compiling Scripts                                                                                              :        1 samples, Peak.  4.35 s (1.0x), Avg.  4.35 s, Total. 4.355 s (0.9%)
[Performance] AssemblyReloadEvents.beforeAssemblyReload: UnityEditor.SceneTemplate.SceneTemplateService.BeforeAssemblyReload :        1 samples, Peak.   851 us (1.0x), Avg.   851 us, Total. 851.5 us (0.0%)
[Performance] EditorResources.Load                                                                                           :       24 samples, Peak.   103 ms (21.6x), Avg.  4.79 ms, Total. 115.1 ms (0.0%)
[Performance] DidReloadScriptsTestRunnerWindow.CompilationCallback                                                           :        1 samples, Peak.   295 us (1.0x), Avg.   295 us, Total. 294.6 us (0.0%)
[Performance] DidReloadScriptsTestListCache.ScriptReloaded                                                                   :        1 samples, Peak.  2.39 ms (1.0x), Avg.  2.39 ms, Total. 2.393 ms (0.0%)
[Performance] DidReloadScriptsLookDev.OnEditorReload                                                                         :        1 samples, Peak.   465 us (1.0x), Avg.   465 us, Total. 464.6 us (0.0%)
[Performance] DidReloadScriptsDebugWindow.OnEditorReload                                                                     :        1 samples, Peak.  6.98 ms (1.0x), Avg.  6.98 ms, Total. 6.979 ms (0.0%)
[Performance] DidReloadScriptsVolumeComponentEditor.OnEditorReload                                                           :        1 samples, Peak.  68.9 ms (1.0x), Avg.  68.9 ms, Total. 68.90 ms (0.0%)
[Performance] DidReloadScriptsAdvancedDropdownWindow.OnScriptReload                                                          :        2 samples, Peak.   594 us (1.3x), Avg.   455 us, Total. 909.4 us (0.0%)
[Performance] DidReloadScriptsCinemachineVirtualCameraBase.OnScriptReload                                                    :        1 samples, Peak.   221 us (1.0x), Avg.   221 us, Total. 220.7 us (0.0%)
[Performance] DidReloadScriptsCinemachineExtension.OnScriptReload                                                            :        1 samples, Peak.  1.14 ms (1.0x), Avg.  1.14 ms, Total. 1.144 ms (0.0%)
[Performance] DidReloadScriptsEditorMenuExtensions.FindAndCloseAllContextMenus                                               :        1 samples, Peak.  7.55 ms (1.0x), Avg.  7.55 ms, Total. 7.550 ms (0.0%)
[Performance] CinemachineSettings.OnPostprocessAllAssets                                                                     :       12 samples, Peak.  1.07 ms (6.9x), Avg.   155 us, Total. 1.855 ms (0.0%)
[Performance] UniversalRenderPipelineGlobalSettingsPostprocessor.OnPostprocessAllAssets                                      :       12 samples, Peak.  38.1 ms (6.0x), Avg.  6.36 ms, Total. 76.30 ms (0.0%)
[Performance] TerrainToolbarOverlayPostProcessor.OnPostprocessAllAssets                                                      :       12 samples, Peak.   600 us (5.4x), Avg.   112 us, Total. 1.344 ms (0.0%)
[Performance] SyncVS.PostprocessSyncProject                                                                                  :        6 samples, Peak.  39.9 ms (2.9x), Avg.  13.9 ms, Total. 83.46 ms (0.0%)
[Performance] Application.ImportPackagesAndSetTemplateWhenCreatingProject                                                    :        1 samples, Peak.  77.1 ms (1.0x), Avg.  77.1 ms, Total. 77.08 ms (0.0%)
[Performance] Application.SyncCurrentColorSpace                                                                              :        1 samples, Peak.  36.6 ms (1.0x), Avg.  36.6 ms, Total. 36.59 ms (0.0%)
[Performance] Application.OnUsbDevicesChanged                                                                                :        1 samples, Peak.  2.28 ms (1.0x), Avg.  2.28 ms, Total. 2.284 ms (0.0%)
[Performance] Application.AssetInstanceCacheUpdate                                                                           :        1 samples, Peak.   500 ns (1.0x), Avg.   500 ns, Total. 500.0 ns (0.0%)
[Performance] Application.UnityExtensions.Initialize                                                                         :        1 samples, Peak.  54.3 ms (1.0x), Avg.  54.3 ms, Total. 54.34 ms (0.0%)
[Performance] CodeEditorProjectSync.SyncEditorProject                                                                        :        1 samples, Peak.   528 ms (1.0x), Avg.   528 ms, Total. 527.5 ms (0.1%)
[Performance] Application.ExecuteStartups                                                                                    :        1 samples, Peak.  80.3 ms (1.0x), Avg.  80.3 ms, Total. 80.29 ms (0.0%)
[Performance] Menu.RegisterMenuInterface                                                                                     :       26 samples, Peak.  4.80 us (5.1x), Avg.   950 ns, Total. 24.70 us (0.0%)
[Performance] Gizmo.RebuildRenderers                                                                                         :        1 samples, Peak.  72.6 ms (1.0x), Avg.  72.6 ms, Total. 72.65 ms (0.0%)
[Performance] Gizmo.AddGizmoRenderers                                                                                        :      160 samples, Peak.  2.78 ms (29.7x), Avg.  93.4 us, Total. 14.95 ms (0.0%)
[Performance] Application.editorInitializingProject                                                                          :        1 samples, Peak.   227 ms (1.0x), Avg.   227 ms, Total. 227.2 ms (0.0%)
[Performance] Application.InitializeMenu                                                                                     :        1 samples, Peak.   827 ms (1.0x), Avg.   827 ms, Total. 827.1 ms (0.2%)
[Performance] Menu.RebuildAll                                                                                                :        1 samples, Peak.   827 ms (1.0x), Avg.   827 ms, Total. 827.1 ms (0.2%)
[Performance] Menu.BuildRegisteredMenuInterfaces                                                                             :        1 samples, Peak.   816 ms (1.0x), Avg.   816 ms, Total. 816.2 ms (0.2%)
[Performance] Menu.FilterMenuItem                                                                                            :     1066 samples, Peak.   217 ms (737.5x), Avg.   294 us, Total. 313.0 ms (0.1%)
[Performance] UpdateAllMenus                                                                                                 :        1 samples, Peak.  2.73 ms (1.0x), Avg.  2.73 ms, Total. 2.734 ms (0.0%)
[Performance] Menu.RebuildOSMainMenu                                                                                         :        1 samples, Peak.  4.27 ms (1.0x), Avg.  4.27 ms, Total. 4.269 ms (0.0%)
[Performance] EditorSceneManager.sceneClosing: UnityEditor.SceneVisibilityManager.EditorSceneManagerOnSceneClosing           :        3 samples, Peak.   956 us (1.2x), Avg.   785 us, Total. 2.355 ms (0.0%)
[Performance] GUIView.RepaintAll.PlayerLoopController                                                                        :        3 samples, Peak.   298 us (1.7x), Avg.   178 us, Total. 534.2 us (0.0%)
[Performance] EditorSceneManager.newSceneCreated: UnityEditor.SceneTemplate.SceneTemplateService.OnNewSceneCreated           :        3 samples, Peak.   395 us (2.9x), Avg.   135 us, Total. 403.7 us (0.0%)
[Performance] EditorSceneManager.newSceneCreated: UnityEditor.SceneVisibilityManager.EditorSceneManagerOnNewSceneCreated     :        3 samples, Peak.  2.03 ms (2.0x), Avg.  1.03 ms, Total. 3.084 ms (0.0%)
[Performance] EditorSceneManager.newSceneCreated: UnityEditor.SceneManagement.StageNavigationManager.OnNewSceneCreated       :        3 samples, Peak.   153 us (2.3x), Avg.  67.9 us, Total. 203.7 us (0.0%)
[Performance] Application.InvokeFinishedLoadingProject                                                                       :        1 samples, Peak.  45.3 ms (1.0x), Avg.  45.3 ms, Total. 45.35 ms (0.0%)
[Performance] ProcessService.OnProjectLoaded                                                                                 :        1 samples, Peak.   117 us (1.0x), Avg.   117 us, Total. 116.9 us (0.0%)
[Performance] VersionControl.Task.Wait                                                                                       :        1 samples, Peak.   849 us (1.0x), Avg.   849 us, Total. 848.5 us (0.0%)
[Performance] StateMacroSavedEvent.OnWillSaveAssets                                                                          :        3 samples, Peak.  2.14 ms (1.6x), Avg.  1.32 ms, Total. 3.955 ms (0.0%)
[Performance] FlowMacroSavedEvent.OnWillSaveAssets                                                                           :        3 samples, Peak.   703 us (1.9x), Avg.   368 us, Total. 1.104 ms (0.0%)
[Performance] AssetModificationProcessor.OnWillSaveAssets                                                                    :        3 samples, Peak.   408 us (2.9x), Avg.   140 us, Total. 419.0 us (0.0%)
[Performance] BuilderAssetModificationProcessor.OnWillSaveAssets                                                             :        3 samples, Peak.   608 us (3.0x), Avg.   205 us, Total. 615.4 us (0.0%)
[Performance] TerrainModificationProcessor.OnWillSaveAssets                                                                  :        3 samples, Peak.   808 us (3.0x), Avg.   271 us, Total. 811.6 us (0.0%)
[Performance] AudioContainerModificationProcessor.OnWillSaveAssets                                                           :        3 samples, Peak.   113 us (2.9x), Avg.  39.4 us, Total. 118.1 us (0.0%)
[Performance] AssetDatabase.ImportAssets                                                                                     :       11 samples, Peak.   370 ms (4.8x), Avg.  77.7 ms, Total. 854.8 ms (0.2%)
[Performance] ShaderImporter.SourceAssetModified                                                                             :        4 samples, Peak.  3.60 us (1.8x), Avg.  2.00 us, Total. 8.000 us (0.0%)
[Performance] ShaderIncludeImporter.SourceAssetModified                                                                      :        4 samples, Peak.   207 us (3.9x), Avg.  53.6 us, Total. 214.5 us (0.0%)
[Performance] PresetManagerPostProcessor.OnPreprocessAsset                                                                   :       21 samples, Peak.  1.49 ms (10.7x), Avg.   139 us, Total. 2.927 ms (0.0%)
[Performance] CancelSplashScreenOnAssetChange.OnPreprocessAsset                                                              :       21 samples, Peak.   963 us (9.1x), Avg.   106 us, Total. 2.225 ms (0.0%)
[Performance] ShaderGraphAssetPostProcessor.OnPreprocessAsset                                                                :       21 samples, Peak.   258 us (13.5x), Avg.  19.2 us, Total. 402.2 us (0.0%)
[Performance] SamplePostprocessor.OnPostprocessAllAssets                                                                     :       30 samples, Peak.   281 us (4.1x), Avg.  67.7 us, Total. 2.031 ms (0.0%)
[Performance] TMPro_TexturePostProcessor.OnPostprocessAllAssets                                                              :       10 samples, Peak.   928 us (1.5x), Avg.   619 us, Total. 6.188 ms (0.0%)
[Performance] WindowAssetPostprocessingWatcher_Internal.OnPostprocessAllAssets                                               :       10 samples, Peak.  1.69 ms (2.8x), Avg.   601 us, Total. 6.006 ms (0.0%)
[Performance] AssetPostprocessor.OnPostprocessAllAssets                                                                      :       10 samples, Peak.   306 us (4.0x), Avg.  77.1 us, Total. 771.1 us (0.0%)
[Performance] BuilderAssetPostprocessor.OnPostprocessAllAssets                                                               :       10 samples, Peak.  6.38 ms (4.9x), Avg.  1.29 ms, Total. 12.95 ms (0.0%)
[Performance] AddressablesAssetPostProcessor.OnPostprocessAllAssets                                                          :       10 samples, Peak.  2.91 ms (4.3x), Avg.   670 us, Total. 6.703 ms (0.0%)
[Performance] ArtifactBrowserPostProcessor.OnPostprocessAllAssets                                                            :       10 samples, Peak.   886 us (4.9x), Avg.   181 us, Total. 1.806 ms (0.0%)
[Performance] AssetEvents.OnPostprocessAllAssets                                                                             :       20 samples, Peak.   238 us (6.3x), Avg.  37.6 us, Total. 751.7 us (0.0%)
[Performance] AudioContainerPostProcessor.OnPostprocessAllAssets                                                             :       10 samples, Peak.   102 us (4.1x), Avg.  25.1 us, Total. 250.9 us (0.0%)
[Performance] AudioMixerPostprocessor.OnPostprocessAllAssets                                                                 :       10 samples, Peak.   468 us (4.8x), Avg.  97.8 us, Total. 977.6 us (0.0%)
[Performance] StyleCatalogPostProcessor.OnPostprocessAllAssets                                                               :       10 samples, Peak.  26.6 ms (5.0x), Avg.  5.34 ms, Total. 53.36 ms (0.0%)
[Performance] BuildCatalog                                                                                                   :        1 samples, Peak.  25.1 ms (1.0x), Avg.  25.1 ms, Total. 25.13 ms (0.0%)
[Performance] ModelImporterPostProcessor.OnPostprocessAllAssets                                                              :       10 samples, Peak.  1.71 ms (2.5x), Avg.   682 us, Total. 6.816 ms (0.0%)
[Performance] AssetDatabaseProxy.OnPostprocessAllAssets                                                                      :       10 samples, Peak.   201 ms (4.9x), Avg.  41.2 ms, Total. 411.8 ms (0.1%)
[Performance] MaterialPostprocessor.OnPostprocessAllAssets                                                                   :       20 samples, Peak.   811 us (4.5x), Avg.   179 us, Total. 3.581 ms (0.0%)
[Performance] RetainedModeAssetPostprocessor.OnPostprocessAllAssets                                                          :       10 samples, Peak.  2.95 ms (4.8x), Avg.   610 us, Total. 6.103 ms (0.0%)
[Performance] AssetChangedListener.OnPostprocessAllAssets                                                                    :       10 samples, Peak.  1.68 ms (1.8x), Avg.   953 us, Total. 9.533 ms (0.0%)
[Performance] PostProcessor.OnPostprocessAllAssets                                                                           :       10 samples, Peak.   339 us (2.4x), Avg.   143 us, Total. 1.428 ms (0.0%)
[Performance] ShaderGraphAssetPostProcessor.OnPostprocessAllAssets                                                           :       10 samples, Peak.  2.37 ms (3.0x), Avg.   802 us, Total. 8.023 ms (0.0%)
[Performance] SpeedTreePostProcessor.OnPostprocessAllAssets                                                                  :       10 samples, Peak.   338 us (4.6x), Avg.  73.4 us, Total. 734.4 us (0.0%)
[Performance] TextAssetPostProcessor.OnPostprocessAllAssets                                                                  :       10 samples, Peak.   926 us (3.9x), Avg.   235 us, Total. 2.348 ms (0.0%)
[Performance] SpriteEditorTexturePostprocessor.OnPostprocessAllAssets                                                        :       10 samples, Peak.   731 us (3.2x), Avg.   229 us, Total. 2.291 ms (0.0%)
[Performance] AssetPathToTypes.OnPostprocessAllAssets                                                                        :       10 samples, Peak.   655 us (4.9x), Avg.   134 us, Total. 1.338 ms (0.0%)
[Performance] GenerateAssemblyTypeInfos                                                                                      :        4 samples, Peak.   200 ms (1.5x), Avg.   129 ms, Total. 517.2 ms (0.1%)
[Performance] AssetDatabase.Refresh                                                                                          :        2 samples, Peak.   809 ms (1.0x), Avg.   772 ms, Total. 1.544 s (0.3%)
[Performance] Application.Shutdown.SaveDefaultWindowPreferences                                                              :        1 samples, Peak.  1.96 ms (1.0x), Avg.  1.96 ms, Total. 1.958 ms (0.0%)
[Performance] Application.Shutdown.SaveSceneManagerSetup                                                                     :        1 samples, Peak.  1.74 ms (1.0x), Avg.  1.74 ms, Total. 1.742 ms (0.0%)
[Performance] Application.Shutdown.CleanupAllContainerWindows                                                                :        1 samples, Peak.  1.29 ms (1.0x), Avg.  1.29 ms, Total. 1.287 ms (0.0%)
[Performance] EditorApplication.quitting: Unity.Burst.Editor.BurstLoader.OnEditorApplicationQuitting                         :        1 samples, Peak.   750 us (1.0x), Avg.   750 us, Total. 749.8 us (0.0%)
[Performance] EditorApplication.quitting: callback in TMPro.EditorEventCallbacks                                             :        1 samples, Peak.   742 ms (1.0x), Avg.   742 ms, Total. 742.2 ms (0.1%)
[Performance] EditorApplication.quitting: callback in UnityEditor.TextCore.Text.EditorEventCallbacks                         :        1 samples, Peak.  22.9 ms (1.0x), Avg.  22.9 ms, Total. 22.95 ms (0.0%)
[Performance] EditorApplication.quitting: ThreadingManager.WaitForOutstandingTasks                                           :        1 samples, Peak.  13.8 us (1.0x), Avg.  13.8 us, Total. 13.80 us (0.0%)
[Performance] Application.Shutdown.PauseProfilerSession                                                                      :        1 samples, Peak.  5.32 ms (1.0x), Avg.  5.32 ms, Total. 5.319 ms (0.0%)
[Performance] Application.Shutdown.PauseAssetImportWorkers                                                                   :        1 samples, Peak.   951 us (1.0x), Avg.   951 us, Total. 951.1 us (0.0%)
[Performance] Application.Shutdown.SaveAssets                                                                                :        1 samples, Peak.   433 ms (1.0x), Avg.   433 ms, Total. 432.6 ms (0.1%)
[Performance] Application.Shutdown.CleanupRenderPipeline                                                                     :        1 samples, Peak.  13.6 us (1.0x), Avg.  13.6 us, Total. 13.60 us (0.0%)
[Performance] Application.Shutdown.StopPreloadManager                                                                        :        1 samples, Peak.  10.0 ms (1.0x), Avg.  10.0 ms, Total. 10.05 ms (0.0%)
[Performance] Application.Shutdown.DestroyWorld                                                                              :        1 samples, Peak.  1.38 ms (1.0x), Avg.  1.38 ms, Total. 1.378 ms (0.0%)
[Performance] Application.Shutdown.CleanupAfterLoad                                                                          :        1 samples, Peak.  2.37 s (1.0x), Avg.  2.37 s, Total. 2.371 s (0.5%)
[Performance] Application.Shutdown.Progress                                                                                  :        1 samples, Peak.  2.44 ms (1.0x), Avg.  2.44 ms, Total. 2.442 ms (0.0%)
[Performance] Application.Shutdown.GICleanupManagers                                                                         :        1 samples, Peak.  14.5 ms (1.0x), Avg.  14.5 ms, Total. 14.48 ms (0.0%)
[Performance] Application.Shutdown.MenuCleanupClass                                                                          :        1 samples, Peak.  4.56 ms (1.0x), Avg.  4.56 ms, Total. 4.558 ms (0.0%)
[Performance] Application.Shutdown.ADBSaveStateBeforeShutdown                                                                :        1 samples, Peak.  39.6 us (1.0x), Avg.  39.6 us, Total. 39.60 us (0.0%)
[Performance] Application.Shutdown.RemoteShutdown                                                                            :        1 samples, Peak.  1.20 us (1.0x), Avg.  1.20 us, Total. 1.200 us (0.0%)
[Performance] Application.Shutdown.CleanupVCProvider                                                                         :        1 samples, Peak.  1.64 ms (1.0x), Avg.  1.64 ms, Total. 1.645 ms (0.0%)
[Performance] Application.Shutdown.InputShutdown                                                                             :        1 samples, Peak.   600 us (1.0x), Avg.   600 us, Total. 599.6 us (0.0%)
[Performance] Application.Shutdown.GizmoManagerDestroy                                                                       :        1 samples, Peak.  3.56 ms (1.0x), Avg.  3.56 ms, Total. 3.556 ms (0.0%)
[Performance] Application.Shutdown.ProfilerSession                                                                           :        1 samples, Peak.  4.16 ms (1.0x), Avg.  4.16 ms, Total. 4.158 ms (0.0%)
[Performance] Application.Shutdown.ReleaseGfxWindowOnAllGUIViews                                                             :        1 samples, Peak.   600 ns (1.0x), Avg.   600 ns, Total. 600.0 ns (0.0%)
[Performance] Application.Shutdown.CleanupEngine                                                                             :        1 samples, Peak.   675 ms (1.0x), Avg.   675 ms, Total. 675.0 ms (0.1%)
[Performance] Application.Shutdown.CleanupAssetDatabase                                                                      :        1 samples, Peak.  67.7 ms (1.0x), Avg.  67.7 ms, Total. 67.66 ms (0.0%)
[Performance] Application.Shutdown.ScriptCompilationCleanUp                                                                  :        1 samples, Peak.  18.4 ms (1.0x), Avg.  18.4 ms, Total. 18.44 ms (0.0%)
[Performance] Application.Shutdown.DestroyJobSystem                                                                          :        1 samples, Peak.  2.02 ms (1.0x), Avg.  2.02 ms, Total. 2.021 ms (0.0%)
[Performance] Application.Shutdown.CleanupPersistentManager                                                                  :        1 samples, Peak.  22.4 ms (1.0x), Avg.  22.4 ms, Total. 22.43 ms (0.0%)
[Performance] Application.Shutdown.CleanupAsyncReadManager                                                                   :        1 samples, Peak.   526 us (1.0x), Avg.   526 us, Total. 526.3 us (0.0%)
[Performance] Application.Shutdown.CleanupProgressBar                                                                        :        1 samples, Peak.   429 us (1.0x), Avg.   429 us, Total. 428.9 us (0.0%)
[Performance] Application.Shutdown.CleanupMono                                                                               :        1 samples, Peak.   635 ms (1.0x), Avg.   635 ms, Total. 634.6 ms (0.1%)
[Performance] Application.Shutdown.CleanupStdConverters                                                                      :        1 samples, Peak.  32.7 us (1.0x), Avg.  32.7 us, Total. 32.70 us (0.0%)
[Performance] Application.Shutdown.UnloadAllPlatformSupportModuleNativeDlls                                                  :        1 samples, Peak.   700 ns (1.0x), Avg.   700 ns, Total. 700.0 ns (0.0%)
[Performance] Application.Shutdown.UnloadAllPlatformSupportNativeLibraries                                                   :        1 samples, Peak.   200 ns (1.0x), Avg.   200 ns, Total. 200.0 ns (0.0%)
[Performance] Application.Shutdown.CleanupAutoDocumentation                                                                  :        1 samples, Peak.  1.68 ms (1.0x), Avg.  1.68 ms, Total. 1.683 ms (0.0%)
[Performance] Application.Shutdown.ShaderNameManagerDestroy                                                                  :        1 samples, Peak.   685 us (1.0x), Avg.   685 us, Total. 685.2 us (0.0%)
[Performance] Application.Shutdown.CleanupCacheServer                                                                        :        1 samples, Peak.   500 ns (1.0x), Avg.   500 ns, Total. 500.0 ns (0.0%)
[Performance] Application.Shutdown.Virtualization_Shutdown                                                                   :        1 samples, Peak.   300 ns (1.0x), Avg.   300 ns, Total. 300.0 ns (0.0%)
[Performance] Application.Shutdown.DevConnections                                                                            :        1 samples, Peak.   549 us (1.0x), Avg.   549 us, Total. 549.5 us (0.0%)
Thread: ID 24036, CleanupSafetyData: safetyData 901b2b70
Thread: ID 24036, CleanupSafetyData: safetyData 901b3e30
Thread: ID 24036, CleanupSafetyData: safetyData 901b3f20
Thread: ID 24036, CleanupSafetyData: safetyData 9193e840
Thread: ID 24036, CleanupSafetyData: safetyData 94fc2d80
Checking for leaked weakptr:
  Found no leaked weakptrs.
[Package Manager] Server process was shutdown
Memory Statistics:
[ALLOC_TEMP_TLS] TLS Allocator
  StackAllocators : 
    [ALLOC_TEMP_CurlRequest]
      Initial Block Size 64.0 KB
      Current Block Size 64.0 KB
      Peak Allocated Bytes 0 B
      Overflow Count 0
    [ALLOC_TEMP_MAIN]
      Initial Block Size 16.0 MB
      Current Block Size 127.1 MB
      Peak Allocated Bytes 111.3 MB
      Overflow Count 2
    [ALLOC_TEMP_Background Job.worker 4]
      Initial Block Size 32.0 KB
      Current Block Size 32.0 KB
      Peak Allocated Bytes 48 B
      Overflow Count 0
    [ALLOC_TEMP_Loading.PreloadManager]
      Initial Block Size 32.0 MB
      Current Block Size 32.0 MB
      Peak Allocated Bytes 46 B
      Overflow Count 0
    [ALLOC_TEMP_Background Job.worker 3]
      Initial Block Size 32.0 KB
      Current Block Size 32.0 KB
      Peak Allocated Bytes 48 B
      Overflow Count 0
    [ALLOC_TEMP_Background Job.worker 11]
      Initial Block Size 32.0 KB
      Current Block Size 32.0 KB
      Peak Allocated Bytes 50 B
      Overflow Count 0
    [ALLOC_TEMP_Background Job.worker 7]
      Initial Block Size 32.0 KB
      Current Block Size 32.0 KB
      Peak Allocated Bytes 48 B
      Overflow Count 0
    [ALLOC_TEMP_EditorTaskManager]
      Initial Block Size 64.0 KB
      Current Block Size 68.0 KB
      Peak Allocated Bytes 64.0 KB
      Overflow Count 0
    [ALLOC_TEMP_Background Job.worker 6]
      Initial Block Size 32.0 KB
      Current Block Size 32.0 KB
      Peak Allocated Bytes 48 B
      Overflow Count 0
    [ALLOC_TEMP_CloudJob.worker 0]
      Initial Block Size 32.0 KB
      Current Block Size 32.0 KB
      Peak Allocated Bytes 20.9 KB
      Overflow Count 0
    [ALLOC_TEMP_AUDIO_FMOD (WASAPI) feeder thread]
      Initial Block Size 64.0 KB
      Current Block Size 64.0 KB
      Peak Allocated Bytes 58 B
      Overflow Count 0
    [ALLOC_TEMP_Profiler.Dispatcher]
      Initial Block Size 64.0 KB
      Current Block Size 64.0 KB
      Peak Allocated Bytes 0 B
      Overflow Count 0
    [ALLOC_TEMP_Background Job.worker 12]
      Initial Block Size 32.0 KB
      Current Block Size 32.0 KB
      Peak Allocated Bytes 50 B
      Overflow Count 0
    [ALLOC_TEMP_Background Job.worker 2]
      Initial Block Size 32.0 KB
      Current Block Size 32.0 KB
      Peak Allocated Bytes 1.5 KB
      Overflow Count 0
    [ALLOC_TEMP_Background Job.worker 10]
      Initial Block Size 32.0 KB
      Current Block Size 32.0 KB
      Peak Allocated Bytes 50 B
      Overflow Count 0
    [ALLOC_TEMP_Background Job.worker 15]
      Initial Block Size 32.0 KB
      Current Block Size 32.0 KB
      Peak Allocated Bytes 50 B
      Overflow Count 0
    [ALLOC_TEMP_Job.worker 5]
      Initial Block Size 256.0 KB
      Current Block Size 1.0 MB
      Peak Allocated Bytes 1.0 MB
      Overflow Count 1
    [ALLOC_TEMP_AUDIO_FMOD mixer thread]
      Initial Block Size 64.0 KB
      Current Block Size 64.0 KB
      Peak Allocated Bytes 38 B
      Overflow Count 0
    [ALLOC_TEMP_Background Job.worker 8]
      Initial Block Size 32.0 KB
      Current Block Size 32.0 KB
      Peak Allocated Bytes 48 B
      Overflow Count 0
    [ALLOC_TEMP_Background Job.worker 13]
      Initial Block Size 32.0 KB
      Current Block Size 32.0 KB
      Peak Allocated Bytes 50 B
      Overflow Count 0
    [ALLOC_TEMP_BakingJobs.worker 0]
      Initial Block Size 256.0 KB
      Current Block Size 256.0 KB
      Peak Allocated Bytes 40 B
      Overflow Count 0
    [ALLOC_TEMP_AssetGarbageCollectorHelper] x 11
      Initial Block Size 64.0 KB
      Current Block Size 64.0 KB
      Peak Allocated Bytes 0 B
      Overflow Count 0
    [ALLOC_TEMP_BakingJobs.worker 4]
      Initial Block Size 256.0 KB
      Current Block Size 256.0 KB
      Peak Allocated Bytes 40 B
      Overflow Count 0
    [ALLOC_TEMP_Background Job.worker 0]
      Initial Block Size 32.0 KB
      Current Block Size 32.0 KB
      Peak Allocated Bytes 48 B
      Overflow Count 0
    [ALLOC_TEMP_Job.worker 6]
      Initial Block Size 256.0 KB
      Current Block Size 1.0 MB
      Peak Allocated Bytes 1.0 MB
      Overflow Count 1
    [ALLOC_TEMP_Job.worker 8]
      Initial Block Size 256.0 KB
      Current Block Size 1.0 MB
      Peak Allocated Bytes 1.0 MB
      Overflow Count 1
    [ALLOC_TEMP_Background Job.worker 14]
      Initial Block Size 32.0 KB
      Current Block Size 32.0 KB
      Peak Allocated Bytes 50 B
      Overflow Count 0
    [ALLOC_TEMP_BakingJobs.worker 1]
      Initial Block Size 256.0 KB
      Current Block Size 256.0 KB
      Peak Allocated Bytes 40 B
      Overflow Count 0
    [ALLOC_TEMP_BatchDeleteObjects]
      Initial Block Size 64.0 KB
      Current Block Size 64.0 KB
      Peak Allocated Bytes 38 B
      Overflow Count 0
    [ALLOC_TEMP_BakingJobs.worker 5]
      Initial Block Size 256.0 KB
      Current Block Size 256.0 KB
      Peak Allocated Bytes 40 B
      Overflow Count 0
    [ALLOC_TEMP_AUDIO_FMOD stream thread]
      Initial Block Size 64.0 KB
      Current Block Size 64.0 KB
      Peak Allocated Bytes 40 B
      Overflow Count 0
    [ALLOC_TEMP_CoreBusinessMetricsCache]
      Initial Block Size 64.0 KB
      Current Block Size 64.0 KB
      Peak Allocated Bytes 7.5 KB
      Overflow Count 0
    [ALLOC_TEMP_Background Job.worker 9]
      Initial Block Size 32.0 KB
      Current Block Size 32.0 KB
      Peak Allocated Bytes 48 B
      Overflow Count 0
    [ALLOC_TEMP_Job.worker 0]
      Initial Block Size 256.0 KB
      Current Block Size 256.0 KB
      Peak Allocated Bytes 97.6 KB
      Overflow Count 1
    [ALLOC_TEMP_Job.worker 4]
      Initial Block Size 256.0 KB
      Current Block Size 1.0 MB
      Peak Allocated Bytes 1.0 MB
      Overflow Count 1
    [ALLOC_TEMP_Background Job.worker 1]
      Initial Block Size 32.0 KB
      Current Block Size 256.0 KB
      Peak Allocated Bytes 134.0 KB
      Overflow Count 4501
    [ALLOC_TEMP_AssetDatabase.IOService]
      Initial Block Size 64.0 KB
      Current Block Size 64.0 KB
      Peak Allocated Bytes 48 B
      Overflow Count 0
    [ALLOC_TEMP_Job.worker 1]
      Initial Block Size 256.0 KB
      Current Block Size 1.0 MB
      Peak Allocated Bytes 1.0 MB
      Overflow Count 1
    [ALLOC_TEMP_BakingJobs.worker 3]
      Initial Block Size 256.0 KB
      Current Block Size 256.0 KB
      Peak Allocated Bytes 40 B
      Overflow Count 0
    [ALLOC_TEMP_Background Job.worker 5]
      Initial Block Size 32.0 KB
      Current Block Size 32.0 KB
      Peak Allocated Bytes 48 B
      Overflow Count 0
    [ALLOC_TEMP_DirMonitor]
      Initial Block Size 64.0 KB
      Current Block Size 64.0 KB
      Peak Allocated Bytes 0.8 KB
      Overflow Count 0
    [ALLOC_TEMP_Job.worker 3]
      Initial Block Size 256.0 KB
      Current Block Size 1.0 MB
      Peak Allocated Bytes 1.0 MB
      Overflow Count 1
    [ALLOC_TEMP_BakingJobs.worker 2]
      Initial Block Size 256.0 KB
      Current Block Size 256.0 KB
      Peak Allocated Bytes 40 B
      Overflow Count 0
    [ALLOC_TEMP_Job.worker 2]
      Initial Block Size 256.0 KB
      Current Block Size 1.0 MB
      Peak Allocated Bytes 1.0 MB
      Overflow Count 1
    [ALLOC_TEMP_Job.worker 10]
      Initial Block Size 256.0 KB
      Current Block Size 1.0 MB
      Peak Allocated Bytes 1.0 MB
      Overflow Count 0
    [ALLOC_TEMP_Job.worker 7]
      Initial Block Size 256.0 KB
      Current Block Size 1.0 MB
      Peak Allocated Bytes 1.0 MB
      Overflow Count 1
    [ALLOC_TEMP_Job.worker 9]
      Initial Block Size 256.0 KB
      Current Block Size 1.0 MB
      Peak Allocated Bytes 1.0 MB
      Overflow Count 1
    [ALLOC_TEMP_Loading.AsyncRead]
      Initial Block Size 64.0 KB
      Current Block Size 64.0 KB
      Peak Allocated Bytes 128 B
      Overflow Count 0
[ALLOC_MEMORYPROFILER]
  Requested Block Size 1.0 MB
  Peak Block count 8
  Peak Allocated memory 7.5 MB
  Peak Large allocation bytes 0.6 MB
[ALLOC_DEFAULT] Dual Thread Allocator
  Peak main deferred allocation count 8954
    [ALLOC_BUCKET]
      Large Block size 32.0 MB
      Used Block count 4
      Peak Allocated bytes 61.3 MB
    [ALLOC_DEFAULT_MAIN]
      Requested Block Size 16.0 MB
      Peak Block count 16
      Peak Allocated memory 0.53 GB
      Peak Large allocation bytes 314.0 MB
    [ALLOC_DEFAULT_THREAD]
      Requested Block Size 16.0 MB
      Peak Block count 1
      Peak Allocated memory 64.2 MB
      Peak Large allocation bytes 51.2 MB
[ALLOC_TEMP_JOB_1_FRAME]
  Initial Block Size 2.0 MB
  Used Block Count 0
  Overflow Count (too large) 0
  Overflow Count (full) 0
[ALLOC_TEMP_JOB_2_FRAMES]
  Initial Block Size 2.0 MB
  Used Block Count 0
  Overflow Count (too large) 0
  Overflow Count (full) 0
[ALLOC_TEMP_JOB_4_FRAMES (JobTemp)]
  Initial Block Size 2.0 MB
  Used Block Count 1
  Overflow Count (too large) 2
  Overflow Count (full) 0
[ALLOC_TEMP_JOB_ASYNC (Background)]
  Initial Block Size 1.0 MB
  Used Block Count 1
  Overflow Count (too large) 5
  Overflow Count (full) 0
[ALLOC_GFX] Dual Thread Allocator
  Peak main deferred allocation count 893
    [ALLOC_BUCKET]
      Large Block size 32.0 MB
      Used Block count 4
      Peak Allocated bytes 61.3 MB
    [ALLOC_GFX_MAIN]
      Requested Block Size 16.0 MB
      Peak Block count 61
      Peak Allocated memory 1.84 GB
      Peak Large allocation bytes 0.91 GB
    [ALLOC_GFX_THREAD]
      Requested Block Size 16.0 MB
      Peak Block count 1
      Peak Allocated memory 250.3 KB
      Peak Large allocation bytes 0 B
[ALLOC_CACHEOBJECTS] Dual Thread Allocator
  Peak main deferred allocation count 120827
    [ALLOC_BUCKET]
      Large Block size 32.0 MB
      Used Block count 4
      Peak Allocated bytes 61.3 MB
    [ALLOC_CACHEOBJECTS_MAIN]
      Requested Block Size 4.0 MB
      Peak Block count 65
      Peak Allocated memory 0.89 GB
      Peak Large allocation bytes 0.72 GB
    [ALLOC_CACHEOBJECTS_THREAD]
      Requested Block Size 4.0 MB
      Peak Block count 1
      Peak Allocated memory 304 B
      Peak Large allocation bytes 0 B
[ALLOC_TYPETREE] Dual Thread Allocator
  Peak main deferred allocation count 4057
    [ALLOC_BUCKET]
      Large Block size 32.0 MB
      Used Block count 4
      Peak Allocated bytes 61.3 MB
    [ALLOC_TYPETREE_MAIN]
      Requested Block Size 2.0 MB
      Peak Block count 6
      Peak Allocated memory 11.9 MB
      Peak Large allocation bytes 0 B
    [ALLOC_TYPETREE_THREAD]
      Requested Block Size 2.0 MB
      Peak Block count 1
      Peak Allocated memory 1.9 KB
      Peak Large allocation bytes 0 B
[ALLOC_PROFILER]
  Requested Block Size 16.0 MB
  Peak Block count 1
  Peak Allocated memory 0.7 MB
  Peak Large allocation bytes 0 B
    [ALLOC_PROFILER_BUCKET]
      Large Block size 32.0 MB
      Used Block count 1
      Peak Allocated bytes 11.1 KB
[ALLOC_PROFILER_EDITOR]
  Requested Block Size 1.0 MB
  Peak Block count 0
  Peak Allocated memory 0 B
  Peak Large allocation bytes 0 B
    [ALLOC_PROFILER_BUCKET]
      Large Block size 32.0 MB
      Used Block count 1
      Peak Allocated bytes 11.1 KB
##utp:{"type":"MemoryLeaks","version":2,"phase":"Immediate","time":1790184089390,"processId":27368,"allocatedMemory":18627526,"memoryLabels":[{"Default":17549},{"Permanent":15300},{"NewDelete":77216},{"Thread":4230344},{"Manager":28250},{"VertexData":8},{"Geometry":816},{"Texture":160},{"Shader":77819},{"Material":24},{"GfxDevice":55384},{"Animation":328},{"Audio":4040},{"FontEngine":224},{"Physics":369},{"Serialization":968},{"Input":14816},{"JobScheduler":33024},{"Mono":32},{"ScriptingNativeRuntime":155060},{"BaseObject":1619504},{"Resource":1304},{"Renderer":2360},{"Transform":4646},{"File":976},{"WebCam":80},{"Culling":32},{"Terrain":953},{"Wind":24},{"STL":40},{"String":11189},{"DynamicArray":125095},{"HashMap":86168},{"Utility":2662638},{"Curl":1448},{"PoolAlloc":1768},{"AI":104},{"TypeTree":4493},{"ScriptManager":512},{"RuntimeInitializeOnLoadManager":64},{"SpriteAtlas":112},{"GI":7888},{"Director":8240},{"CloudService":6344},{"WebRequest":4633},{"VR":45953},{"SceneManager":496},{"Video":64},{"LazyScriptCache":32},{"NativeArray":8},{"Camera":17},{"Secure":1},{"Image":4096},{"SerializationCache":1576},{"APIUpdating":10320},{"Subsystems":336},{"VirtualTexturing":57888},{"StaticSafetyDebugInfo":278528},{"Analytics":544},{"Hierarchy":16},{"Gui":80},{"EditorUtility":62628},{"VersionControl":4},{"Undo":624},{"AssetDatabase":8846706},{"EditorGi":328},{"UnityConnect":24848},{"Collab":545},{"Upm":1728},{"DrivenProperties":72},{"LocalIPC":262},{"ProfilerEditor":9738},{"CoreBusinessMetrics":14022},{"Licensing":3656},{"AssetReference":32},{"IPCStream":32}]}
~StackAllocator(ALLOC_TEMP_MAIN) m_LastAlloc not NULL. Did you forget to call FreeAllStackAllocations()? To get more information, run app with -diag-temp-memory-leak-validation cmd line argument
