[Licensing::Module] Trying to connect to existing licensing client channel...
[Licensing::IpcConnector] Successfully connected to the License Client on channel: "LicenseClient-Carlos" at "2026-09-20T23:45:40.8764062Z"
[Licensing::Client] Error: Code 10 while verifying Licensing Client signature (process Id: 2492, path: "C:/Program Files/Unity Hub/UnityLicensingClient_V1/Unity.Licensing.Client.exe")
[Licensing::Module] Error: LicensingClient has failed validation; ignoring
[Licensing::Client] Handshaking with LicensingClient:
  Version:                 1.17.4+4293ba1
  Session Id:              85fe7cb8bc734f01835bfb874349fb95
  Correlation Id:          76d326d1a8cf0e58e38ff270127cb807
  External correlation Id: 5312296367368695924
  Machine Id:              rim6K0e3824DdztLMiiFcCA9YEY=
[Licensing::Module] Successfully connected to LicensingClient on channel: "LicenseClient-Carlos" (connect: 0.00s, validation: 0.02s, handshake: 0.04s)
[Licensing::IpcConnector] Successfully connected to the License Notification on channel: "LicenseClient-Carlos-notifications" at "2026-09-20T23:45:40.937015Z"
[Licensing::Module] Error: Access token is unavailable; failed to update
[Licensing::Client] Successfully updated license
Built from '2023.2/release' branch; Version is '2023.2.22f1 (6b19bf4f8115) revision 7018943'; Using compiler version '193431935'; Build Type 'Release'
OS: 'Windows 11  (10.0.26200) 64bit Core' Language: 'es' Physical Memory: 16256 MB
[Licensing::Client] Successfully resolved entitlements
[Licensing::Module] Serial number assigned to: "4674147786112-UnityPersXXXX"
BatchMode: 1, IsHumanControllingUs: 0, StartBugReporterOnCrash: 0, Is64bit: 1, IsPro: 0

COMMAND LINE ARGUMENTS:
C:\Program Files\Unity\Hub\Editor\2023.2.22f1\Editor\Unity.exe
-batchmode
-quit
-nographics
-projectPath
C:\MoSimModding\MoSimPrepatec
-buildTarget
osx
-executeMethod
Editor.AddressablesModExporter.BuildFromCommandLine
-groups
MxModpackW1
-logFile
C:\MoSimModding\MoSimPrepatec\Tools\build-logs\build-osx.log
-versions
v4.1.0
Successfully changed project path to: C:\MoSimModding\MoSimPrepatec
C:/MoSimModding/MoSimPrepatec
[UnityMemory] Configuration Parameters - Can be set up in boot.config
    "memorysetup-bucket-allocator-granularity=16"
    "memorysetup-bucket-allocator-bucket-count=8"
    "memorysetup-bucket-allocator-block-size=33554432"
    "memorysetup-bucket-allocator-block-count=8"
    "memorysetup-main-allocator-block-size=16777216"
    "memorysetup-thread-allocator-block-size=16777216"
    "memorysetup-gfx-main-allocator-block-size=16777216"
    "memorysetup-gfx-thread-allocator-block-size=16777216"
    "memorysetup-cache-allocator-block-size=4194304"
    "memorysetup-typetree-allocator-block-size=2097152"
    "memorysetup-profiler-bucket-allocator-granularity=16"
    "memorysetup-profiler-bucket-allocator-bucket-count=8"
    "memorysetup-profiler-bucket-allocator-block-size=33554432"
    "memorysetup-profiler-bucket-allocator-block-count=8"
    "memorysetup-profiler-allocator-block-size=16777216"
    "memorysetup-profiler-editor-allocator-block-size=1048576"
    "memorysetup-temp-allocator-size-main=16777216"
    "memorysetup-job-temp-allocator-block-size=2097152"
    "memorysetup-job-temp-allocator-block-size-background=1048576"
    "memorysetup-job-temp-allocator-reduction-small-platforms=262144"
    "memorysetup-allocator-temp-initial-block-size-main=262144"
    "memorysetup-allocator-temp-initial-block-size-worker=262144"
    "memorysetup-temp-allocator-size-background-worker=32768"
    "memorysetup-temp-allocator-size-job-worker=262144"
    "memorysetup-temp-allocator-size-preload-manager=33554432"
    "memorysetup-temp-allocator-size-nav-mesh-worker=65536"
    "memorysetup-temp-allocator-size-audio-worker=65536"
    "memorysetup-temp-allocator-size-cloud-worker=32768"
    "memorysetup-temp-allocator-size-gi-baking-worker=262144"
    "memorysetup-temp-allocator-size-gi-baking-worker=262144"
    "memorysetup-temp-allocator-size-gi-baking-worker=262144"
    "memorysetup-temp-allocator-size-gi-baking-worker=262144"
    "memorysetup-temp-allocator-size-gfx=262144"
Player connection [32188] Host "[IP] 192.168.3.58 [Port] 55504 [Flags] 2 [Guid] 596881286 [EditorId] 596881286 [Version] 1048832 [Id] WindowsEditor(7,DESKTOP-3CEQP92) [Debug] 1 [PackageName] WindowsEditor [ProjectName] Editor" joined multi-casting on [225.0.0.222:54997]...
Player connection [32188] Host "[IP] 192.168.3.58 [Port] 55504 [Flags] 2 [Guid] 596881286 [EditorId] 596881286 [Version] 1048832 [Id] WindowsEditor(7,DESKTOP-3CEQP92) [Debug] 1 [PackageName] WindowsEditor [ProjectName] Editor" joined alternative multi-casting on [225.0.0.222:34997]...
[Physics::Module] Initialized MultithreadedJobDispatcher with 11 workers.
[Package Manager] Connected to IPC stream "Upm-3956" after 0.4 seconds.
Library Redirect Path: Library/
[Licensing::Client] Successfully resolved entitlements
[Package Manager] Restoring resolved packages state from cache
[Licensing::Client] Successfully resolved entitlement details
[Package Manager] Registered 66 packages:
  Packages from [https://packages.unity.com]:
    com.unity.addressables@2.7.6 (location: C:\MoSimModding\MoSimPrepatec\Library\PackageCache\com.unity.addressables@2.7.6)
    com.unity.ai.navigation@2.0.0 (location: C:\MoSimModding\MoSimPrepatec\Library\PackageCache\com.unity.ai.navigation@2.0.0)
    com.unity.cinemachine@3.0.1 (location: C:\MoSimModding\MoSimPrepatec\Library\PackageCache\com.unity.cinemachine@3.0.1)
    com.unity.collab-proxy@2.3.1 (location: C:\MoSimModding\MoSimPrepatec\Library\PackageCache\com.unity.collab-proxy@2.3.1)
    com.unity.ide.rider@3.0.38 (location: C:\MoSimModding\MoSimPrepatec\Library\PackageCache\com.unity.ide.rider@3.0.38)
    com.unity.ide.visualstudio@2.0.23 (location: C:\MoSimModding\MoSimPrepatec\Library\PackageCache\com.unity.ide.visualstudio@2.0.23)
    com.unity.inputsystem@1.7.0 (location: C:\MoSimModding\MoSimPrepatec\Library\PackageCache\com.unity.inputsystem@1.7.0)
    com.unity.recorder@5.0.0 (location: C:\MoSimModding\MoSimPrepatec\Library\PackageCache\com.unity.recorder@5.0.0)
    com.unity.timeline@1.8.8 (location: C:\MoSimModding\MoSimPrepatec\Library\PackageCache\com.unity.timeline@1.8.8)
    com.unity.toolchain.linux-x86_64@2.0.10 (location: C:\MoSimModding\MoSimPrepatec\Library\PackageCache\com.unity.toolchain.linux-x86_64@2.0.10)
    com.unity.toolchain.win-x86_64-linux-x86_64@2.0.11 (location: C:\MoSimModding\MoSimPrepatec\Library\PackageCache\com.unity.toolchain.win-x86_64-linux-x86_64@2.0.11)
    com.unity.visualscripting@1.8.0 (location: C:\MoSimModding\MoSimPrepatec\Library\PackageCache\com.unity.visualscripting@1.8.0)
    com.unity.sysroot@2.0.10 (location: C:\MoSimModding\MoSimPrepatec\Library\PackageCache\com.unity.sysroot@2.0.10)
    com.unity.sysroot.linux-x86_64@2.0.9 (location: C:\MoSimModding\MoSimPrepatec\Library\PackageCache\com.unity.sysroot.linux-x86_64@2.0.9)
    com.unity.ext.nunit@2.0.5 (location: C:\MoSimModding\MoSimPrepatec\Library\PackageCache\com.unity.ext.nunit@2.0.5)
    com.unity.mathematics@1.2.6 (location: C:\MoSimModding\MoSimPrepatec\Library\PackageCache\com.unity.mathematics@1.2.6)
    com.unity.burst@1.8.13 (location: C:\MoSimModding\MoSimPrepatec\Library\PackageCache\com.unity.burst@1.8.13)
    com.unity.splines@2.5.2 (location: C:\MoSimModding\MoSimPrepatec\Library\PackageCache\com.unity.splines@2.5.2)
    com.unity.profiling.core@1.0.2 (location: C:\MoSimModding\MoSimPrepatec\Library\PackageCache\com.unity.profiling.core@1.0.2)
    com.unity.test-framework@1.4.5 (location: C:\MoSimModding\MoSimPrepatec\Library\PackageCache\com.unity.test-framework@1.4.5)
    com.unity.scriptablebuildpipeline@2.5.0 (location: C:\MoSimModding\MoSimPrepatec\Library\PackageCache\com.unity.scriptablebuildpipeline@2.5.0)
    com.unity.searcher@4.9.2 (location: C:\MoSimModding\MoSimPrepatec\Library\PackageCache\com.unity.searcher@4.9.2)
    com.unity.settings-manager@2.0.1 (location: C:\MoSimModding\MoSimPrepatec\Library\PackageCache\com.unity.settings-manager@2.0.1)
    com.unity.collections@1.4.0 (location: C:\MoSimModding\MoSimPrepatec\Library\PackageCache\com.unity.collections@1.4.0)
    com.unity.nuget.mono-cecil@1.11.4 (location: C:\MoSimModding\MoSimPrepatec\Library\PackageCache\com.unity.nuget.mono-cecil@1.11.4)
  Built-in packages:
    com.unity.2d.sprite@1.0.0 (location: C:\MoSimModding\MoSimPrepatec\Library\PackageCache\com.unity.2d.sprite@1.0.0)
    com.unity.render-pipelines.universal@16.0.6 (location: C:\MoSimModding\MoSimPrepatec\Library\PackageCache\com.unity.render-pipelines.universal@16.0.6)
    com.unity.ugui@2.0.0 (location: C:\MoSimModding\MoSimPrepatec\Library\PackageCache\com.unity.ugui@2.0.0)
    com.unity.modules.accessibility@1.0.0 (location: C:\MoSimModding\MoSimPrepatec\Library\PackageCache\com.unity.modules.accessibility@1.0.0)
    com.unity.modules.ai@1.0.0 (location: C:\MoSimModding\MoSimPrepatec\Library\PackageCache\com.unity.modules.ai@1.0.0)
    com.unity.modules.androidjni@1.0.0 (location: C:\MoSimModding\MoSimPrepatec\Library\PackageCache\com.unity.modules.androidjni@1.0.0)
    com.unity.modules.animation@1.0.0 (location: C:\MoSimModding\MoSimPrepatec\Library\PackageCache\com.unity.modules.animation@1.0.0)
    com.unity.modules.assetbundle@1.0.0 (location: C:\MoSimModding\MoSimPrepatec\Library\PackageCache\com.unity.modules.assetbundle@1.0.0)
    com.unity.modules.audio@1.0.0 (location: C:\MoSimModding\MoSimPrepatec\Library\PackageCache\com.unity.modules.audio@1.0.0)
    com.unity.modules.cloth@1.0.0 (location: C:\MoSimModding\MoSimPrepatec\Library\PackageCache\com.unity.modules.cloth@1.0.0)
    com.unity.modules.director@1.0.0 (location: C:\MoSimModding\MoSimPrepatec\Library\PackageCache\com.unity.modules.director@1.0.0)
    com.unity.modules.imageconversion@1.0.0 (location: C:\MoSimModding\MoSimPrepatec\Library\PackageCache\com.unity.modules.imageconversion@1.0.0)
    com.unity.modules.imgui@1.0.0 (location: C:\MoSimModding\MoSimPrepatec\Library\PackageCache\com.unity.modules.imgui@1.0.0)
    com.unity.modules.jsonserialize@1.0.0 (location: C:\MoSimModding\MoSimPrepatec\Library\PackageCache\com.unity.modules.jsonserialize@1.0.0)
    com.unity.modules.particlesystem@1.0.0 (location: C:\MoSimModding\MoSimPrepatec\Library\PackageCache\com.unity.modules.particlesystem@1.0.0)
    com.unity.modules.physics@1.0.0 (location: C:\MoSimModding\MoSimPrepatec\Library\PackageCache\com.unity.modules.physics@1.0.0)
    com.unity.modules.physics2d@1.0.0 (location: C:\MoSimModding\MoSimPrepatec\Library\PackageCache\com.unity.modules.physics2d@1.0.0)
    com.unity.modules.screencapture@1.0.0 (location: C:\MoSimModding\MoSimPrepatec\Library\PackageCache\com.unity.modules.screencapture@1.0.0)
    com.unity.modules.terrain@1.0.0 (location: C:\MoSimModding\MoSimPrepatec\Library\PackageCache\com.unity.modules.terrain@1.0.0)
    com.unity.modules.terrainphysics@1.0.0 (location: C:\MoSimModding\MoSimPrepatec\Library\PackageCache\com.unity.modules.terrainphysics@1.0.0)
    com.unity.modules.tilemap@1.0.0 (location: C:\MoSimModding\MoSimPrepatec\Library\PackageCache\com.unity.modules.tilemap@1.0.0)
    com.unity.modules.ui@1.0.0 (location: C:\MoSimModding\MoSimPrepatec\Library\PackageCache\com.unity.modules.ui@1.0.0)
    com.unity.modules.uielements@1.0.0 (location: C:\MoSimModding\MoSimPrepatec\Library\PackageCache\com.unity.modules.uielements@1.0.0)
    com.unity.modules.umbra@1.0.0 (location: C:\MoSimModding\MoSimPrepatec\Library\PackageCache\com.unity.modules.umbra@1.0.0)
    com.unity.modules.unityanalytics@1.0.0 (location: C:\MoSimModding\MoSimPrepatec\Library\PackageCache\com.unity.modules.unityanalytics@1.0.0)
    com.unity.modules.unitywebrequest@1.0.0 (location: C:\MoSimModding\MoSimPrepatec\Library\PackageCache\com.unity.modules.unitywebrequest@1.0.0)
    com.unity.modules.unitywebrequestassetbundle@1.0.0 (location: C:\MoSimModding\MoSimPrepatec\Library\PackageCache\com.unity.modules.unitywebrequestassetbundle@1.0.0)
    com.unity.modules.unitywebrequestaudio@1.0.0 (location: C:\MoSimModding\MoSimPrepatec\Library\PackageCache\com.unity.modules.unitywebrequestaudio@1.0.0)
    com.unity.modules.unitywebrequesttexture@1.0.0 (location: C:\MoSimModding\MoSimPrepatec\Library\PackageCache\com.unity.modules.unitywebrequesttexture@1.0.0)
    com.unity.modules.unitywebrequestwww@1.0.0 (location: C:\MoSimModding\MoSimPrepatec\Library\PackageCache\com.unity.modules.unitywebrequestwww@1.0.0)
    com.unity.modules.vehicles@1.0.0 (location: C:\MoSimModding\MoSimPrepatec\Library\PackageCache\com.unity.modules.vehicles@1.0.0)
    com.unity.modules.video@1.0.0 (location: C:\MoSimModding\MoSimPrepatec\Library\PackageCache\com.unity.modules.video@1.0.0)
    com.unity.modules.vr@1.0.0 (location: C:\MoSimModding\MoSimPrepatec\Library\PackageCache\com.unity.modules.vr@1.0.0)
    com.unity.modules.wind@1.0.0 (location: C:\MoSimModding\MoSimPrepatec\Library\PackageCache\com.unity.modules.wind@1.0.0)
    com.unity.modules.xr@1.0.0 (location: C:\MoSimModding\MoSimPrepatec\Library\PackageCache\com.unity.modules.xr@1.0.0)
    com.unity.modules.subsystems@1.0.0 (location: C:\MoSimModding\MoSimPrepatec\Library\PackageCache\com.unity.modules.subsystems@1.0.0)
    com.unity.modules.hierarchycore@1.0.0 (location: C:\MoSimModding\MoSimPrepatec\Library\PackageCache\com.unity.modules.hierarchycore@1.0.0)
    com.unity.render-pipelines.core@16.0.6 (location: C:\MoSimModding\MoSimPrepatec\Library\PackageCache\com.unity.render-pipelines.core@16.0.6)
    com.unity.shadergraph@16.0.6 (location: C:\MoSimModding\MoSimPrepatec\Library\PackageCache\com.unity.shadergraph@16.0.6)
    com.unity.rendering.light-transport@1.0.2 (location: C:\MoSimModding\MoSimPrepatec\Library\PackageCache\com.unity.rendering.light-transport@1.0.2)
  Git packages:
    com.nobi.roundedcorners@https://github.com/kirevdokimov/Unity-UI-Rounded-Corners.git (location: C:\MoSimModding\MoSimPrepatec\Library\PackageCache\com.nobi.roundedcorners@33135342e8)
[Subsystems] No new subsystems found in resolved package list.
Package Manager log level set to [2]
[Package Manager] Done registering packages in 0.08 seconds
Targeting platform: osx
Refreshing native plugins compatible for Editor in 2.65 ms, found 6 plugins.
Preloading 0 native plugins for Editor in 0.00 ms.
Initialize engine version: 2023.2.22f1 (6b19bf4f8115)
[Subsystems] Discovering subsystems at path C:/Program Files/Unity/Hub/Editor/2023.2.22f1/Editor/Data/Resources/UnitySubsystems
[Subsystems] Discovering subsystems at path C:/MoSimModding/MoSimPrepatec/Assets
Forcing GfxDevice: Null
GfxDevice: creating device client; kGfxThreadingModeNonThreaded
NullGfxDevice:
    Version:  NULL 1.0 [1.0]
    Renderer: Null Device
    Vendor:   Unity Technologies
Shader Hidden/ProbeVolume/VoxelizeScene is not supported: GPU does not support conservative rasterization
[Licensing::Client] Successfully resolved entitlements
Initialize mono
Mono path[0] = 'C:/Program Files/Unity/Hub/Editor/2023.2.22f1/Editor/Data/Managed'
Mono path[1] = 'C:/Program Files/Unity/Hub/Editor/2023.2.22f1/Editor/Data/MonoBleedingEdge/lib/mono/unityjit-win32'
Mono config path = 'C:/Program Files/Unity/Hub/Editor/2023.2.22f1/Editor/Data/MonoBleedingEdge/etc'
Using monoOptions --debugger-agent=transport=dt_socket,embedding=1,server=y,suspend=n,address=127.0.0.1:56956
Using cacheserver namespaces - metadata:defaultmetadata, artifacts:defaultartifacts
Using cacheserver namespaces - metadata:defaultmetadata, artifacts:defaultartifacts
ImportWorker Server TCP listen port: 0
AcceleratorClientConnectionCallback - disconnected - :0
Begin MonoManager ReloadAssembly
Registering precompiled unity dll's ...
Register platform support module: C:/Program Files/Unity/Hub/Editor/2023.2.22f1/Editor/Data/PlaybackEngines/MacStandaloneSupport/UnityEditor.OSXStandalone.Extensions.dll
Register platform support module: C:/Program Files/Unity/Hub/Editor/2023.2.22f1/Editor/Data/PlaybackEngines/WindowsStandaloneSupport/UnityEditor.WindowsStandalone.Extensions.dll
[Licensing::Client] Successfully resolved entitlements
Register platform support module: C:/Program Files/Unity/Hub/Editor/2023.2.22f1/Editor/Data/PlaybackEngines/MetroSupport/UnityEditor.UWP.Extensions.dll
[Licensing::Client] Successfully resolved entitlements
Register platform support module: C:/Program Files/Unity/Hub/Editor/2023.2.22f1/Editor/Data/PlaybackEngines/AndroidPlayer/UnityEditor.Android.Extensions.dll
Register platform support module: C:/Program Files/Unity/Hub/Editor/2023.2.22f1/Editor/Data/PlaybackEngines/LinuxStandaloneSupport/UnityEditor.LinuxStandalone.Extensions.dll
Registered in 0.030438 seconds.
- Loaded All Assemblies, in  0.445 seconds
Native extension for LinuxStandalone target not found
Native extension for Android target not found
Android Extension - Scanning For ADB Devices 2290 ms
Native extension for UWP target not found
Native extension for WindowsStandalone target not found
Native extension for OSXStandalone target not found
Mono: successfully reloaded assembly
- Finished resetting the current domain, in  2.658 seconds
Domain Reload Profiling: 3100ms
	BeginReloadAssembly (144ms)
		ExecutionOrderSort (0ms)
		DisableScriptedObjects (0ms)
		BackupInstance (0ms)
		ReleaseScriptingObjects (0ms)
		CreateAndSetChildDomain (1ms)
	RebuildCommonClasses (36ms)
	RebuildNativeTypeToScriptingClass (11ms)
	initialDomainReloadingComplete (81ms)
	LoadAllAssembliesAndSetupDomain (170ms)
		LoadAssemblies (142ms)
		RebuildTransferFunctionScriptingTraits (0ms)
		AnalyzeDomain (166ms)
			TypeCache.Refresh (164ms)
				TypeCache.ScanAssembly (153ms)
			BuildScriptInfoCaches (0ms)
			ResolveRequiredComponents (0ms)
	FinalizeReload (2658ms)
		ReleaseScriptCaches (0ms)
		RebuildScriptCaches (0ms)
		SetupLoadedEditorAssemblies (2612ms)
			LogAssemblyErrors (0ms)
			InitializePlatformSupportModulesInManaged (2407ms)
			SetLoadedEditorAssemblies (3ms)
			BeforeProcessingInitializeOnLoad (6ms)
			ProcessInitializeOnLoadAttributes (147ms)
			ProcessInitializeOnLoadMethodAttributes (49ms)
			AfterProcessingInitializeOnLoad (0ms)
			EditorAssembliesLoaded (0ms)
		ExecutionOrderSort2 (0ms)
		AwakeInstancesAfterBackupRestoration (0ms)
[Licensing::Client] Successfully resolved entitlements
Application.AssetDatabase Initial Refresh Start
Assembly reference Packages/com.unity.cinemachine/Editor/Samples/ExposeHDRPInternals/HDRP-Editor-ref.asmref has no target assembly definition
Assembly reference Packages/com.unity.cinemachine/Editor/Samples/ExposeHDRPInternals/HDRP-Editor-ref.asmref has no target assembly definition
[ScriptCompilation] Requested script compilation because: InitialRefresh: Force Refresh Recompile flag enabled
info: Microsoft.Hosting.Lifetime[14]
      Now listening on: http://localhost:80
info: Microsoft.Hosting.Lifetime[0]
      Application started. Press Ctrl+C to shut down.
info: Microsoft.Hosting.Lifetime[0]
      Hosting environment: Production
info: Microsoft.Hosting.Lifetime[0]
      Content root path: C:\MoSimModding\MoSimPrepatec\
info: Microsoft.AspNetCore.Hosting.Diagnostics[1]
      Request starting HTTP/2 POST http://ilpp/UnityILPP.PostProcessing/Ping application/grpc -
info: Microsoft.AspNetCore.Routing.EndpointMiddleware[0]
      Executing endpoint 'gRPC - /UnityILPP.PostProcessing/Ping'
info: Microsoft.AspNetCore.Routing.EndpointMiddleware[1]
      Executed endpoint 'gRPC - /UnityILPP.PostProcessing/Ping'
info: Microsoft.AspNetCore.Hosting.Diagnostics[2]
      Request finished HTTP/2 POST http://ilpp/UnityILPP.PostProcessing/Ping application/grpc - - 200 - application/grpc 41.1953ms
Starting: C:\Program Files\Unity\Hub\Editor\2023.2.22f1\Editor\Data\bee_backend.exe --dont-print-to-structured-log --ipc --defer-dag-verification --dagfile="Library/Bee/200b0aE.dag" --continue-on-failure --profile="Library/Bee/backend1.traceevents" ScriptAssemblies
WorkingDir: C:/MoSimModding/MoSimPrepatec
DisplayProgressbar: Compiling Scripts
Starting: C:\Program Files\Unity\Hub\Editor\2023.2.22f1\Editor\Data\Tools\netcorerun\netcorerun.exe "C:\Program Files\Unity\Hub\Editor\2023.2.22f1\Editor\Data\Tools\BuildPipeline\ScriptCompilationBuildProgram.exe" "Library/Bee/200b0aE.dag.json" "Library/Bee/200b0aE-inputdata.json" "Library\Bee\buildprogram0.traceevents"
WorkingDir: C:/MoSimModding/MoSimPrepatec
ExitCode: 4 Duration: 0s253ms
[ 353/1140  0s] WriteResponseFile Library/Bee/artifacts/rsp/4747638433968585886.rsp
Rebuilding DAG because FileSignature timestamp changed: Library/Bee/200b0aE-inputdata.json
[ 602/1140  0s] CopyFiles Library/ScriptAssemblies/UnityEngine.TestRunner.pdb
[ 605/1140  0s] CopyFiles Library/ScriptAssemblies/UnityEngine.TestRunner.dll
*** Tundra requires additional run (0.21 seconds), 3 items updated, 601 evaluated
ExitCode: 0 Duration: 1s72ms
Starting: C:\Program Files\Unity\Hub\Editor\2023.2.22f1\Editor\Data\bee_backend.exe --dont-print-to-structured-log --ipc --defer-dag-verification --dagfile="Library/Bee/200b0aE.dag" --continue-on-failure --dagfilejson="Library\Bee\200b0aE.dag.json" --profile="Library/Bee/backend2.traceevents" ScriptAssemblies
WorkingDir: C:/MoSimModding/MoSimPrepatec
info: Microsoft.AspNetCore.Hosting.Diagnostics[1]
      Request starting HTTP/2 POST http://ilpp/UnityILPP.PostProcessing/ConfigurePostProcessors application/grpc -
info: Microsoft.AspNetCore.Routing.EndpointMiddleware[0]
      Executing endpoint 'gRPC - /UnityILPP.PostProcessing/ConfigurePostProcessors'
warn: Unity.ILPP.Runner.PostProcessingAssemblyLoadContext[0]
      Assembly system.runtime.interopservices.windowsruntime has duplicate hint path. Ignoring "C:\Program Files\Unity\Hub\Editor\2023.2.22f1\Editor\Data\UnityReferenceAssemblies\unity-4.8-api\Facades\System.Runtime.InteropServices.WindowsRuntime.dll" in favor of "C:\Program Files\Unity\Hub\Editor\2023.2.22f1\Editor\Data\NetStandard\Extensions\2.0.0\System.Runtime.InteropServices.WindowsRuntime.dll"
warn: Unity.ILPP.Runner.PostProcessingAssemblyLoadContext[0]
      Assembly system.componentmodel.composition has duplicate hint path. Ignoring "C:\Program Files\Unity\Hub\Editor\2023.2.22f1\Editor\Data\UnityReferenceAssemblies\unity-4.8-api\System.ComponentModel.Composition.dll" in favor of "C:\Program Files\Unity\Hub\Editor\2023.2.22f1\Editor\Data\NetStandard\compat\2.1.0\shims\netfx\System.ComponentModel.Composition.dll"
info: Unity.ILPP.Runner.PostProcessingAssemblyLoadContext[0]
      Resolved Unity.Burst.Cecil, Version=0.11.4.0, Culture=neutral, PublicKeyToken=50cebf1cceb9d05e with Library\PackageCache\com.unity.burst@1.8.13\Unity.Burst.CodeGen\Unity.Burst.Cecil.dll
info: Unity.ILPP.Runner.PostProcessingAssemblyLoadContext[0]
      Resolved Mono.Cecil, Version=0.11.4.0, Culture=neutral, PublicKeyToken=50cebf1cceb9d05e with Library\PackageCache\com.unity.nuget.mono-cecil@1.11.4\Mono.Cecil.dll
info: Microsoft.AspNetCore.Routing.EndpointMiddleware[1]
      Executed endpoint 'gRPC - /UnityILPP.PostProcessing/ConfigurePostProcessors'
info: Microsoft.AspNetCore.Hosting.Diagnostics[2]
      Request finished HTTP/2 POST http://ilpp/UnityILPP.PostProcessing/ConfigurePostProcessors application/grpc - - 200 - application/grpc 305.9910ms
info: Microsoft.AspNetCore.Hosting.Diagnostics[1]
      Request starting HTTP/2 POST http://ilpp/UnityILPP.PostProcessing/PostProcessAssembly application/grpc -
info: Microsoft.AspNetCore.Routing.EndpointMiddleware[0]
      Executing endpoint 'gRPC - /UnityILPP.PostProcessing/PostProcessAssembly'
info: Unity.ILPP.Runner.PostProcessingPipeline[0]
      Processing assembly Library/Bee/artifacts/200b0aE.dag/ChillOut.dll, with 123 defines and 260 references
info: Unity.ILPP.Runner.PostProcessingPipeline[0]
      processors: Unity.Jobs.CodeGen.JobsILPostProcessor, zzzUnity.Burst.CodeGen.BurstILPostProcessor
info: Unity.ILPP.Runner.PostProcessingPipeline[0]
      running Unity.Jobs.CodeGen.JobsILPostProcessor
info: Microsoft.AspNetCore.Hosting.Diagnostics[1]
      Request starting HTTP/2 POST http://ilpp/UnityILPP.PostProcessing/PostProcessAssembly application/grpc -
info: Microsoft.AspNetCore.Routing.EndpointMiddleware[0]
      Executing endpoint 'gRPC - /UnityILPP.PostProcessing/PostProcessAssembly'
info: Microsoft.AspNetCore.Hosting.Diagnostics[1]
      Request starting HTTP/2 POST http://ilpp/UnityILPP.PostProcessing/PostProcessAssembly application/grpc -
info: Microsoft.AspNetCore.Routing.EndpointMiddleware[0]
      Executing endpoint 'gRPC - /UnityILPP.PostProcessing/PostProcessAssembly'
info: Unity.ILPP.Runner.PostProcessingPipeline[0]
      Processing assembly Library/Bee/artifacts/200b0aE.dag/VOLTEC.dll, with 123 defines and 260 references
info: Unity.ILPP.Runner.PostProcessingPipeline[0]
      processors: Unity.Jobs.CodeGen.JobsILPostProcessor, zzzUnity.Burst.CodeGen.BurstILPostProcessor
info: Unity.ILPP.Runner.PostProcessingPipeline[0]
      Processing assembly Library/Bee/artifacts/200b0aE.dag/OvertureRMX.dll, with 123 defines and 260 references
info: Unity.ILPP.Runner.PostProcessingPipeline[0]
      processors: Unity.Jobs.CodeGen.JobsILPostProcessor, zzzUnity.Burst.CodeGen.BurstILPostProcessor
info: Unity.ILPP.Runner.PostProcessingPipeline[0]
      running Unity.Jobs.CodeGen.JobsILPostProcessor
info: Microsoft.AspNetCore.Hosting.Diagnostics[1]
      Request starting HTTP/2 POST http://ilpp/UnityILPP.PostProcessing/PostProcessAssembly application/grpc -
info: Microsoft.AspNetCore.Routing.EndpointMiddleware[0]
      Executing endpoint 'gRPC - /UnityILPP.PostProcessing/PostProcessAssembly'
info: Unity.ILPP.Runner.PostProcessingPipeline[0]
      Processing assembly Library/Bee/artifacts/200b0aE.dag/BotbustersGreen.dll, with 123 defines and 260 references
info: Unity.ILPP.Runner.PostProcessingPipeline[0]
      processors: Unity.Jobs.CodeGen.JobsILPostProcessor, zzzUnity.Burst.CodeGen.BurstILPostProcessor
info: Unity.ILPP.Runner.PostProcessingPipeline[0]
      running Unity.Jobs.CodeGen.JobsILPostProcessor
info: Unity.ILPP.Runner.PostProcessingAssemblyLoadContext[0]
      Resolved Unity.Collections, Version=0.0.0.0, Culture=neutral, PublicKeyToken=null with Library\Bee\artifacts\200b0aE.dag\Unity.Collections.dll
info: Microsoft.AspNetCore.Hosting.Diagnostics[1]
      Request starting HTTP/2 POST http://ilpp/UnityILPP.PostProcessing/PostProcessAssembly application/grpc -
info: Microsoft.AspNetCore.Hosting.Diagnostics[1]
      Request starting HTTP/2 POST http://ilpp/UnityILPP.PostProcessing/PostProcessAssembly application/grpc -
info: Microsoft.AspNetCore.Routing.EndpointMiddleware[0]
      Executing endpoint 'gRPC - /UnityILPP.PostProcessing/PostProcessAssembly'
info: Microsoft.AspNetCore.Routing.EndpointMiddleware[0]
      Executing endpoint 'gRPC - /UnityILPP.PostProcessing/PostProcessAssembly'
info: Unity.ILPP.Runner.PostProcessingPipeline[0]
      Processing assembly Library/Bee/artifacts/200b0aE.dag/Lambot.dll, with 123 defines and 260 references
info: Unity.ILPP.Runner.PostProcessingPipeline[0]
      Processing assembly Library/Bee/artifacts/200b0aE.dag/Tecdroid.dll, with 123 defines and 260 references
info: Unity.ILPP.Runner.PostProcessingPipeline[0]
      processors: Unity.Jobs.CodeGen.JobsILPostProcessor, zzzUnity.Burst.CodeGen.BurstILPostProcessor
info: Unity.ILPP.Runner.PostProcessingPipeline[0]
      processors: Unity.Jobs.CodeGen.JobsILPostProcessor, zzzUnity.Burst.CodeGen.BurstILPostProcessor
info: Unity.ILPP.Runner.PostProcessingPipeline[0]
      running Unity.Jobs.CodeGen.JobsILPostProcessor
info: Unity.ILPP.Runner.PostProcessingPipeline[0]
      running Unity.Jobs.CodeGen.JobsILPostProcessor
info: Unity.ILPP.Runner.PostProcessingPipeline[0]
      running Unity.Jobs.CodeGen.JobsILPostProcessor
info: Unity.ILPP.Runner.PostProcessingAssemblyLoadContext[0]
      Resolved UnityEditor.CoreModule, Version=0.0.0.0, Culture=neutral, PublicKeyToken=null with C:\Program Files\Unity\Hub\Editor\2023.2.22f1\Editor\Data\Managed\UnityEngine\UnityEditor.CoreModule.dll
info: Microsoft.AspNetCore.Hosting.Diagnostics[1]
      Request starting HTTP/2 POST http://ilpp/UnityILPP.PostProcessing/PostProcessAssembly application/grpc -
info: Microsoft.AspNetCore.Routing.EndpointMiddleware[0]
      Executing endpoint 'gRPC - /UnityILPP.PostProcessing/PostProcessAssembly'
info: Unity.ILPP.Runner.PostProcessingPipeline[0]
      Processing assembly Library/Bee/artifacts/200b0aE.dag/Assembly-CSharp.dll, with 123 defines and 323 references
info: Unity.ILPP.Runner.PostProcessingPipeline[0]
      processors: Unity.Jobs.CodeGen.JobsILPostProcessor, zzzUnity.Burst.CodeGen.BurstILPostProcessor
info: Unity.ILPP.Runner.PostProcessingPipeline[0]
      running Unity.Jobs.CodeGen.JobsILPostProcessor
info: Unity.ILPP.Runner.PostProcessingAssemblyLoadContext[0]
      Resolved UnityEngine.CoreModule, Version=0.0.0.0, Culture=neutral, PublicKeyToken=null with C:\Program Files\Unity\Hub\Editor\2023.2.22f1\Editor\Data\Managed\UnityEngine\UnityEngine.CoreModule.dll
info: Unity.ILPP.Runner.PostProcessingPipeline[0]
      running zzzUnity.Burst.CodeGen.BurstILPostProcessor
info: Unity.ILPP.Runner.PostProcessingPipeline[0]
      running zzzUnity.Burst.CodeGen.BurstILPostProcessor
info: Unity.ILPP.Runner.PostProcessingPipeline[0]
      running zzzUnity.Burst.CodeGen.BurstILPostProcessor
info: Unity.ILPP.Runner.PostProcessingPipeline[0]
      running zzzUnity.Burst.CodeGen.BurstILPostProcessor
info: Unity.ILPP.Runner.PostProcessingPipeline[0]
      running zzzUnity.Burst.CodeGen.BurstILPostProcessor
info: Unity.ILPP.Runner.PostProcessingPipeline[0]
      running zzzUnity.Burst.CodeGen.BurstILPostProcessor
info: Microsoft.AspNetCore.Routing.EndpointMiddleware[1]
      Executed endpoint 'gRPC - /UnityILPP.PostProcessing/PostProcessAssembly'
info: Microsoft.AspNetCore.Routing.EndpointMiddleware[1]
      Executed endpoint 'gRPC - /UnityILPP.PostProcessing/PostProcessAssembly'
info: Microsoft.AspNetCore.Routing.EndpointMiddleware[1]
      Executed endpoint 'gRPC - /UnityILPP.PostProcessing/PostProcessAssembly'
info: Microsoft.AspNetCore.Routing.EndpointMiddleware[1]
      Executed endpoint 'gRPC - /UnityILPP.PostProcessing/PostProcessAssembly'
info: Microsoft.AspNetCore.Routing.EndpointMiddleware[1]
      Executed endpoint 'gRPC - /UnityILPP.PostProcessing/PostProcessAssembly'
info: Microsoft.AspNetCore.Routing.EndpointMiddleware[1]
      Executed endpoint 'gRPC - /UnityILPP.PostProcessing/PostProcessAssembly'
info: Microsoft.AspNetCore.Hosting.Diagnostics[2]
      Request finished HTTP/2 POST http://ilpp/UnityILPP.PostProcessing/PostProcessAssembly application/grpc - - 200 - application/grpc 942.3185ms
info: Microsoft.AspNetCore.Hosting.Diagnostics[2]
      Request finished HTTP/2 POST http://ilpp/UnityILPP.PostProcessing/PostProcessAssembly application/grpc - - 200 - application/grpc 942.6129ms
info: Microsoft.AspNetCore.Hosting.Diagnostics[2]
      Request finished HTTP/2 POST http://ilpp/UnityILPP.PostProcessing/PostProcessAssembly application/grpc - - 200 - application/grpc 914.7785ms
info: Microsoft.AspNetCore.Hosting.Diagnostics[2]
      Request finished HTTP/2 POST http://ilpp/UnityILPP.PostProcessing/PostProcessAssembly application/grpc - - 200 - application/grpc 929.6528ms
info: Microsoft.AspNetCore.Hosting.Diagnostics[2]
      Request finished HTTP/2 POST http://ilpp/UnityILPP.PostProcessing/PostProcessAssembly application/grpc - - 200 - application/grpc 914.7807ms
info: Microsoft.AspNetCore.Hosting.Diagnostics[2]
      Request finished HTTP/2 POST http://ilpp/UnityILPP.PostProcessing/PostProcessAssembly application/grpc - - 200 - application/grpc 959.8138ms
info: Unity.ILPP.Runner.PostProcessingPipeline[0]
      running zzzUnity.Burst.CodeGen.BurstILPostProcessor
info: Unity.ILPP.Runner.PostProcessingAssemblyLoadContext[0]
      Resolved Unity.Burst.Cecil.Rocks, Version=0.11.4.0, Culture=neutral, PublicKeyToken=50cebf1cceb9d05e with Library\PackageCache\com.unity.burst@1.8.13\Unity.Burst.CodeGen\Unity.Burst.Cecil.Rocks.dll
info: Microsoft.AspNetCore.Hosting.Diagnostics[1]
      Request starting HTTP/2 POST http://ilpp/UnityILPP.PostProcessing/PostProcessAssembly application/grpc -
info: Microsoft.AspNetCore.Routing.EndpointMiddleware[0]
      Executing endpoint 'gRPC - /UnityILPP.PostProcessing/PostProcessAssembly'
info: Unity.ILPP.Runner.PostProcessingPipeline[0]
      Processing assembly Library/Bee/artifacts/200b0aE.dag/Assembly-CSharp-Editor.dll, with 121 defines and 344 references
info: Unity.ILPP.Runner.PostProcessingPipeline[0]
      processors: Unity.Jobs.CodeGen.JobsILPostProcessor, zzzUnity.Burst.CodeGen.BurstILPostProcessor
info: Unity.ILPP.Runner.PostProcessingPipeline[0]
      running Unity.Jobs.CodeGen.JobsILPostProcessor
info: Unity.ILPP.Runner.PostProcessingPipeline[0]
      running zzzUnity.Burst.CodeGen.BurstILPostProcessor
info: Microsoft.AspNetCore.Routing.EndpointMiddleware[1]
      Executed endpoint 'gRPC - /UnityILPP.PostProcessing/PostProcessAssembly'
info: Microsoft.AspNetCore.Hosting.Diagnostics[2]
      Request finished HTTP/2 POST http://ilpp/UnityILPP.PostProcessing/PostProcessAssembly application/grpc - - 200 - application/grpc 45.0014ms
info: Microsoft.AspNetCore.Routing.EndpointMiddleware[1]
      Executed endpoint 'gRPC - /UnityILPP.PostProcessing/PostProcessAssembly'
info: Microsoft.AspNetCore.Hosting.Diagnostics[2]
      Request finished HTTP/2 POST http://ilpp/UnityILPP.PostProcessing/PostProcessAssembly application/grpc - - 200 - application/grpc 403.9265ms
ExitCode: 0 Duration: 4s42ms
Finished compiling graph: 1164 nodes, 22125 flattened edges (17501 ToBuild, 194 ToUse), maximum node priority 1322
[ 491/1160  0s] WriteText Library/Bee/artifacts/200b0aE.dag/ChillOut.rsp2
[ 506/1160  0s] WriteText Library/Bee/artifacts/200b0aE.dag/ChillOut.UnityAdditionalFile.txt
[ 528/1160  0s] WriteText Library/Bee/artifacts/200b0aE.dag/OvertureRMX.UnityAdditionalFile.txt
[ 542/1160  0s] WriteText Library/Bee/artifacts/200b0aE.dag/OvertureRMX.rsp2
[ 545/1160  0s] WriteText Library/Bee/artifacts/200b0aE.dag/Assembly-CSharp.rsp
[ 550/1160  0s] WriteResponseFile Library/Bee/artifacts/rsp/1794374474320306274.rsp
[ 565/1160  0s] WriteResponseFile Library/Bee/artifacts/rsp/1886652935073938495.rsp
[ 573/1160  0s] WriteText Library/Bee/artifacts/200b0aE.dag/Assembly-CSharp-Editor.rsp
[ 585/1160  0s] WriteText Library/Bee/artifacts/200b0aE.dag/ChillOut.dll.mvfrm.rsp
[ 611/1160  0s] WriteResponseFile Library/Bee/artifacts/rsp/10102731187472603942.rsp
[ 612/1160  0s] WriteText Library/Bee/artifacts/200b0aE.dag/OvertureRMX.dll.mvfrm.rsp
[ 613/1160  0s] WriteResponseFile Library/Bee/artifacts/rsp/13702447217228746912.rsp
[ 614/1160  0s] WriteText Library/Bee/artifacts/200b0aE.dag/ChillOut.rsp
[ 615/1160  0s] WriteText Library/Bee/artifacts/200b0aE.dag/OvertureRMX.rsp
[ 624/1160  0s] CopyFiles Library/ScriptAssemblies/UnityEditor.TestRunner.pdb
[ 650/1160  0s] CopyFiles Library/ScriptAssemblies/UnityEditor.TestRunner.dll
[ 825/1160  0s] CopyFiles Library/ScriptAssemblies/Unity.Collections.CodeGen.pdb
[ 826/1160  0s] CopyFiles Library/ScriptAssemblies/Unity.VisualStudio.Editor.pdb
[ 828/1160  0s] CopyFiles Library/ScriptAssemblies/Unity.Burst.CodeGen.dll
[ 830/1160  0s] CopyFiles Library/ScriptAssemblies/Unity.Collections.CodeGen.dll
[ 832/1160  0s] CopyFiles Library/ScriptAssemblies/Unity.Rider.Editor.pdb
[ 833/1160  0s] CopyFiles Library/ScriptAssemblies/Unity.Burst.CodeGen.pdb
[ 840/1160  0s] CopyFiles Library/ScriptAssemblies/Unity.Rider.Editor.dll
[ 845/1160  0s] CopyFiles Library/ScriptAssemblies/Unity.VisualStudio.Editor.dll
[ 864/1160  0s] MovedFromExtractor-Combine Library/Bee/artifacts/200b0aE.dag/ChillOut.dll.mvfrm
[ 865/1160  0s] MovedFromExtractor-Combine Library/Bee/artifacts/200b0aE.dag/OvertureRMX.dll.mvfrm
[ 878/1160  0s] ILPP-Configuration Library/ilpp-configuration.nevergeneratedoutput
[ 958/1160  0s] CopyFiles Library/ScriptAssemblies/Unity.RenderPipelines.ShaderGraph.ShaderGraphLibrary.dll
[ 959/1160  0s] CopyFiles Library/ScriptAssemblies/Blazing Bulldogs.dll
[ 964/1160  0s] CopyFiles Library/ScriptAssemblies/Nobi.UiRoundedCorners.dll
[ 965/1160  0s] CopyFiles Library/ScriptAssemblies/Lynk.dll
[ 966/1160  0s] CopyFiles Library/ScriptAssemblies/Unity.VisualScripting.Flow.dll
[ 967/1160  0s] CopyFiles Library/ScriptAssemblies/MoSimLib.dll
[ 968/1160  0s] CopyFiles Library/ScriptAssemblies/Unity.Timeline.dll
[ 969/1160  0s] CopyFiles Library/ScriptAssemblies/Unity.Addressables.dll
[ 970/1160  0s] CopyFiles Library/ScriptAssemblies/Unity.Burst.dll
[ 971/1160  0s] CopyFiles Library/ScriptAssemblies/Unity.InputSystem.ForUI.dll
[ 972/1160  0s] CopyFiles Library/ScriptAssemblies/Unity.ScriptableBuildPipeline.dll
[ 973/1160  0s] CopyFiles Library/ScriptAssemblies/Unity.VisualScripting.State.dll
[ 974/1160  0s] CopyFiles Library/ScriptAssemblies/Unity.RenderPipelines.Core.Runtime.Shared.dll
[ 975/1160  0s] CopyFiles Library/ScriptAssemblies/TitaniumRams.dll
[ 976/1160  0s] CopyFiles Library/ScriptAssemblies/BREAD.dll
[ 977/1160  0s] CopyFiles Library/ScriptAssemblies/Unity.ResourceManager.dll
[ 978/1160  0s] CopyFiles Library/ScriptAssemblies/Unity.RenderPipeline.Universal.ShaderLibrary.dll
[ 979/1160  0s] CopyFiles Library/ScriptAssemblies/Unity.Profiling.Core.dll
[ 980/1160  0s] CopyFiles Library/ScriptAssemblies/Unity.RenderPipelines.Core.ShaderLibrary.dll
[ 981/1160  0s] CopyFiles Library/ScriptAssemblies/Unity.RenderPipelines.Universal.Shaders.dll
[ 982/1160  0s] CopyFiles Library/ScriptAssemblies/Unity.RenderPipelines.Core.Runtime.dll
[ 983/1160  0s] CopyFiles Library/ScriptAssemblies/MoSimCore.dll
[ 984/1160  0s] CopyFiles Library/ScriptAssemblies/Unity.VisualScripting.Core.dll
[ 985/1160  0s] CopyFiles Library/ScriptAssemblies/Unity.Recorder.Base.dll
[ 986/1160  0s] CopyFiles Library/ScriptAssemblies/Unity.Collections.dll
[ 987/1160  0s] CopyFiles Library/ScriptAssemblies/RobotFramework.dll
[ 988/1160  0s] CopyFiles Library/ScriptAssemblies/Unity.TextMeshPro.dll
[ 989/1160  0s] CopyFiles Library/ScriptAssemblies/Unity.RenderPipelines.Universal.2D.Runtime.dll
[ 990/1160  0s] CopyFiles Library/ScriptAssemblies/Unity.RenderPipelines.Universal.Runtime.dll
[ 991/1160  0s] CopyFiles Library/ScriptAssemblies/Reefscape.dll
[ 992/1160  0s] CopyFiles Library/ScriptAssemblies/Quixilver.dll
[ 993/1160  0s] CopyFiles Library/ScriptAssemblies/Unity.AI.Navigation.dll
[ 994/1160  0s] CopyFiles Library/ScriptAssemblies/Unity.InputSystem.dll
[ 995/1160  0s] CopyFiles Library/ScriptAssemblies/Prototype.dll
[ 996/1160  0s] CopyFiles Library/ScriptAssemblies/Firebots.dll
[ 997/1160  0s] CopyFiles Library/ScriptAssemblies/Overture.dll
[ 998/1160  0s] CopyFiles Library/ScriptAssemblies/Unity.Recorder.dll
[ 999/1160  0s] CopyFiles Library/ScriptAssemblies/UnityEngine.UI.dll
[1000/1160  0s] CopyFiles Library/ScriptAssemblies/Unity.InputSystem.TestFramework.dll
[1001/1160  0s] CopyFiles Library/ScriptAssemblies/Unity.Splines.dll
[1002/1160  0s] CopyFiles Library/ScriptAssemblies/Unity.ShaderGraph.Editor.pdb
[1003/1160  0s] CopyFiles Library/ScriptAssemblies/GameSystems.dll
[1004/1160  0s] CopyFiles Library/ScriptAssemblies/PPv2URPConverters.pdb
[1005/1160  0s] CopyFiles Library/ScriptAssemblies/Unity.Rendering.LightTransport.Runtime.dll
[1006/1160  0s] CopyFiles Library/ScriptAssemblies/Unity.Cinemachine.Editor.pdb
[1007/1160  0s] CopyFiles Library/ScriptAssemblies/Unity.Cinemachine.dll
[1008/1160  0s] CopyFiles Library/ScriptAssemblies/Unity.RenderPipelines.Universal.Editor.pdb
[1009/1160  0s] CopyFiles Library/ScriptAssemblies/Unity.Mathematics.dll
[1010/1160  0s] CopyFiles Library/ScriptAssemblies/Unity.Searcher.Editor.pdb
[1011/1160  0s] CopyFiles Library/ScriptAssemblies/PPv2URPConverters.dll
[1012/1160  0s] CopyFiles Library/ScriptAssemblies/Unity.TextMeshPro.Editor.pdb
[1013/1160  0s] CopyFiles Library/ScriptAssemblies/Unity.Searcher.Editor.dll
[1014/1160  0s] CopyFiles Library/ScriptAssemblies/Unity.SysrootPackage.Editor.pdb
[1015/1160  0s] CopyFiles Library/ScriptAssemblies/Unity.SysrootPackage.Editor.dll
[1016/1160  0s] CopyFiles Library/ScriptAssemblies/Unity.Addressables.DocExampleCode.Editor.Tests.pdb
[1017/1160  0s] CopyFiles Library/ScriptAssemblies/Unity.Rendering.LightTransport.Editor.pdb
[1018/1160  0s] CopyFiles Library/ScriptAssemblies/Unity.Cinemachine.Editor.dll
[1019/1160  0s] CopyFiles Library/ScriptAssemblies/Unity.Addressables.DocExampleCode.Editor.Tests.dll
[1020/1160  0s] CopyFiles Library/ScriptAssemblies/Unity.ShaderGraph.Utilities.pdb
[1021/1160  0s] CopyFiles Library/ScriptAssemblies/Unity.VisualScripting.Shared.Editor.pdb
[1022/1160  0s] CopyFiles Library/ScriptAssemblies/Unity.ShaderGraph.Utilities.dll
[1023/1160  0s] CopyFiles Library/ScriptAssemblies/Unity.Rendering.LightTransport.Editor.dll
[1024/1160  0s] CopyFiles Library/ScriptAssemblies/Unity.Collections.Editor.pdb
[1025/1160  0s] CopyFiles Library/ScriptAssemblies/Unity.TextMeshPro.Editor.dll
[1026/1160  0s] CopyFiles Library/ScriptAssemblies/Unity.RenderPipelines.Core.Editor.Shared.pdb
[1027/1160  0s] CopyFiles Library/ScriptAssemblies/Unity.VisualScripting.Shared.Editor.dll
[1028/1160  0s] CopyFiles Library/ScriptAssemblies/Unity.Collections.Editor.dll
[1029/1160  0s] CopyFiles Library/ScriptAssemblies/Unity.RenderPipelines.Core.Editor.Shared.dll
[1030/1160  0s] CopyFiles Library/ScriptAssemblies/Unity.Recorder.Editor.pdb
[1031/1160  0s] CopyFiles Library/ScriptAssemblies/Unity.RenderPipelines.Universal.Editor.dll
[1032/1160  0s] CopyFiles Library/ScriptAssemblies/Unity.2D.Sprite.Editor.pdb
[1033/1160  0s] CopyFiles Library/ScriptAssemblies/Unity.VisualScripting.Core.Editor.pdb
[1034/1160  0s] CopyFiles Library/ScriptAssemblies/Unity.CollabProxy.Editor.pdb
[1035/1160  0s] CopyFiles Library/ScriptAssemblies/Unity.CollabProxy.Editor.dll
[1036/1160  0s] CopyFiles Library/ScriptAssemblies/Unity.2D.Sprite.Editor.dll
[1037/1160  0s] CopyFiles Library/ScriptAssemblies/Unity.PlasticSCM.Editor.pdb
[1038/1160  0s] CopyFiles Library/ScriptAssemblies/Unity.Burst.Editor.pdb
[1039/1160  0s] CopyFiles Library/ScriptAssemblies/Unity.Recorder.Editor.dll
[1040/1160  0s] CopyFiles Library/ScriptAssemblies/Unity.RenderPipelines.Core.Editor.pdb
[1041/1160  0s] CopyFiles Library/ScriptAssemblies/Unity.ShaderGraph.Editor.dll
[1042/1160  0s] CopyFiles Library/ScriptAssemblies/Unity.AI.Navigation.Editor.ConversionSystem.dll
[1043/1160  0s] CopyFiles Library/ScriptAssemblies/Unity.VisualScripting.Core.Editor.dll
[1044/1160  0s] CopyFiles Library/ScriptAssemblies/Unity.Burst.Editor.dll
[1045/1160  0s] CopyFiles Library/ScriptAssemblies/Unity.Collections.DocCodeSamples.pdb
[1046/1160  0s] CopyFiles Library/ScriptAssemblies/Unity.VisualScripting.Flow.Editor.pdb
[1047/1160  0s] CopyFiles Library/ScriptAssemblies/Unity.Collections.DocCodeSamples.dll
[1048/1160  0s] CopyFiles Library/ScriptAssemblies/Unity.PlasticSCM.Editor.dll
[1049/1160  0s] CopyFiles Library/ScriptAssemblies/Unity.VisualScripting.SettingsProvider.Editor.pdb
[1050/1160  0s] CopyFiles Library/ScriptAssemblies/Unity.VisualScripting.State.Editor.pdb
[1051/1160  0s] CopyFiles Library/ScriptAssemblies/Unity.Sysroot.Linux_x86_64.dll
[1052/1160  0s] CopyFiles Library/ScriptAssemblies/Unity.VisualScripting.SettingsProvider.Editor.dll
[1053/1160  0s] CopyFiles Library/ScriptAssemblies/Unity.RenderPipelines.Core.Editor.dll
[1054/1160  0s] CopyFiles Library/ScriptAssemblies/Unity.Sysroot.Linux_x86_64.pdb
[1055/1160  0s] CopyFiles Library/ScriptAssemblies/Unity.Splines.Editor.pdb
[1056/1160  0s] CopyFiles Library/ScriptAssemblies/Unity.Settings.Editor.pdb
[1057/1160  0s] CopyFiles Library/ScriptAssemblies/Unity.VisualScripting.Flow.Editor.dll
[1058/1160  0s] CopyFiles Library/ScriptAssemblies/Unity.AI.Navigation.Editor.pdb
[1059/1160  0s] CopyFiles Library/ScriptAssemblies/Unity.Settings.Editor.dll
[1060/1160  0s] CopyFiles Library/ScriptAssemblies/Unity.VisualScripting.State.Editor.dll
[1061/1160  0s] CopyFiles Library/ScriptAssemblies/Unity.AI.Navigation.Editor.dll
[1062/1160  0s] CopyFiles Library/ScriptAssemblies/Unity.AI.Navigation.Updater.dll
[1063/1160  0s] CopyFiles Library/ScriptAssemblies/Unity.Splines.Editor.dll
[1064/1160  0s] CopyFiles Library/ScriptAssemblies/Unity.AI.Navigation.Updater.pdb
[1065/1160  0s] CopyFiles Library/ScriptAssemblies/Unity.AI.Navigation.Editor.ConversionSystem.pdb
[1066/1160  0s] CopyFiles Library/ScriptAssemblies/Unity.Toolchain.Win-x86_64-Linux-x86_64.pdb
[1067/1160  0s] CopyFiles Library/ScriptAssemblies/UnityEditor.UI.pdb
[1068/1160  0s] CopyFiles Library/ScriptAssemblies/Unity.Addressables.Editor.pdb
[1069/1160  0s] CopyFiles Library/ScriptAssemblies/Unity.Mathematics.Editor.pdb
[1070/1160  0s] CopyFiles Library/ScriptAssemblies/UnityEditor.UI.dll
[1071/1160  0s] CopyFiles Library/ScriptAssemblies/Unity.Toolchain.Win-x86_64-Linux-x86_64.dll
[1072/1160  0s] CopyFiles Library/ScriptAssemblies/Unity.ScriptableBuildPipeline.Editor.pdb
[1073/1160  0s] CopyFiles Library/ScriptAssemblies/Unity.Collections.BurstCompatibilityGen.pdb
[1074/1160  0s] CopyFiles Library/ScriptAssemblies/Unity.Mathematics.Editor.dll
[1075/1160  0s] CopyFiles Library/ScriptAssemblies/Unity.Timeline.Editor.pdb
[1076/1160  0s] CopyFiles Library/ScriptAssemblies/Unity.VisualScripting.State.pdb
[1077/1160  0s] CopyFiles Library/ScriptAssemblies/Unity.Addressables.pdb
[1078/1160  0s] CopyFiles Library/ScriptAssemblies/Unity.Collections.BurstCompatibilityGen.dll
[1079/1160  0s] CopyFiles Library/ScriptAssemblies/Unity.Toolchain.Linux-x86_64.pdb
[1080/1160  0s] CopyFiles Library/ScriptAssemblies/Nobi.UiRoundedCorners.Editor.pdb
[1081/1160  0s] CopyFiles Library/ScriptAssemblies/Nobi.UiRoundedCorners.Editor.dll
[1082/1160  0s] CopyFiles Library/ScriptAssemblies/TitaniumRams.pdb
[1083/1160  0s] CopyFiles Library/ScriptAssemblies/Unity.Toolchain.Linux-x86_64.dll
[1084/1160  0s] CopyFiles Library/ScriptAssemblies/Unity.RenderPipelines.ShaderGraph.ShaderGraphLibrary.pdb
[1085/1160  0s] CopyFiles Library/ScriptAssemblies/BREAD.pdb
[1086/1160  0s] CopyFiles Library/ScriptAssemblies/Unity.RenderPipelines.Core.Runtime.pdb
[1087/1160  0s] CopyFiles Library/ScriptAssemblies/Unity.ScriptableBuildPipeline.Editor.dll
[1088/1160  0s] CopyFiles Library/ScriptAssemblies/Unity.RenderPipelines.Universal.Runtime.pdb
[1089/1160  0s] CopyFiles Library/ScriptAssemblies/Quixilver.pdb
[1090/1160  0s] CopyFiles Library/ScriptAssemblies/Reefscape.pdb
[1091/1160  0s] CopyFiles Library/ScriptAssemblies/Unity.VisualScripting.Core.pdb
[1092/1160  0s] CopyFiles Library/ScriptAssemblies/Unity.AI.Navigation.pdb
[1093/1160  0s] CopyFiles Library/ScriptAssemblies/Unity.Rendering.LightTransport.Runtime.pdb
[1094/1160  0s] CopyFiles Library/ScriptAssemblies/Unity.RenderPipelines.Universal.Shaders.pdb
[1095/1160  0s] CopyFiles Library/ScriptAssemblies/Unity.VisualScripting.Flow.pdb
[1096/1160  0s] CopyFiles Library/ScriptAssemblies/MoSimCore.pdb
[1097/1160  0s] CopyFiles Library/ScriptAssemblies/Unity.Recorder.Base.pdb
[1098/1160  0s] CopyFiles Library/ScriptAssemblies/Unity.Mathematics.pdb
[1099/1160  0s] CopyFiles Library/ScriptAssemblies/Unity.Burst.pdb
[1100/1160  0s] CopyFiles Library/ScriptAssemblies/RobotFramework.pdb
[1101/1160  0s] CopyFiles Library/ScriptAssemblies/Unity.RenderPipelines.Core.Runtime.Shared.pdb
[1102/1160  0s] CopyFiles Library/ScriptAssemblies/Unity.TextMeshPro.pdb
[1103/1160  0s] CopyFiles Library/ScriptAssemblies/Blazing Bulldogs.pdb
[1104/1160  0s] CopyFiles Library/ScriptAssemblies/Unity.InputSystem.TestFramework.pdb
[1105/1160  0s] CopyFiles Library/ScriptAssemblies/Unity.ResourceManager.pdb
[1106/1160  0s] CopyFiles Library/ScriptAssemblies/Unity.Addressables.Editor.dll
[1107/1160  0s] CopyFiles Library/ScriptAssemblies/Prototype.pdb
[1108/1160  0s] CopyFiles Library/ScriptAssemblies/Overture.pdb
[1109/1160  0s] CopyFiles Library/ScriptAssemblies/Lynk.pdb
[1110/1160  0s] CopyFiles Library/ScriptAssemblies/GameSystems.pdb
[1111/1160  0s] CopyFiles Library/ScriptAssemblies/Unity.Timeline.pdb
[1112/1160  0s] CopyFiles Library/ScriptAssemblies/UnityEngine.UI.pdb
[1113/1160  0s] CopyFiles Library/ScriptAssemblies/Unity.InputSystem.pdb
[1114/1160  0s] CopyFiles Library/ScriptAssemblies/Unity.Profiling.Core.pdb
[1115/1160  0s] CopyFiles Library/ScriptAssemblies/Unity.Cinemachine.pdb
[1116/1160  0s] CopyFiles Library/ScriptAssemblies/Unity.InputSystem.ForUI.pdb
[1117/1160  0s] CopyFiles Library/ScriptAssemblies/Unity.RenderPipeline.Universal.ShaderLibrary.pdb
[1118/1160  0s] CopyFiles Library/ScriptAssemblies/Unity.RenderPipelines.Universal.2D.Runtime.pdb
[1119/1160  0s] CopyFiles Library/ScriptAssemblies/Unity.Timeline.Editor.dll
[1120/1160  0s] CopyFiles Library/ScriptAssemblies/Unity.Splines.pdb
[1121/1160  0s] CopyFiles Library/ScriptAssemblies/Nobi.UiRoundedCorners.pdb
[1122/1160  0s] CopyFiles Library/ScriptAssemblies/Unity.RenderPipelines.Core.ShaderLibrary.pdb
[1123/1160  0s] CopyFiles Library/ScriptAssemblies/Unity.ScriptableBuildPipeline.pdb
[1124/1160  0s] CopyFiles Library/ScriptAssemblies/MoSimLib.pdb
[1125/1160  0s] CopyFiles Library/ScriptAssemblies/Firebots.pdb
[1126/1160  0s] CopyFiles Library/ScriptAssemblies/Unity.Collections.pdb
[1127/1160  0s] CopyFiles Library/ScriptAssemblies/Unity.Recorder.pdb
[1128/1160  1s] Csc Library/Bee/artifacts/200b0aE.dag/ChillOut.dll (+2 others)
Assets\Prefabs\Reefscape\Robots\Mods\ChillMod\1778\ChillOut.cs(94,22): warning CS0414: The field 'ChillOut.placed' is assigned but its value is never used
[1129/1160  1s] Csc Library/Bee/artifacts/200b0aE.dag/BotbustersGreen.dll (+2 others)
Assets\Prefabs\Reefscape\Robots\Mods\MxModpackW1\9995\BotbustersGreen.cs(85,40): warning CS0414: The field 'BotbustersGreen.lateralReefOffset' is assigned but its value is never used
[1130/1160  1s] Csc Library/Bee/artifacts/200b0aE.dag/Lambot.dll (+2 others)
Assets\Prefabs\Reefscape\Robots\Mods\MxModpackW2\3478\LambotOffseason.cs(155,14): warning CS0114: 'LambotOffseason.Start()' hides inherited member 'ReefscapeRobotBase.Start()'. To make the current member override that implementation, add the override keyword. Otherwise add the new keyword.

Assets\Prefabs\Reefscape\Robots\Mods\MxModpackW2\3478\LambotOffseason.cs(142,23): warning CS0414: The field 'LambotOffseason._delay' is assigned but its value is never used

Assets\Prefabs\Reefscape\Robots\Mods\MxModpackW2\3478\LambotAutoAlign.cs(42,40): warning CS0414: The field 'LambotAutoAlign.bargeBackStandoffInches' is assigned but its value is never used

Assets\Prefabs\Reefscape\Robots\Mods\MxModpackW2\3478\LambotOffseason.cs(147,22): warning CS0414: The field 'LambotOffseason.armNearTarget' is assigned but its value is never used
[1131/1160  1s] Csc Library/Bee/artifacts/200b0aE.dag/OvertureRMX.dll (+2 others)
Assets\Prefabs\Reefscape\Robots\Mods\MxModpackW2\7421RMX\Offverture.cs(176,22): warning CS0414: The field 'Offverture.placed' is assigned but its value is never used
[1132/1160  1s] Csc Library/Bee/artifacts/200b0aE.dag/VOLTEC.dll (+2 others)
Assets\Prefabs\Reefscape\Robots\Mods\MxModpackW1\6647\VoltecClimb.cs(58,56): warning CS0414: The field 'VoltecClimb.volClick' is assigned but its value is never used
[1133/1160  1s] Csc Library/Bee/artifacts/200b0aE.dag/Tecdroid.dll (+2 others)
Assets\Prefabs\Reefscape\Robots\Mods\MxModpackW1\3354\TecdroidClimb.cs(58,56): warning CS0414: The field 'TecdroidClimb.volClick' is assigned but its value is never used
[1134/1160  0s] Csc Library/Bee/artifacts/200b0aE.dag/Assembly-CSharp.dll (+2 others)
Assets\Prefabs\Reefscape\Robots\Mods\Simbotics\1114\Lynk.cs(246,34): warning CS0436: The type 'LynkSetpoint' in 'C:\MoSimModding\MoSimPrepatec\Assets/Prefabs/Reefscape/Robots/Mods/Simbotics/1114/LynkSetpoint.cs' conflicts with the imported type 'LynkSetpoint' in 'Lynk, Version=0.0.0.0, Culture=neutral, PublicKeyToken=null'. Using the type defined in 'C:\MoSimModding\MoSimPrepatec\Assets/Prefabs/Reefscape/Robots/Mods/Simbotics/1114/LynkSetpoint.cs'.

Assets\Prefabs\Reefscape\Robots\Mods\Simbotics\1114\Lynk.cs(32,34): warning CS0436: The type 'LynkSetpoint' in 'C:\MoSimModding\MoSimPrepatec\Assets/Prefabs/Reefscape/Robots/Mods/Simbotics/1114/LynkSetpoint.cs' conflicts with the imported type 'LynkSetpoint' in 'Lynk, Version=0.0.0.0, Culture=neutral, PublicKeyToken=null'. Using the type defined in 'C:\MoSimModding\MoSimPrepatec\Assets/Prefabs/Reefscape/Robots/Mods/Simbotics/1114/LynkSetpoint.cs'.

Assets\Prefabs\Reefscape\Robots\Mods\Simbotics\1114\Lynk.cs(33,34): warning CS0436: The type 'LynkSetpoint' in 'C:\MoSimModding\MoSimPrepatec\Assets/Prefabs/Reefscape/Robots/Mods/Simbotics/1114/LynkSetpoint.cs' conflicts with the imported type 'LynkSetpoint' in 'Lynk, Version=0.0.0.0, Culture=neutral, PublicKeyToken=null'. Using the type defined in 'C:\MoSimModding\MoSimPrepatec\Assets/Prefabs/Reefscape/Robots/Mods/Simbotics/1114/LynkSetpoint.cs'.

Assets\Prefabs\Reefscape\Robots\Mods\Simbotics\1114\Lynk.cs(34,34): warning CS0436: The type 'LynkSetpoint' in 'C:\MoSimModding\MoSimPrepatec\Assets/Prefabs/Reefscape/Robots/Mods/Simbotics/1114/LynkSetpoint.cs' conflicts with the imported type 'LynkSetpoint' in 'Lynk, Version=0.0.0.0, Culture=neutral, PublicKeyToken=null'. Using the type defined in 'C:\MoSimModding\MoSimPrepatec\Assets/Prefabs/Reefscape/Robots/Mods/Simbotics/1114/LynkSetpoint.cs'.

Assets\Prefabs\Reefscape\Robots\Mods\Simbotics\1114\Lynk.cs(35,34): warning CS0436: The type 'LynkSetpoint' in 'C:\MoSimModding\MoSimPrepatec\Assets/Prefabs/Reefscape/Robots/Mods/Simbotics/1114/LynkSetpoint.cs' conflicts with the imported type 'LynkSetpoint' in 'Lynk, Version=0.0.0.0, Culture=neutral, PublicKeyToken=null'. Using the type defined in 'C:\MoSimModding\MoSimPrepatec\Assets/Prefabs/Reefscape/Robots/Mods/Simbotics/1114/LynkSetpoint.cs'.

Assets\Prefabs\Reefscape\Robots\Mods\Simbotics\1114\Lynk.cs(36,34): warning CS0436: The type 'LynkSetpoint' in 'C:\MoSimModding\MoSimPrepatec\Assets/Prefabs/Reefscape/Robots/Mods/Simbotics/1114/LynkSetpoint.cs' conflicts with the imported type 'LynkSetpoint' in 'Lynk, Version=0.0.0.0, Culture=neutral, PublicKeyToken=null'. Using the type defined in 'C:\MoSimModding\MoSimPrepatec\Assets/Prefabs/Reefscape/Robots/Mods/Simbotics/1114/LynkSetpoint.cs'.

Assets\Prefabs\Reefscape\Robots\Mods\Simbotics\1114\Lynk.cs(37,34): warning CS0436: The type 'LynkSetpoint' in 'C:\MoSimModding\MoSimPrepatec\Assets/Prefabs/Reefscape/Robots/Mods/Simbotics/1114/LynkSetpoint.cs' conflicts with the imported type 'LynkSetpoint' in 'Lynk, Version=0.0.0.0, Culture=neutral, PublicKeyToken=null'. Using the type defined in 'C:\MoSimModding\MoSimPrepatec\Assets/Prefabs/Reefscape/Robots/Mods/Simbotics/1114/LynkSetpoint.cs'.

Assets\Prefabs\Reefscape\Robots\Mods\Simbotics\1114\Lynk.cs(38,34): warning CS0436: The type 'LynkSetpoint' in 'C:\MoSimModding\MoSimPrepatec\Assets/Prefabs/Reefscape/Robots/Mods/Simbotics/1114/LynkSetpoint.cs' conflicts with the imported type 'LynkSetpoint' in 'Lynk, Version=0.0.0.0, Culture=neutral, PublicKeyToken=null'. Using the type defined in 'C:\MoSimModding\MoSimPrepatec\Assets/Prefabs/Reefscape/Robots/Mods/Simbotics/1114/LynkSetpoint.cs'.

Assets\Prefabs\Reefscape\Robots\Mods\Simbotics\1114\Lynk.cs(39,34): warning CS0436: The type 'LynkSetpoint' in 'C:\MoSimModding\MoSimPrepatec\Assets/Prefabs/Reefscape/Robots/Mods/Simbotics/1114/LynkSetpoint.cs' conflicts with the imported type 'LynkSetpoint' in 'Lynk, Version=0.0.0.0, Culture=neutral, PublicKeyToken=null'. Using the type defined in 'C:\MoSimModding\MoSimPrepatec\Assets/Prefabs/Reefscape/Robots/Mods/Simbotics/1114/LynkSetpoint.cs'.

Assets\Prefabs\Reefscape\Robots\Mods\Simbotics\1114\Lynk.cs(42,34): warning CS0436: The type 'LynkSetpoint' in 'C:\MoSimModding\MoSimPrepatec\Assets/Prefabs/Reefscape/Robots/Mods/Simbotics/1114/LynkSetpoint.cs' conflicts with the imported type 'LynkSetpoint' in 'Lynk, Version=0.0.0.0, Culture=neutral, PublicKeyToken=null'. Using the type defined in 'C:\MoSimModding\MoSimPrepatec\Assets/Prefabs/Reefscape/Robots/Mods/Simbotics/1114/LynkSetpoint.cs'.

Assets\Prefabs\Reefscape\Robots\Mods\Simbotics\1114\Lynk.cs(43,34): warning CS0436: The type 'LynkSetpoint' in 'C:\MoSimModding\MoSimPrepatec\Assets/Prefabs/Reefscape/Robots/Mods/Simbotics/1114/LynkSetpoint.cs' conflicts with the imported type 'LynkSetpoint' in 'Lynk, Version=0.0.0.0, Culture=neutral, PublicKeyToken=null'. Using the type defined in 'C:\MoSimModding\MoSimPrepatec\Assets/Prefabs/Reefscape/Robots/Mods/Simbotics/1114/LynkSetpoint.cs'.

Assets\Prefabs\Reefscape\Robots\Mods\Simbotics\1114\Lynk.cs(44,34): warning CS0436: The type 'LynkSetpoint' in 'C:\MoSimModding\MoSimPrepatec\Assets/Prefabs/Reefscape/Robots/Mods/Simbotics/1114/LynkSetpoint.cs' conflicts with the imported type 'LynkSetpoint' in 'Lynk, Version=0.0.0.0, Culture=neutral, PublicKeyToken=null'. Using the type defined in 'C:\MoSimModding\MoSimPrepatec\Assets/Prefabs/Reefscape/Robots/Mods/Simbotics/1114/LynkSetpoint.cs'.

Assets\Prefabs\Reefscape\Robots\Mods\Simbotics\1114\Lynk.cs(45,34): warning CS0436: The type 'LynkSetpoint' in 'C:\MoSimModding\MoSimPrepatec\Assets/Prefabs/Reefscape/Robots/Mods/Simbotics/1114/LynkSetpoint.cs' conflicts with the imported type 'LynkSetpoint' in 'Lynk, Version=0.0.0.0, Culture=neutral, PublicKeyToken=null'. Using the type defined in 'C:\MoSimModding\MoSimPrepatec\Assets/Prefabs/Reefscape/Robots/Mods/Simbotics/1114/LynkSetpoint.cs'.

Assets\Prefabs\Reefscape\Robots\Mods\NY Modpack\694 Part 2\StuyPulseOffseason.cs(167,14): warning CS0114: 'StuyPulseOffseason.Start()' hides inherited member 'ReefscapeRobotBase.Start()'. To make the current member override that implementation, add the override keyword. Otherwise add the new keyword.

Assets\Prefabs\Reefscape\Robots\Mods\NY Modpack\694\Scripts\StuyPulseClean.cs(217,23): warning CS0414: The field 'StuyPulseClean._funnelWheels' is assigned but its value is never used

Assets\Prefabs\Reefscape\Robots\Mods\NY Modpack\694 Part 2\StuyPulseOffseason.cs(147,23): warning CS0414: The field 'StuyPulseOffseason._delay' is assigned but its value is never used

Assets\Prefabs\Reefscape\Robots\Mods\NY Modpack\334\TechKnights.cs(76,22): warning CS0414: The field 'TechKnights.canClack' is assigned but its value is never used

Assets\Prefabs\Reefscape\Robots\Mods\NY Modpack\694 Part 2\StuyPulseOffseason.cs(152,22): warning CS0414: The field 'StuyPulseOffseason.armNearTarget' is assigned but its value is never used

Assets\Prefabs\Reefscape\Robots\Mods\IronPanthers\5026\Iron Panthers.cs(30,40): warning CS0414: The field 'IronPanthers.minimumElevatorHeightForSwingAround' is assigned but its value is never used

Assets\Prefabs\Reefscape\Robots\Mods\NY Modpack\694\Scripts\StuyPulseNewArmClean.cs(150,23): warning CS0414: The field 'StuyPulseNewArmClean._funnelWheels' is assigned but its value is never used

Assets\Prefabs\Reefscape\Robots\Mods\NY Modpack\694\StuyPulse.cs(139,23): warning CS0414: The field 'StuyPulse._funnelWheels' is assigned but its value is never used

Assets\Prefabs\Reefscape\Robots\Mods\Lanternfly\9999\LanternClimb.cs(54,56): warning CS0414: The field 'LanternClimb.volClick' is assigned but its value is never used

Assets\Prefabs\Reefscape\Robots\Mods\IronPanthers\5026\Iron Panthers.cs(58,22): warning CS0414: The field 'IronPanthers._atSetpoint' is assigned but its value is never used

Assets\Prefabs\Reefscape\Robots\Mods\NY Modpack\694\StuyPulseNewArm.cs(140,23): warning CS0414: The field 'StuyPulseNewArm._funnelWheels' is assigned but its value is never used
[1135/1160  1s] ILPostProcess Library/Bee/artifacts/200b0aE.dag/post-processed/VOLTEC.dll (+pdb)
Processing assembly Library/Bee/artifacts/200b0aE.dag/VOLTEC.dll, with 123 defines and 260 references

processors: Unity.Jobs.CodeGen.JobsILPostProcessor, zzzUnity.Burst.CodeGen.BurstILPostProcessor

running Unity.Jobs.CodeGen.JobsILPostProcessor

running zzzUnity.Burst.CodeGen.BurstILPostProcessor
[1136/1160  1s] ILPostProcess Library/Bee/artifacts/200b0aE.dag/post-processed/OvertureRMX.dll (+pdb)
Processing assembly Library/Bee/artifacts/200b0aE.dag/OvertureRMX.dll, with 123 defines and 260 references

processors: Unity.Jobs.CodeGen.JobsILPostProcessor, zzzUnity.Burst.CodeGen.BurstILPostProcessor

running Unity.Jobs.CodeGen.JobsILPostProcessor

running zzzUnity.Burst.CodeGen.BurstILPostProcessor
[1137/1160  1s] ILPostProcess Library/Bee/artifacts/200b0aE.dag/post-processed/Tecdroid.dll (+pdb)
Processing assembly Library/Bee/artifacts/200b0aE.dag/Tecdroid.dll, with 123 defines and 260 references

processors: Unity.Jobs.CodeGen.JobsILPostProcessor, zzzUnity.Burst.CodeGen.BurstILPostProcessor

running Unity.Jobs.CodeGen.JobsILPostProcessor

running zzzUnity.Burst.CodeGen.BurstILPostProcessor
[1138/1160  1s] ILPostProcess Library/Bee/artifacts/200b0aE.dag/post-processed/ChillOut.dll (+pdb)
Processing assembly Library/Bee/artifacts/200b0aE.dag/ChillOut.dll, with 123 defines and 260 references

processors: Unity.Jobs.CodeGen.JobsILPostProcessor, zzzUnity.Burst.CodeGen.BurstILPostProcessor

running Unity.Jobs.CodeGen.JobsILPostProcessor

running zzzUnity.Burst.CodeGen.BurstILPostProcessor
[1139/1160  1s] ILPostProcess Library/Bee/artifacts/200b0aE.dag/post-processed/Lambot.dll (+pdb)
Processing assembly Library/Bee/artifacts/200b0aE.dag/Lambot.dll, with 123 defines and 260 references

processors: Unity.Jobs.CodeGen.JobsILPostProcessor, zzzUnity.Burst.CodeGen.BurstILPostProcessor

running Unity.Jobs.CodeGen.JobsILPostProcessor

running zzzUnity.Burst.CodeGen.BurstILPostProcessor
[1140/1160  1s] ILPostProcess Library/Bee/artifacts/200b0aE.dag/post-processed/BotbustersGreen.dll (+pdb)
Processing assembly Library/Bee/artifacts/200b0aE.dag/BotbustersGreen.dll, with 123 defines and 260 references

processors: Unity.Jobs.CodeGen.JobsILPostProcessor, zzzUnity.Burst.CodeGen.BurstILPostProcessor

running Unity.Jobs.CodeGen.JobsILPostProcessor

running zzzUnity.Burst.CodeGen.BurstILPostProcessor
[1141/1160  0s] Csc Library/Bee/artifacts/200b0aE.dag/Assembly-CSharp-Editor.dll (+2 others)
Assets\Editor\TexturePacker.cs(16,23): warning CS0219: The variable 'metallic' is assigned but its value is never used
[1142/1160  0s] CopyFiles Library/ScriptAssemblies/VOLTEC.pdb
[1143/1160  0s] CopyFiles Library/ScriptAssemblies/ChillOut.pdb
[1144/1160  0s] CopyFiles Library/ScriptAssemblies/OvertureRMX.pdb
[1145/1160  0s] CopyFiles Library/ScriptAssemblies/Tecdroid.pdb
[1146/1160  0s] CopyFiles Library/ScriptAssemblies/BotbustersGreen.pdb
[1147/1160  0s] CopyFiles Library/ScriptAssemblies/VOLTEC.dll
[1148/1160  0s] CopyFiles Library/ScriptAssemblies/Lambot.pdb
[1149/1160  0s] CopyFiles Library/ScriptAssemblies/ChillOut.dll
[1150/1160  0s] CopyFiles Library/ScriptAssemblies/OvertureRMX.dll
[1151/1160  0s] CopyFiles Library/ScriptAssemblies/BotbustersGreen.dll
[1152/1160  0s] CopyFiles Library/ScriptAssemblies/Lambot.dll
[1153/1160  0s] CopyFiles Library/ScriptAssemblies/Tecdroid.dll
[1154/1160  0s] ILPostProcess Library/Bee/artifacts/200b0aE.dag/post-processed/Assembly-CSharp.dll (+pdb)
Processing assembly Library/Bee/artifacts/200b0aE.dag/Assembly-CSharp.dll, with 123 defines and 323 references

processors: Unity.Jobs.CodeGen.JobsILPostProcessor, zzzUnity.Burst.CodeGen.BurstILPostProcessor

running Unity.Jobs.CodeGen.JobsILPostProcessor

running zzzUnity.Burst.CodeGen.BurstILPostProcessor
[1155/1160  0s] ILPostProcess Library/Bee/artifacts/200b0aE.dag/post-processed/Assembly-CSharp-Editor.dll (+pdb)
Processing assembly Library/Bee/artifacts/200b0aE.dag/Assembly-CSharp-Editor.dll, with 121 defines and 344 references

processors: Unity.Jobs.CodeGen.JobsILPostProcessor, zzzUnity.Burst.CodeGen.BurstILPostProcessor

running Unity.Jobs.CodeGen.JobsILPostProcessor

running zzzUnity.Burst.CodeGen.BurstILPostProcessor
[1156/1160  0s] CopyFiles Library/ScriptAssemblies/Assembly-CSharp.pdb
[1157/1160  0s] CopyFiles Library/ScriptAssemblies/Assembly-CSharp-Editor.pdb
[1158/1160  0s] CopyFiles Library/ScriptAssemblies/Assembly-CSharp-Editor.dll
[1159/1160  0s] CopyFiles Library/ScriptAssemblies/Assembly-CSharp.dll
*** Tundra build success (4.00 seconds), 225 items updated, 1160 evaluated
Assets\Prefabs\Reefscape\Robots\Mods\ChillMod\1778\ChillOut.cs(94,22): warning CS0414: The field 'ChillOut.placed' is assigned but its value is never used
Assets\Prefabs\Reefscape\Robots\Mods\MxModpackW1\9995\BotbustersGreen.cs(85,40): warning CS0414: The field 'BotbustersGreen.lateralReefOffset' is assigned but its value is never used
Assets\Prefabs\Reefscape\Robots\Mods\MxModpackW2\3478\LambotOffseason.cs(155,14): warning CS0114: 'LambotOffseason.Start()' hides inherited member 'ReefscapeRobotBase.Start()'. To make the current member override that implementation, add the override keyword. Otherwise add the new keyword.
Assets\Prefabs\Reefscape\Robots\Mods\MxModpackW2\3478\LambotOffseason.cs(142,23): warning CS0414: The field 'LambotOffseason._delay' is assigned but its value is never used
Assets\Prefabs\Reefscape\Robots\Mods\MxModpackW2\3478\LambotAutoAlign.cs(42,40): warning CS0414: The field 'LambotAutoAlign.bargeBackStandoffInches' is assigned but its value is never used
Assets\Prefabs\Reefscape\Robots\Mods\MxModpackW2\3478\LambotOffseason.cs(147,22): warning CS0414: The field 'LambotOffseason.armNearTarget' is assigned but its value is never used
Assets\Prefabs\Reefscape\Robots\Mods\MxModpackW2\7421RMX\Offverture.cs(176,22): warning CS0414: The field 'Offverture.placed' is assigned but its value is never used
Assets\Prefabs\Reefscape\Robots\Mods\MxModpackW1\6647\VoltecClimb.cs(58,56): warning CS0414: The field 'VoltecClimb.volClick' is assigned but its value is never used
Assets\Prefabs\Reefscape\Robots\Mods\MxModpackW1\3354\TecdroidClimb.cs(58,56): warning CS0414: The field 'TecdroidClimb.volClick' is assigned but its value is never used
Assets\Prefabs\Reefscape\Robots\Mods\Simbotics\1114\Lynk.cs(246,34): warning CS0436: The type 'LynkSetpoint' in 'C:\MoSimModding\MoSimPrepatec\Assets/Prefabs/Reefscape/Robots/Mods/Simbotics/1114/LynkSetpoint.cs' conflicts with the imported type 'LynkSetpoint' in 'Lynk, Version=0.0.0.0, Culture=neutral, PublicKeyToken=null'. Using the type defined in 'C:\MoSimModding\MoSimPrepatec\Assets/Prefabs/Reefscape/Robots/Mods/Simbotics/1114/LynkSetpoint.cs'.
Assets\Prefabs\Reefscape\Robots\Mods\Simbotics\1114\Lynk.cs(32,34): warning CS0436: The type 'LynkSetpoint' in 'C:\MoSimModding\MoSimPrepatec\Assets/Prefabs/Reefscape/Robots/Mods/Simbotics/1114/LynkSetpoint.cs' conflicts with the imported type 'LynkSetpoint' in 'Lynk, Version=0.0.0.0, Culture=neutral, PublicKeyToken=null'. Using the type defined in 'C:\MoSimModding\MoSimPrepatec\Assets/Prefabs/Reefscape/Robots/Mods/Simbotics/1114/LynkSetpoint.cs'.
Assets\Prefabs\Reefscape\Robots\Mods\Simbotics\1114\Lynk.cs(33,34): warning CS0436: The type 'LynkSetpoint' in 'C:\MoSimModding\MoSimPrepatec\Assets/Prefabs/Reefscape/Robots/Mods/Simbotics/1114/LynkSetpoint.cs' conflicts with the imported type 'LynkSetpoint' in 'Lynk, Version=0.0.0.0, Culture=neutral, PublicKeyToken=null'. Using the type defined in 'C:\MoSimModding\MoSimPrepatec\Assets/Prefabs/Reefscape/Robots/Mods/Simbotics/1114/LynkSetpoint.cs'.
Assets\Prefabs\Reefscape\Robots\Mods\Simbotics\1114\Lynk.cs(34,34): warning CS0436: The type 'LynkSetpoint' in 'C:\MoSimModding\MoSimPrepatec\Assets/Prefabs/Reefscape/Robots/Mods/Simbotics/1114/LynkSetpoint.cs' conflicts with the imported type 'LynkSetpoint' in 'Lynk, Version=0.0.0.0, Culture=neutral, PublicKeyToken=null'. Using the type defined in 'C:\MoSimModding\MoSimPrepatec\Assets/Prefabs/Reefscape/Robots/Mods/Simbotics/1114/LynkSetpoint.cs'.
Assets\Prefabs\Reefscape\Robots\Mods\Simbotics\1114\Lynk.cs(35,34): warning CS0436: The type 'LynkSetpoint' in 'C:\MoSimModding\MoSimPrepatec\Assets/Prefabs/Reefscape/Robots/Mods/Simbotics/1114/LynkSetpoint.cs' conflicts with the imported type 'LynkSetpoint' in 'Lynk, Version=0.0.0.0, Culture=neutral, PublicKeyToken=null'. Using the type defined in 'C:\MoSimModding\MoSimPrepatec\Assets/Prefabs/Reefscape/Robots/Mods/Simbotics/1114/LynkSetpoint.cs'.
Assets\Prefabs\Reefscape\Robots\Mods\Simbotics\1114\Lynk.cs(36,34): warning CS0436: The type 'LynkSetpoint' in 'C:\MoSimModding\MoSimPrepatec\Assets/Prefabs/Reefscape/Robots/Mods/Simbotics/1114/LynkSetpoint.cs' conflicts with the imported type 'LynkSetpoint' in 'Lynk, Version=0.0.0.0, Culture=neutral, PublicKeyToken=null'. Using the type defined in 'C:\MoSimModding\MoSimPrepatec\Assets/Prefabs/Reefscape/Robots/Mods/Simbotics/1114/LynkSetpoint.cs'.
Assets\Prefabs\Reefscape\Robots\Mods\Simbotics\1114\Lynk.cs(37,34): warning CS0436: The type 'LynkSetpoint' in 'C:\MoSimModding\MoSimPrepatec\Assets/Prefabs/Reefscape/Robots/Mods/Simbotics/1114/LynkSetpoint.cs' conflicts with the imported type 'LynkSetpoint' in 'Lynk, Version=0.0.0.0, Culture=neutral, PublicKeyToken=null'. Using the type defined in 'C:\MoSimModding\MoSimPrepatec\Assets/Prefabs/Reefscape/Robots/Mods/Simbotics/1114/LynkSetpoint.cs'.
Assets\Prefabs\Reefscape\Robots\Mods\Simbotics\1114\Lynk.cs(38,34): warning CS0436: The type 'LynkSetpoint' in 'C:\MoSimModding\MoSimPrepatec\Assets/Prefabs/Reefscape/Robots/Mods/Simbotics/1114/LynkSetpoint.cs' conflicts with the imported type 'LynkSetpoint' in 'Lynk, Version=0.0.0.0, Culture=neutral, PublicKeyToken=null'. Using the type defined in 'C:\MoSimModding\MoSimPrepatec\Assets/Prefabs/Reefscape/Robots/Mods/Simbotics/1114/LynkSetpoint.cs'.
Assets\Prefabs\Reefscape\Robots\Mods\Simbotics\1114\Lynk.cs(39,34): warning CS0436: The type 'LynkSetpoint' in 'C:\MoSimModding\MoSimPrepatec\Assets/Prefabs/Reefscape/Robots/Mods/Simbotics/1114/LynkSetpoint.cs' conflicts with the imported type 'LynkSetpoint' in 'Lynk, Version=0.0.0.0, Culture=neutral, PublicKeyToken=null'. Using the type defined in 'C:\MoSimModding\MoSimPrepatec\Assets/Prefabs/Reefscape/Robots/Mods/Simbotics/1114/LynkSetpoint.cs'.
Assets\Prefabs\Reefscape\Robots\Mods\Simbotics\1114\Lynk.cs(42,34): warning CS0436: The type 'LynkSetpoint' in 'C:\MoSimModding\MoSimPrepatec\Assets/Prefabs/Reefscape/Robots/Mods/Simbotics/1114/LynkSetpoint.cs' conflicts with the imported type 'LynkSetpoint' in 'Lynk, Version=0.0.0.0, Culture=neutral, PublicKeyToken=null'. Using the type defined in 'C:\MoSimModding\MoSimPrepatec\Assets/Prefabs/Reefscape/Robots/Mods/Simbotics/1114/LynkSetpoint.cs'.
Assets\Prefabs\Reefscape\Robots\Mods\Simbotics\1114\Lynk.cs(43,34): warning CS0436: The type 'LynkSetpoint' in 'C:\MoSimModding\MoSimPrepatec\Assets/Prefabs/Reefscape/Robots/Mods/Simbotics/1114/LynkSetpoint.cs' conflicts with the imported type 'LynkSetpoint' in 'Lynk, Version=0.0.0.0, Culture=neutral, PublicKeyToken=null'. Using the type defined in 'C:\MoSimModding\MoSimPrepatec\Assets/Prefabs/Reefscape/Robots/Mods/Simbotics/1114/LynkSetpoint.cs'.
Assets\Prefabs\Reefscape\Robots\Mods\Simbotics\1114\Lynk.cs(44,34): warning CS0436: The type 'LynkSetpoint' in 'C:\MoSimModding\MoSimPrepatec\Assets/Prefabs/Reefscape/Robots/Mods/Simbotics/1114/LynkSetpoint.cs' conflicts with the imported type 'LynkSetpoint' in 'Lynk, Version=0.0.0.0, Culture=neutral, PublicKeyToken=null'. Using the type defined in 'C:\MoSimModding\MoSimPrepatec\Assets/Prefabs/Reefscape/Robots/Mods/Simbotics/1114/LynkSetpoint.cs'.
Assets\Prefabs\Reefscape\Robots\Mods\Simbotics\1114\Lynk.cs(45,34): warning CS0436: The type 'LynkSetpoint' in 'C:\MoSimModding\MoSimPrepatec\Assets/Prefabs/Reefscape/Robots/Mods/Simbotics/1114/LynkSetpoint.cs' conflicts with the imported type 'LynkSetpoint' in 'Lynk, Version=0.0.0.0, Culture=neutral, PublicKeyToken=null'. Using the type defined in 'C:\MoSimModding\MoSimPrepatec\Assets/Prefabs/Reefscape/Robots/Mods/Simbotics/1114/LynkSetpoint.cs'.
Assets\Prefabs\Reefscape\Robots\Mods\NY Modpack\694 Part 2\StuyPulseOffseason.cs(167,14): warning CS0114: 'StuyPulseOffseason.Start()' hides inherited member 'ReefscapeRobotBase.Start()'. To make the current member override that implementation, add the override keyword. Otherwise add the new keyword.
Assets\Prefabs\Reefscape\Robots\Mods\NY Modpack\694\Scripts\StuyPulseClean.cs(217,23): warning CS0414: The field 'StuyPulseClean._funnelWheels' is assigned but its value is never used
Assets\Prefabs\Reefscape\Robots\Mods\NY Modpack\694 Part 2\StuyPulseOffseason.cs(147,23): warning CS0414: The field 'StuyPulseOffseason._delay' is assigned but its value is never used
Assets\Prefabs\Reefscape\Robots\Mods\NY Modpack\334\TechKnights.cs(76,22): warning CS0414: The field 'TechKnights.canClack' is assigned but its value is never used
Assets\Prefabs\Reefscape\Robots\Mods\NY Modpack\694 Part 2\StuyPulseOffseason.cs(152,22): warning CS0414: The field 'StuyPulseOffseason.armNearTarget' is assigned but its value is never used
Assets\Prefabs\Reefscape\Robots\Mods\IronPanthers\5026\Iron Panthers.cs(30,40): warning CS0414: The field 'IronPanthers.minimumElevatorHeightForSwingAround' is assigned but its value is never used
Assets\Prefabs\Reefscape\Robots\Mods\NY Modpack\694\Scripts\StuyPulseNewArmClean.cs(150,23): warning CS0414: The field 'StuyPulseNewArmClean._funnelWheels' is assigned but its value is never used
Assets\Prefabs\Reefscape\Robots\Mods\NY Modpack\694\StuyPulse.cs(139,23): warning CS0414: The field 'StuyPulse._funnelWheels' is assigned but its value is never used
Assets\Prefabs\Reefscape\Robots\Mods\Lanternfly\9999\LanternClimb.cs(54,56): warning CS0414: The field 'LanternClimb.volClick' is assigned but its value is never used
Assets\Prefabs\Reefscape\Robots\Mods\IronPanthers\5026\Iron Panthers.cs(58,22): warning CS0414: The field 'IronPanthers._atSetpoint' is assigned but its value is never used
Assets\Prefabs\Reefscape\Robots\Mods\NY Modpack\694\StuyPulseNewArm.cs(140,23): warning CS0414: The field 'StuyPulseNewArm._funnelWheels' is assigned but its value is never used
Assets\Editor\TexturePacker.cs(16,23): warning CS0219: The variable 'metallic' is assigned but its value is never used
AssetDatabase: script compilation time: 5.862167s
Assembly reference Packages/com.unity.cinemachine/Editor/Samples/ExposeHDRPInternals/HDRP-Editor-ref.asmref has no target assembly definition
Begin MonoManager ReloadAssembly
Total cache size 268133920
Total cache size after purge 268133920
Symbol file LoadedFromMemory doesn't match image C:\MoSimModding\MoSimPrepatec\Library\PackageCache\com.unity.visualscripting@1.8.0\Editor\VisualScripting.Core\Dependencies\YamlDotNet\Unity.VisualScripting.YamlDotNet.dll
Symbol file LoadedFromMemory doesn't match image C:\MoSimModding\MoSimPrepatec\Library\PackageCache\com.unity.visualscripting@1.8.0\Editor\VisualScripting.Core\Dependencies\DotNetZip\Unity.VisualScripting.IonicZip.dll
- Loaded All Assemblies, in  3.074 seconds
Refreshing native plugins compatible for Editor in 1.98 ms, found 6 plugins.
Native extension for LinuxStandalone target not found
Native extension for Android target not found
Native extension for UWP target not found
Native extension for WindowsStandalone target not found
Native extension for OSXStandalone target not found
Assembly reference Packages/com.unity.cinemachine/Editor/Samples/ExposeHDRPInternals/HDRP-Editor-ref.asmref has no target assembly definition
Mono: successfully reloaded assembly
- Finished resetting the current domain, in  3.140 seconds
Domain Reload Profiling: 6208ms
	BeginReloadAssembly (480ms)
		ExecutionOrderSort (0ms)
		DisableScriptedObjects (13ms)
		BackupInstance (0ms)
		ReleaseScriptingObjects (0ms)
		CreateAndSetChildDomain (41ms)
	RebuildCommonClasses (37ms)
	RebuildNativeTypeToScriptingClass (12ms)
	initialDomainReloadingComplete (30ms)
	LoadAllAssembliesAndSetupDomain (2508ms)
		LoadAssemblies (2332ms)
		RebuildTransferFunctionScriptingTraits (0ms)
		AnalyzeDomain (286ms)
			TypeCache.Refresh (226ms)
				TypeCache.ScanAssembly (208ms)
			BuildScriptInfoCaches (44ms)
			ResolveRequiredComponents (12ms)
	FinalizeReload (3140ms)
		ReleaseScriptCaches (0ms)
		RebuildScriptCaches (0ms)
		SetupLoadedEditorAssemblies (2784ms)
			LogAssemblyErrors (0ms)
			InitializePlatformSupportModulesInManaged (35ms)
			SetLoadedEditorAssemblies (3ms)
			BeforeProcessingInitializeOnLoad (113ms)
			ProcessInitializeOnLoadAttributes (2541ms)
			ProcessInitializeOnLoadMethodAttributes (85ms)
			AfterProcessingInitializeOnLoad (7ms)
			EditorAssembliesLoaded (0ms)
		ExecutionOrderSort2 (0ms)
		AwakeInstancesAfterBackupRestoration (17ms)
Shader Hidden/ProbeVolume/VoxelizeScene is not supported: GPU does not support conservative rasterization
Start importing Packages/com.unity.searcher/Editor/Resources/FlatSkin/Font/Roboto-Black.ttf using Guid(1062c701058745940ae5dca6219c64c8) (TrueTypeFontImporter) -> (artifact id: '821f321a28146147efec3339bac4badb') in 0.0249318 seconds
Start importing Packages/com.unity.searcher/Editor/Resources/FlatSkin/Font/Roboto-Regular.ttf using Guid(30dc370b164eefc43b95744fc796dad0) (TrueTypeFontImporter) -> (artifact id: 'd99c632f4de133723aad2304001246a4') in 0.0033892 seconds
Start importing Assets/TextMesh Pro/Fonts/Orbitron-VariableFont_wght.ttf using Guid(606c965193a874e42b1ed752f5b648ea) (TrueTypeFontImporter) -> (artifact id: '871c9904eaf9e466b377e9c613b9234e') in 0.0027697 seconds
Start importing Assets/TextMesh Pro/Fonts/MADE TOMMY Medium.otf using Guid(f04f09c89f189a046a196e76033dde65) (TrueTypeFontImporter) -> (artifact id: '8b112d2cb76922bbb356452cd4467b3e') in 0.0128845 seconds
Start importing Assets/TextMesh Pro/Fonts/GlacialIndifference-Bold.otf using Guid(1157ecbe5de7f68419d351959a850a5b) (TrueTypeFontImporter) -> (artifact id: 'c8ab82274dfa48e8d23ad0d773077527') in 0.0022679 seconds
Start importing Packages/com.unity.searcher/Editor/Resources/FlatSkin/Font/Roboto-ThinItalic.ttf using Guid(b2ea3b3f1765e544b9eb5bd1a93a91ce) (TrueTypeFontImporter) -> (artifact id: 'd49cef7a9549ff67e71dc0f03eeb13bb') in 0.0024096 seconds
Start importing Assets/Imports/Fonts/Kardust TS Condensed Bold Italic.ttf using Guid(43190aae55d132343974c076aeff98de) (TrueTypeFontImporter) -> (artifact id: 'e8c609d26681d8393a07139ecdd56ab6') in 0.0021877 seconds
Start importing Assets/Imports/Menus/kenney_ui-pack/Font/Kenney Future Narrow.ttf using Guid(c3c544cd2761c3b4ca4b5cd1aff38206) (TrueTypeFontImporter) -> (artifact id: 'ada78a8b6c1b9acd69258e5ceaa66582') in 0.0021408 seconds
Start importing Assets/TextMesh Pro/Fonts/LiberationSans.ttf using Guid(e3265ab4bf004d28a9537516768c1c75) (TrueTypeFontImporter) -> (artifact id: 'e3dcfdaab7cae2f6892e564302149e2a') in 0.3757672 seconds
Start importing Assets/TextMesh Pro/Examples & Extras/Resources/Fonts & Materials/GlacialIndifference-Bold.otf using Guid(6478bd1ec152ef448b65cafe3192956b) (TrueTypeFontImporter) -> (artifact id: 'a26d438a89e0c65474f6d73a2bb2340a') in 0.0021345 seconds
Start importing Packages/com.unity.render-pipelines.core/Runtime/Debugging/Prefabs/Fonts/PerfectDOSVGA437.ttf using Guid(74a5091d8707f334b9a5c31ef71a64ba) (TrueTypeFontImporter) -> (artifact id: '00d3fefbfe3fd9e5d99b937cd6000559') in 0.002419 seconds
Start importing Assets/Prefabs/Reefscape/Robots/Mods/MxModpackW2/3478/LambotFont.otf using Guid(84bf4c6ca30390444b25839f5fededd4) (TrueTypeFontImporter) -> (artifact id: 'c302ffbfea45a862172a37c33b03e437') in 0.002065 seconds
Start importing Assets/TextMesh Pro/Examples & Extras/Fonts/Unity.ttf using Guid(f4eec857a4fdf2f43be0e9f3d1a984e7) (TrueTypeFontImporter) -> (artifact id: '7639c5e459dadff7bc8ebb0de83aa01d') in 0.0019528 seconds
Start importing Packages/com.unity.searcher/Editor/Resources/FlatSkin/Font/Roboto-Medium.ttf using Guid(a51a3aebb43ac044989270407476b208) (TrueTypeFontImporter) -> (artifact id: '021e2b648ee67d657d6bf31772bbfffa') in 0.0024028 seconds
Start importing Packages/com.unity.searcher/Editor/Resources/FlatSkin/Font/Roboto-Bold.ttf using Guid(3750c318f40cab44a97d3a81beaefeb3) (TrueTypeFontImporter) -> (artifact id: 'd2ab9443b68777cf8f46f812841a2a74') in 0.0035229 seconds
Start importing Packages/com.unity.searcher/Editor/Resources/FlatSkin/Font/Roboto-Italic.ttf using Guid(c839255fc8f6b4b4d90bf8c1af9f9bd1) (TrueTypeFontImporter) -> (artifact id: 'f63b0e91acd3f84089be62952a68a922') in 0.0039187 seconds
Start importing Packages/com.unity.searcher/Editor/Resources/FlatSkin/Font/Roboto-Thin.ttf using Guid(19a9abb883540be48b75b951a927ae03) (TrueTypeFontImporter) -> (artifact id: '07e05afd28644c70a298cc8dfcfe3b5d') in 0.0039069 seconds
Start importing Assets/TextMesh Pro/Examples & Extras/Fonts/Anton.ttf using Guid(997a43b767814dd0a7642ec9b78cba41) (TrueTypeFontImporter) -> (artifact id: '6a1fa979436eb5e47ce5d97fd940ec1d') in 0.0027675 seconds
Start importing Assets/TextMesh Pro/Examples & Extras/Resources/Fonts & Materials/GlacialIndifference-Bold 1.otf using Guid(b906f68fa63f50a41944876f3568691c) (TrueTypeFontImporter) -> (artifact id: '19b9d83e1b7bf262f8c37bda93069f6b') in 0.0022875 seconds
Start importing Assets/TextMesh Pro/Examples & Extras/Fonts/Oswald-Bold.ttf using Guid(c9f6d0e7bc8541498c9a4799ba184ede) (TrueTypeFontImporter) -> (artifact id: 'a9d3befa93ae625c251a8c08e61cd151') in 0.0023617 seconds
Start importing Packages/com.unity.searcher/Editor/Resources/FlatSkin/Font/Roboto-MediumItalic.ttf using Guid(d93c1bc57fdf1ac4dad1bf04fac05464) (TrueTypeFontImporter) -> (artifact id: '6b65441f3397605967e81c3ea81e542a') in 0.0025293 seconds
Start importing Packages/com.unity.searcher/Editor/Resources/FlatSkin/Font/Roboto-BlackItalic.ttf using Guid(f95147a9bab9fe649b8070170fa7ebd2) (TrueTypeFontImporter) -> (artifact id: '8234d1684e46e9c42623bb4f930cf8a9') in 0.0023623 seconds
Start importing Packages/com.unity.searcher/Editor/Resources/FlatSkin/Font/Roboto-Light.ttf using Guid(2a29e27936eb547458f646f71125b264) (TrueTypeFontImporter) -> (artifact id: '4e4fa90e7389d7a48284bfed55bc3254') in 0.0024145 seconds
Start importing Assets/TextMesh Pro/Examples & Extras/Fonts/Electronic Highway Sign.TTF using Guid(8a2b9e2a607dd2143b58c44bc32410b4) (TrueTypeFontImporter) -> (artifact id: '430f212bb650a4020a93c831b07e9cb4') in 0.0026177 seconds
Start importing Assets/Prefabs/Reefscape/Robots/Mods/PrototypeMod/5449/UngapBlocksVariable-Swash.ttf using Guid(cad444194d48c3c48bb4f518feb45ce7) (TrueTypeFontImporter) -> (artifact id: 'b5984ab737a417e7cc7ee71b49630d30') in 0.0038949 seconds
Start importing Assets/TextMesh Pro/Examples & Extras/Fonts/Roboto-Bold.ttf using Guid(4beb055f07aaff244873dec698d0363e) (TrueTypeFontImporter) -> (artifact id: '248b057650a01e2adcda2c6fc3dc3b47') in 0.0030389 seconds
Start importing Assets/TextMesh Pro/Examples & Extras/Fonts/Bangers.ttf using Guid(5dd49b3eacc540408c98eee0de38e0f1) (TrueTypeFontImporter) -> (artifact id: 'f2fbd4c8ae97b57fdb458d8da40d79fd') in 0.0021907 seconds
Start importing Packages/com.unity.searcher/Editor/Resources/FlatSkin/Font/Roboto-LightItalic.ttf using Guid(5e63515167650a541b309ba3bfd4db3d) (TrueTypeFontImporter) -> (artifact id: '0cedd5fc4216197253ffd7e83a289ba5') in 0.0026335 seconds
Start importing Assets/Imports/Fonts/nasalization rg(1).ttf using Guid(be8eb7a284b9c7b4cb57d3eb414301df) (TrueTypeFontImporter) -> (artifact id: 'dadc11961a0c18df3cd06f5f8537384a') in 0.0116796 seconds
Start importing Assets/Imports/Menus/kenney_ui-pack/Font/Kenney Future.ttf using Guid(1f7fc2387af676e418f738190cb7237d) (TrueTypeFontImporter) -> (artifact id: '99d671e371a6ce84fb0c86a267349b07') in 0.0026671 seconds
Start importing Assets/TextMesh Pro/Examples & Extras/Resources/Fonts & Materials/GlacialIndifference-Regular.otf using Guid(4f9070e303b679a469280af4f67034a6) (TrueTypeFontImporter) -> (artifact id: '727765395f94d894e28f14dcd4d611d3') in 0.0032608 seconds
Start importing Assets/Imports/Fonts/Megahertz In Regular.otf using Guid(bf6c159310b22c54c9e47b00958759e7) (TrueTypeFontImporter) -> (artifact id: 'b340fb890b94e11e2f70df28813b76d1') in 0.0036963 seconds
Start importing Packages/com.unity.searcher/Editor/Resources/FlatSkin/Font/Roboto-BoldItalic.ttf using Guid(dfb97a9307a577a41bcacba34b9a7e32) (TrueTypeFontImporter) -> (artifact id: 'ac22c1c906effb4aeb48e3c8312811eb') in 0.0034734 seconds
Start importing Packages/com.unity.render-pipelines.universal/Runtime/Materials/ArnoldStandardSurface/ArnoldStandardSurfaceTransparent.shadergraph using Guid(30fa68ce467463643a86b839ca0eb195) (ScriptedImporter)Launched and connected shader compiler UnityShaderCompiler.exe after 0.02 seconds
 -> (artifact id: 'a2f5aa7cd3cabe4ae01e53e2be9e761d') in 0.6281676 seconds
Start importing Packages/com.unity.render-pipelines.universal/Shaders/AutodeskInteractive/AutodeskInteractiveMasked.shadergraph using Guid(80aa867ac363ac043847b06ad71604cd) (ScriptedImporter) -> (artifact id: '1b174a827d20ba14ec62cf77471a1823') in 0.2211768 seconds
Start importing Assets/TextMesh Pro/Shaders/TMP_SDF-URP Unlit.shadergraph using Guid(124c112a6e8f1a54e8b0870e881b56d8) (ScriptedImporter) -> (artifact id: '2a800789176773eafb210148d465d55e') in 0.2924559 seconds
Start importing Assets/TextMesh Pro/Shaders/TMP_SDF-URP Lit.shadergraph using Guid(a3d800b099a06e0478fb790c5e79057a) (ScriptedImporter) -> (artifact id: '9b25c0d3776632d3d1c04b60ac9d368f') in 0.2486845 seconds
Start importing Packages/com.unity.render-pipelines.universal/Shaders/2D/VFXSpriteLit.shadergraph using Guid(24a73dccd7b6fad4798be282f96a21f4) (ScriptedImporter) -> (artifact id: '8646754b45a80581b064e1c11b17586b') in 0.0950204 seconds
Start importing Packages/com.unity.render-pipelines.universal/Runtime/Materials/PhysicalMaterial3DsMax/PhysicalMaterial3DsMax.shadergraph using Guid(44245ab89240f51459a5077d7145c452) (ScriptedImporter) -> (artifact id: '8c7f4ac86225725a1466c071153e8a2d') in 0.4739029 seconds
Start importing Packages/com.unity.render-pipelines.universal/Runtime/Materials/ArnoldStandardSurface/ArnoldStandardSurface.shadergraph using Guid(3739e562a03fc0b4982d8aa66cc50865) (ScriptedImporter) -> (artifact id: '4282c4543e3a2e5b1ed03babffc2e5f2') in 0.1587972 seconds
Start importing Packages/com.unity.render-pipelines.universal/Shaders/2D/VFXSpriteUnlit.shadergraph using Guid(d7288f66e4fb0634c9afef98c31b722a) (ScriptedImporter) -> (artifact id: 'fc3512fffe6748aaf460eaf633e49b84') in 0.0895803 seconds
Start importing Assets/Materials/LEds/LEDs.shadergraph using Guid(88d82d76b25302e4f81533f3cee81aab) (ScriptedImporter) -> (artifact id: 'f19e3a0bd5af5a8c5fd690000b992e30') in 0.135347 seconds
Start importing Packages/com.unity.render-pipelines.universal/Shaders/Nature/SpeedTree8_PBRLit.shadergraph using Guid(9920c1f1781549a46ba081a2a15a16ec) (ScriptedImporter) -> (artifact id: 'c01379311fcb91158121bf47c0ccc142') in 1.5566602 seconds
Start importing Packages/com.unity.render-pipelines.universal/Runtime/Materials/PhysicalMaterial3DsMax/PhysicalMaterial3DsMaxTransparent.shadergraph using Guid(1a207e3bee00db44b940e6f362a8e148) (ScriptedImporter) -> (artifact id: 'c05c23d6ef028a00b92ea563121335ca') in 0.118191 seconds
Start importing Packages/com.unity.render-pipelines.universal/Shaders/Decal.shadergraph using Guid(9b4e681081e2b4c469111bb649e2f7ee) (ScriptedImporter) -> (artifact id: 'cb94338ac4e74adc7f93e94b93a8fff5') in 0.108927 seconds
Start importing Packages/com.unity.render-pipelines.universal/Shaders/FullscreenInvertColors.shadergraph using Guid(fb6390f650ca44a5ba3246d8dda47927) (ScriptedImporter) -> (artifact id: '152488e7d71d934b5359de937cf115d2') in 0.045531 seconds
Start importing Packages/com.unity.render-pipelines.universal/Shaders/AutodeskInteractive/AutodeskInteractiveTransparent.shadergraph using Guid(5c81372d981403744adbdda4433c9c11) (ScriptedImporter) -> (artifact id: '5c2463d2fca7d0009bbf5721e2169d2e') in 0.1602778 seconds
Start importing Assets/Materials/Algae/AlgaeLogoShader.shadergraph using Guid(9c0141191560aaa4aac382b333870033) (ScriptedImporter) -> (artifact id: '9b8ebf3915aa0f7446c22a73704aa28c') in 0.1431196 seconds
Start importing Packages/com.unity.render-pipelines.universal/Shaders/AutodeskInteractive/AutodeskInteractive.shadergraph using Guid(0e9d5a909a1f7e84882a534d0d11e49f) (ScriptedImporter) -> (artifact id: '97b6426f965732d54d0ea468770c5387') in 0.1582545 seconds
Shader Hidden/ProbeVolume/VoxelizeScene is not supported: GPU does not support conservative rasterization
Refreshing native plugins compatible for Editor in 2.44 ms, found 6 plugins.
Preloading 0 native plugins for Editor in 0.00 ms.
Asset Pipeline Refresh (id=82b21948e9612f9498501d4c87fa1237): Total: 19.495 seconds - Initiated by InitialRefreshV2(ForceSynchronousImport)
	Summary:
		Imports: total=110 (actual=16, local cache=94, cache server=0)
		Asset DB Process Time: managed=6 ms, native=9902 ms
		Asset DB Callback time: managed=321 ms, native=161 ms
		Scripting: domain reloads=1, domain reload time=3169 ms, compile time=5864 ms, other=69 ms
		Project Asset Count: scripts=1646, non-scripts=4647
		Asset File Changes: new=0, changed=0, moved=0, deleted=0
		Scan Filter Count: 0
	InvokeCustomDependenciesCallbacks: 0.002ms
	InvokePackagesCallback: 2.629ms
	ApplyChangesToAssetFolders: 0.531ms
	Scan: 149.487ms
	OnSourceAssetsModified: 0.002ms
	CategorizeAssetsWithTransientArtifact: 89.485ms
	ProcessAssetsWithTransientArtifactChanges: 103.091ms
	CategorizeAssets: 86.773ms
	ImportOutOfDateAssets: 9280.273ms (-2742.713ms without children)
		ImportManagerImport: 5718.512ms (527.352ms without children)
			ImportInProcess: 5188.547ms
			UpdateCategorizedAssets: 2.613ms
		CompileScripts: 5864.067ms
		ReloadNativeAssets: 0.088ms
		UnloadImportedAssets: 6.454ms
		ReloadImportedAssets: 431.147ms
		EnsureUptoDateAssetsAreRegisteredWithGuidPM: 1.920ms
		InitializingProgressBar: 0.012ms
		PostProcessAllAssetNotificationsAddChangedAssets: 0.001ms
		OnDemandSchedulerStart: 0.785ms
	PostProcessAllAssets: 478.548ms
	Hotreload: 4.034ms
	GatherAllCurrentPrimaryArtifactRevisions: 0.000ms
	UnloadStreamsBegin: 2.357ms
	PersistCurrentRevisions: 0.871ms
	UnloadStreamsEnd: 0.001ms
	GenerateScriptTypeHashes: 8.723ms
	Untracked: 9296.761ms

Application.AssetDatabase Initial Refresh End
Shader Hidden/ProbeVolume/VoxelizeScene is not supported: GPU does not support conservative rasterization
Scanning for USB devices : 2.062ms
Initializing Unity extensions:
[Licensing::Client] Successfully resolved entitlements
[MODES] ModeService[none].Initialize
[MODES] ModeService[none].LoadModes
[MODES] Loading mode Default (0) for mode-current-id-MoSimulator
Unloading 40 Unused Serialized files (Serialized files now loaded: 0)
Unloading 7104 unused Assets / (7.0 MB). Loaded Objects now: 7897.
Memory consumption went from 330.1 MB to 323.1 MB.
Total: 18.329800 ms (FindLiveObjects: 1.035100 ms CreateObjectMapping: 0.872300 ms MarkObjects: 12.842600 ms  DeleteObjects: 3.578200 ms)

Building addressables for: MxModpackW1 (target: StandaloneOSX, prefix: mxmodpackw1)
UnityEngine.Debug:ExtractStackTraceNoAlloc (byte*,int,string)
UnityEngine.StackTraceUtility:ExtractStackTrace ()
UnityEngine.DebugLogHandler:Internal_Log (UnityEngine.LogType,UnityEngine.LogOption,string,UnityEngine.Object)
UnityEngine.DebugLogHandler:LogFormat (UnityEngine.LogType,UnityEngine.Object,string,object[])
UnityEngine.Logger:Log (UnityEngine.LogType,object)
UnityEngine.Debug:Log (object)
Editor.AddressablesModExporter:BuildOneGroup (UnityEditor.AddressableAssets.Settings.AddressableAssetSettings,Editor.AddressablesModExporter/ModBuildSpec) (at Assets/Editor/AddressablesModExporter.cs:477)
Editor.AddressablesModExporter:BuildAndExport (System.Collections.Generic.List`1<Editor.AddressablesModExporter/ModBuildSpec>) (at Assets/Editor/AddressablesModExporter.cs:361)
Editor.AddressablesModExporter:BuildFromCommandLine () (at Assets/Editor/AddressablesModExporter.cs:624)

(Filename: Assets/Editor/AddressablesModExporter.cs Line: 477)

DisplayProgressbar: Processing Addressable Group
Start importing Assets/AddressableAssetsData/AssetGroups/Schemas/MxModpackW1_BundledAssetGroupSchema.asset using Guid(a6ddd083f2ffd4e42ab007474c3587a3) (NativeFormatImporter) -> (artifact id: 'b176782629c1f5023e9d3ef9d59e2dfd') in 0.0020895 seconds
Start importing Assets/AddressableAssetsData/AssetGroups/MxModpackW1.asset using Guid(97b8a6583c284ec4cadac1d99b49b215) (NativeFormatImporter) -> (artifact id: 'dfd4e3e43d51d3433c2155b5add16257') in 0.0016413 seconds
Start importing Assets/AddressableAssetsData/AssetGroups/Schemas/MxModpackW2_BundledAssetGroupSchema.asset using Guid(fe7da0d12f6c63e4cbe09f0f2b344a7d) (NativeFormatImporter) -> (artifact id: '764a095e3d3a0451a04c60734bfe9ede') in 0.0015963 seconds
Refreshing native plugins compatible for Editor in 2.33 ms, found 6 plugins.
Preloading 0 native plugins for Editor in 0.00 ms.
Asset Pipeline Refresh (id=a4c2fac72fcdac446a790971d21ba78f): Total: 0.057 seconds - Initiated by StopAssetImportingV2(NoUpdateAssetOptions)
DisplayProgressbar: Switch To Build Platform
DisplayProgressbar: Rebuild Sprite Atlas Cache
DisplayProgressbar: Build Player Scripts
[ScriptCompilation] Requested script compilation because: Recompiling all scripts before compiling player scripts because Auto Refresh is disabled.
info: Microsoft.AspNetCore.Hosting.Diagnostics[1]
      Request starting HTTP/2 POST http://ilpp/UnityILPP.PostProcessing/Ping application/grpc -
info: Microsoft.AspNetCore.Routing.EndpointMiddleware[0]
      Executing endpoint 'gRPC - /UnityILPP.PostProcessing/Ping'
info: Microsoft.AspNetCore.Routing.EndpointMiddleware[1]
      Executed endpoint 'gRPC - /UnityILPP.PostProcessing/Ping'
info: Microsoft.AspNetCore.Hosting.Diagnostics[2]
      Request finished HTTP/2 POST http://ilpp/UnityILPP.PostProcessing/Ping application/grpc - - 200 - application/grpc 0.2586ms
Starting: C:\Program Files\Unity\Hub\Editor\2023.2.22f1\Editor\Data\bee_backend.exe --dont-print-to-structured-log --ipc --defer-dag-verification --dagfile="Library/Bee/200b0aE.dag" --continue-on-failure --profile="Library/Bee/backend1.traceevents" ScriptAssemblies
WorkingDir: C:/MoSimModding/MoSimPrepatec
info: Microsoft.AspNetCore.Hosting.Diagnostics[1]
      Request starting HTTP/2 POST http://ilpp/UnityILPP.PostProcessing/ConfigurePostProcessors application/grpc -
info: Microsoft.AspNetCore.Routing.EndpointMiddleware[0]
      Executing endpoint 'gRPC - /UnityILPP.PostProcessing/ConfigurePostProcessors'
info: Unity.ILPP.Runner.PostProcessingAssemblyLoadContext[0]
      Current configuration matches the requested one, skipping
info: Microsoft.AspNetCore.Routing.EndpointMiddleware[1]
      Executed endpoint 'gRPC - /UnityILPP.PostProcessing/ConfigurePostProcessors'
info: Microsoft.AspNetCore.Hosting.Diagnostics[2]
      Request finished HTTP/2 POST http://ilpp/UnityILPP.PostProcessing/ConfigurePostProcessors application/grpc - - 200 - application/grpc 1.1115ms
ExitCode: 0 Duration: 0s405ms
[ 886/1160  0s] ILPP-Configuration Library/ilpp-configuration.nevergeneratedoutput
*** Tundra build success (0.32 seconds), 1 items updated, 1160 evaluated
DisplayProgressbar: Compiling Scripts
[ScriptCompilation] Requested script compilation because: Compiling scripts for player
info: Microsoft.AspNetCore.Hosting.Diagnostics[1]
      Request starting HTTP/2 POST http://ilpp/UnityILPP.PostProcessing/Ping application/grpc -
info: Microsoft.AspNetCore.Routing.EndpointMiddleware[0]
      Executing endpoint 'gRPC - /UnityILPP.PostProcessing/Ping'
info: Microsoft.AspNetCore.Routing.EndpointMiddleware[1]
      Executed endpoint 'gRPC - /UnityILPP.PostProcessing/Ping'
info: Microsoft.AspNetCore.Hosting.Diagnostics[2]
      Request finished HTTP/2 POST http://ilpp/UnityILPP.PostProcessing/Ping application/grpc - - 200 - application/grpc 0.2827ms
Starting: C:\Program Files\Unity\Hub\Editor\2023.2.22f1\Editor\Data\bee_backend.exe --dont-print-to-structured-log --ipc --defer-dag-verification --dagfile="Library/Bee/200b0aP.dag" --continue-on-failure --profile="Library/Bee/backend1.traceevents" ScriptAssembliesAndTypeDB
WorkingDir: C:/MoSimModding/MoSimPrepatec
ExitCode: 4 Duration: 0s646ms
[398/781    0s] WriteResponseFile Library/Bee/artifacts/rsp/4747638433968585886.rsp
Rebuilding DAG because FileSignature timestamp changed: Library/Bee/200b0aP-inputdata.json
*** Tundra requires additional run (0.59 seconds), 1 items updated, 488 evaluated
Starting: C:\Program Files\Unity\Hub\Editor\2023.2.22f1\Editor\Data\Tools\netcorerun\netcorerun.exe "C:\Program Files\Unity\Hub\Editor\2023.2.22f1\Editor\Data\Tools\BuildPipeline\ScriptCompilationBuildProgram.exe" "Library/Bee/200b0aP.dag.json" "Library/Bee/200b0aP-inputdata.json" "Library\Bee\buildprogram0.traceevents"
WorkingDir: C:/MoSimModding/MoSimPrepatec
Total cache size 268133920
Total cache size after purge 268133920
ExitCode: 0 Duration: 0s716ms
Starting: C:\Program Files\Unity\Hub\Editor\2023.2.22f1\Editor\Data\bee_backend.exe --dont-print-to-structured-log --ipc --defer-dag-verification --dagfile="Library/Bee/200b0aP.dag" --continue-on-failure --dagfilejson="Library\Bee\200b0aP.dag.json" --profile="Library/Bee/backend2.traceevents" ScriptAssembliesAndTypeDB
WorkingDir: C:/MoSimModding/MoSimPrepatec
info: Microsoft.AspNetCore.Hosting.Diagnostics[1]
      Request starting HTTP/2 POST http://ilpp/UnityILPP.PostProcessing/ConfigurePostProcessors application/grpc -
info: Microsoft.AspNetCore.Routing.EndpointMiddleware[0]
      Executing endpoint 'gRPC - /UnityILPP.PostProcessing/ConfigurePostProcessors'
info: Unity.ILPP.Runner.PostProcessingAssemblyLoadContext[0]
      ALC ILPP context 1 is unloading
warn: Unity.ILPP.Runner.PostProcessingAssemblyLoadContext[0]
      Assembly system.runtime.interopservices.windowsruntime has duplicate hint path. Ignoring "C:\Program Files\Unity\Hub\Editor\2023.2.22f1\Editor\Data\UnityReferenceAssemblies\unity-4.8-api\Facades\System.Runtime.InteropServices.WindowsRuntime.dll" in favor of "C:\Program Files\Unity\Hub\Editor\2023.2.22f1\Editor\Data\NetStandard\Extensions\2.0.0\System.Runtime.InteropServices.WindowsRuntime.dll"
warn: Unity.ILPP.Runner.PostProcessingAssemblyLoadContext[0]
      Assembly system.componentmodel.composition has duplicate hint path. Ignoring "C:\Program Files\Unity\Hub\Editor\2023.2.22f1\Editor\Data\UnityReferenceAssemblies\unity-4.8-api\System.ComponentModel.Composition.dll" in favor of "C:\Program Files\Unity\Hub\Editor\2023.2.22f1\Editor\Data\NetStandard\compat\2.1.0\shims\netfx\System.ComponentModel.Composition.dll"
info: Unity.ILPP.Runner.PostProcessingAssemblyLoadContext[0]
      Resolved Unity.Burst.Cecil, Version=0.11.4.0, Culture=neutral, PublicKeyToken=50cebf1cceb9d05e with Library\PackageCache\com.unity.burst@1.8.13\Unity.Burst.CodeGen\Unity.Burst.Cecil.dll
info: Unity.ILPP.Runner.PostProcessingAssemblyLoadContext[0]
      Resolved Mono.Cecil, Version=0.11.4.0, Culture=neutral, PublicKeyToken=50cebf1cceb9d05e with Library\PackageCache\com.unity.nuget.mono-cecil@1.11.4\Mono.Cecil.dll
info: Microsoft.AspNetCore.Routing.EndpointMiddleware[1]
      Executed endpoint 'gRPC - /UnityILPP.PostProcessing/ConfigurePostProcessors'
info: Microsoft.AspNetCore.Hosting.Diagnostics[2]
      Request finished HTTP/2 POST http://ilpp/UnityILPP.PostProcessing/ConfigurePostProcessors application/grpc - - 200 - application/grpc 252.9878ms
info: Microsoft.AspNetCore.Hosting.Diagnostics[1]
      Request starting HTTP/2 POST http://ilpp/UnityILPP.PostProcessing/PostProcessAssembly application/grpc -
info: Microsoft.AspNetCore.Routing.EndpointMiddleware[0]
      Executing endpoint 'gRPC - /UnityILPP.PostProcessing/PostProcessAssembly'
info: Unity.ILPP.Runner.PostProcessingPipeline[0]
      Processing assembly Library/Bee/artifacts/200b0aP.dag/ChillOut.dll, with 112 defines and 205 references
info: Unity.ILPP.Runner.PostProcessingPipeline[0]
      processors: Unity.Jobs.CodeGen.JobsILPostProcessor, zzzUnity.Burst.CodeGen.BurstILPostProcessor
info: Unity.ILPP.Runner.PostProcessingPipeline[0]
      running Unity.Jobs.CodeGen.JobsILPostProcessor
info: Microsoft.AspNetCore.Hosting.Diagnostics[1]
      Request starting HTTP/2 POST http://ilpp/UnityILPP.PostProcessing/PostProcessAssembly application/grpc -
info: Microsoft.AspNetCore.Routing.EndpointMiddleware[0]
      Executing endpoint 'gRPC - /UnityILPP.PostProcessing/PostProcessAssembly'
info: Unity.ILPP.Runner.PostProcessingPipeline[0]
      Processing assembly Library/Bee/artifacts/200b0aP.dag/OvertureRMX.dll, with 112 defines and 205 references
info: Unity.ILPP.Runner.PostProcessingPipeline[0]
      processors: Unity.Jobs.CodeGen.JobsILPostProcessor, zzzUnity.Burst.CodeGen.BurstILPostProcessor
info: Microsoft.AspNetCore.Hosting.Diagnostics[1]
      Request starting HTTP/2 POST http://ilpp/UnityILPP.PostProcessing/PostProcessAssembly application/grpc -
info: Microsoft.AspNetCore.Routing.EndpointMiddleware[0]
      Executing endpoint 'gRPC - /UnityILPP.PostProcessing/PostProcessAssembly'
info: Unity.ILPP.Runner.PostProcessingPipeline[0]
      Processing assembly Library/Bee/artifacts/200b0aP.dag/Lambot.dll, with 112 defines and 205 references
info: Unity.ILPP.Runner.PostProcessingPipeline[0]
      processors: Unity.Jobs.CodeGen.JobsILPostProcessor, zzzUnity.Burst.CodeGen.BurstILPostProcessor
info: Unity.ILPP.Runner.PostProcessingPipeline[0]
      running Unity.Jobs.CodeGen.JobsILPostProcessor
info: Unity.ILPP.Runner.PostProcessingAssemblyLoadContext[0]
      Resolved Unity.Collections, Version=0.0.0.0, Culture=neutral, PublicKeyToken=null with Library\Bee\artifacts\StandaloneOSX_CodeGen\Unity.Collections.dll
info: Unity.ILPP.Runner.PostProcessingPipeline[0]
      running Unity.Jobs.CodeGen.JobsILPostProcessor
info: Microsoft.AspNetCore.Hosting.Diagnostics[1]
      Request starting HTTP/2 POST http://ilpp/UnityILPP.PostProcessing/PostProcessAssembly application/grpc -
info: Microsoft.AspNetCore.Hosting.Diagnostics[1]
      Request starting HTTP/2 POST http://ilpp/UnityILPP.PostProcessing/PostProcessAssembly application/grpc -
info: Microsoft.AspNetCore.Hosting.Diagnostics[1]
      Request starting HTTP/2 POST http://ilpp/UnityILPP.PostProcessing/PostProcessAssembly application/grpc -
info: Microsoft.AspNetCore.Routing.EndpointMiddleware[0]
      Executing endpoint 'gRPC - /UnityILPP.PostProcessing/PostProcessAssembly'
info: Microsoft.AspNetCore.Routing.EndpointMiddleware[0]
      Executing endpoint 'gRPC - /UnityILPP.PostProcessing/PostProcessAssembly'
info: Microsoft.AspNetCore.Routing.EndpointMiddleware[0]
      Executing endpoint 'gRPC - /UnityILPP.PostProcessing/PostProcessAssembly'
info: Unity.ILPP.Runner.PostProcessingPipeline[0]
      Processing assembly Library/Bee/artifacts/200b0aP.dag/Tecdroid.dll, with 112 defines and 205 references
info: Unity.ILPP.Runner.PostProcessingPipeline[0]
      processors: Unity.Jobs.CodeGen.JobsILPostProcessor, zzzUnity.Burst.CodeGen.BurstILPostProcessor
info: Unity.ILPP.Runner.PostProcessingPipeline[0]
      Processing assembly Library/Bee/artifacts/200b0aP.dag/VOLTEC.dll, with 112 defines and 205 references
info: Unity.ILPP.Runner.PostProcessingPipeline[0]
      processors: Unity.Jobs.CodeGen.JobsILPostProcessor, zzzUnity.Burst.CodeGen.BurstILPostProcessor
info: Unity.ILPP.Runner.PostProcessingPipeline[0]
      Processing assembly Library/Bee/artifacts/200b0aP.dag/BotbustersGreen.dll, with 112 defines and 205 references
info: Unity.ILPP.Runner.PostProcessingPipeline[0]
      processors: Unity.Jobs.CodeGen.JobsILPostProcessor, zzzUnity.Burst.CodeGen.BurstILPostProcessor
info: Unity.ILPP.Runner.PostProcessingPipeline[0]
      running Unity.Jobs.CodeGen.JobsILPostProcessor
info: Unity.ILPP.Runner.PostProcessingPipeline[0]
      running Unity.Jobs.CodeGen.JobsILPostProcessor
info: Unity.ILPP.Runner.PostProcessingPipeline[0]
      running Unity.Jobs.CodeGen.JobsILPostProcessor
info: Microsoft.AspNetCore.Hosting.Diagnostics[1]
      Request starting HTTP/2 POST http://ilpp/UnityILPP.PostProcessing/PostProcessAssembly application/grpc -
info: Microsoft.AspNetCore.Routing.EndpointMiddleware[0]
      Executing endpoint 'gRPC - /UnityILPP.PostProcessing/PostProcessAssembly'
info: Unity.ILPP.Runner.PostProcessingPipeline[0]
      Processing assembly Library/Bee/artifacts/200b0aP.dag/Assembly-CSharp.dll, with 112 defines and 247 references
info: Unity.ILPP.Runner.PostProcessingPipeline[0]
      processors: Unity.Jobs.CodeGen.JobsILPostProcessor, zzzUnity.Burst.CodeGen.BurstILPostProcessor
info: Unity.ILPP.Runner.PostProcessingPipeline[0]
      running Unity.Jobs.CodeGen.JobsILPostProcessor
info: Unity.ILPP.Runner.PostProcessingAssemblyLoadContext[0]
      Resolved UnityEditor.CoreModule, Version=0.0.0.0, Culture=neutral, PublicKeyToken=null with C:\Program Files\Unity\Hub\Editor\2023.2.22f1\Editor\Data\Managed\UnityEngine\UnityEditor.CoreModule.dll
info: Unity.ILPP.Runner.PostProcessingAssemblyLoadContext[0]
      Resolved UnityEngine.CoreModule, Version=0.0.0.0, Culture=neutral, PublicKeyToken=null with C:\Program Files\Unity\Hub\Editor\2023.2.22f1\Editor\Data\Managed\UnityEngine\UnityEngine.CoreModule.dll
info: Unity.ILPP.Runner.PostProcessingPipeline[0]
      running zzzUnity.Burst.CodeGen.BurstILPostProcessor
info: Unity.ILPP.Runner.PostProcessingPipeline[0]
      running zzzUnity.Burst.CodeGen.BurstILPostProcessor
info: Unity.ILPP.Runner.PostProcessingPipeline[0]
      running zzzUnity.Burst.CodeGen.BurstILPostProcessor
info: Unity.ILPP.Runner.PostProcessingPipeline[0]
      running zzzUnity.Burst.CodeGen.BurstILPostProcessor
info: Unity.ILPP.Runner.PostProcessingPipeline[0]
      running zzzUnity.Burst.CodeGen.BurstILPostProcessor
info: Unity.ILPP.Runner.PostProcessingPipeline[0]
      running zzzUnity.Burst.CodeGen.BurstILPostProcessor
info: Unity.ILPP.Runner.PostProcessingPipeline[0]
      running zzzUnity.Burst.CodeGen.BurstILPostProcessor
info: Microsoft.AspNetCore.Routing.EndpointMiddleware[1]
      Executed endpoint 'gRPC - /UnityILPP.PostProcessing/PostProcessAssembly'
info: Microsoft.AspNetCore.Routing.EndpointMiddleware[1]
      Executed endpoint 'gRPC - /UnityILPP.PostProcessing/PostProcessAssembly'
info: Microsoft.AspNetCore.Hosting.Diagnostics[2]
      Request finished HTTP/2 POST http://ilpp/UnityILPP.PostProcessing/PostProcessAssembly application/grpc - - 200 - application/grpc 1028.5906ms
info: Microsoft.AspNetCore.Hosting.Diagnostics[2]
      Request finished HTTP/2 POST http://ilpp/UnityILPP.PostProcessing/PostProcessAssembly application/grpc - - 200 - application/grpc 1005.9060ms
info: Microsoft.AspNetCore.Routing.EndpointMiddleware[1]
      Executed endpoint 'gRPC - /UnityILPP.PostProcessing/PostProcessAssembly'
info: Microsoft.AspNetCore.Routing.EndpointMiddleware[1]
      Executed endpoint 'gRPC - /UnityILPP.PostProcessing/PostProcessAssembly'
info: Microsoft.AspNetCore.Hosting.Diagnostics[2]
      Request finished HTTP/2 POST http://ilpp/UnityILPP.PostProcessing/PostProcessAssembly application/grpc - - 200 - application/grpc 1006.9765ms
info: Microsoft.AspNetCore.Hosting.Diagnostics[2]
      Request finished HTTP/2 POST http://ilpp/UnityILPP.PostProcessing/PostProcessAssembly application/grpc - - 200 - application/grpc 1102.6997ms
info: Microsoft.AspNetCore.Routing.EndpointMiddleware[1]
      Executed endpoint 'gRPC - /UnityILPP.PostProcessing/PostProcessAssembly'
info: Microsoft.AspNetCore.Hosting.Diagnostics[2]
      Request finished HTTP/2 POST http://ilpp/UnityILPP.PostProcessing/PostProcessAssembly application/grpc - - 200 - application/grpc 1007.6057ms
info: Microsoft.AspNetCore.Routing.EndpointMiddleware[1]
      Executed endpoint 'gRPC - /UnityILPP.PostProcessing/PostProcessAssembly'
info: Microsoft.AspNetCore.Hosting.Diagnostics[2]
      Request finished HTTP/2 POST http://ilpp/UnityILPP.PostProcessing/PostProcessAssembly application/grpc - - 200 - application/grpc 1036.2705ms
info: Unity.ILPP.Runner.PostProcessingAssemblyLoadContext[0]
      Resolved Unity.Burst.Cecil.Rocks, Version=0.11.4.0, Culture=neutral, PublicKeyToken=50cebf1cceb9d05e with Library\PackageCache\com.unity.burst@1.8.13\Unity.Burst.CodeGen\Unity.Burst.Cecil.Rocks.dll
info: Microsoft.AspNetCore.Routing.EndpointMiddleware[1]
      Executed endpoint 'gRPC - /UnityILPP.PostProcessing/PostProcessAssembly'
info: Microsoft.AspNetCore.Hosting.Diagnostics[2]
      Request finished HTTP/2 POST http://ilpp/UnityILPP.PostProcessing/PostProcessAssembly application/grpc - - 200 - application/grpc 1148.3121ms
ExitCode: 0 Duration: 5s429ms
Finished compiling graph: 802 nodes, 10614 flattened edges (8002 ToBuild, 118 ToUse), maximum node priority 670
[434/801    0s] WriteText Library/Bee/artifacts/200b0aP.dag/OvertureRMX.rsp2
[443/801    0s] WriteText Library/Bee/artifacts/200b0aP.dag/OvertureRMX.rsp
[445/801    0s] WriteText Library/Bee/artifacts/200b0aP.dag/ChillOut.UnityAdditionalFile.txt
[471/801    0s] WriteText Library/Bee/artifacts/200b0aP.dag/ChillOut.rsp2
[488/801    0s] WriteResponseFile Library/Bee/artifacts/rsp/7581127655066380967.rsp
[489/801    0s] WriteText Library/Bee/artifacts/200b0aP.dag/Assembly-CSharp.rsp
[491/801    0s] WriteResponseFile Library/Bee/artifacts/rsp/367068921517007498.rsp
[492/801    0s] WriteText Library/Bee/artifacts/200b0aP.dag/OvertureRMX.UnityAdditionalFile.txt
[493/801    0s] WriteText Library/Bee/artifacts/200b0aP.dag/OvertureRMX.dll.mvfrm.rsp
[494/801    0s] WriteResponseFile Library/Bee/artifacts/rsp/7454897319348534321.rsp
[495/801    0s] WriteText Library/Bee/artifacts/200b0aP.dag/ChillOut.dll.mvfrm.rsp
[496/801    0s] WriteText Library/Bee/artifacts/200b0aP.dag/ChillOut.rsp
[631/801    0s] MovedFromExtractor-Combine Library/Bee/artifacts/200b0aP.dag/OvertureRMX.dll.mvfrm
[632/801    0s] MovedFromExtractor-Combine Library/Bee/artifacts/200b0aP.dag/ChillOut.dll.mvfrm
[641/801    0s] Csc Library/Bee/artifacts/200b0aP.dag/BotbustersGreen.dll (+2 others)
Assets\Prefabs\Reefscape\Robots\Mods\MxModpackW1\9995\BotbustersGreen.cs(85,40): warning CS0414: The field 'BotbustersGreen.lateralReefOffset' is assigned but its value is never used
[642/801    0s] Csc Library/Bee/artifacts/200b0aP.dag/ChillOut.dll (+2 others)
Assets\Prefabs\Reefscape\Robots\Mods\ChillMod\1778\ChillOut.cs(94,22): warning CS0414: The field 'ChillOut.placed' is assigned but its value is never used
[643/801    0s] Csc Library/Bee/artifacts/200b0aP.dag/Tecdroid.dll (+2 others)
Assets\Prefabs\Reefscape\Robots\Mods\MxModpackW1\3354\TecdroidClimb.cs(58,56): warning CS0414: The field 'TecdroidClimb.volClick' is assigned but its value is never used
[644/801    0s] Csc Library/Bee/artifacts/200b0aP.dag/VOLTEC.dll (+2 others)
Assets\Prefabs\Reefscape\Robots\Mods\MxModpackW1\6647\VoltecClimb.cs(58,56): warning CS0414: The field 'VoltecClimb.volClick' is assigned but its value is never used
[645/801    0s] Csc Library/Bee/artifacts/200b0aP.dag/Lambot.dll (+2 others)
Assets\Prefabs\Reefscape\Robots\Mods\MxModpackW2\3478\LambotOffseason.cs(155,14): warning CS0114: 'LambotOffseason.Start()' hides inherited member 'ReefscapeRobotBase.Start()'. To make the current member override that implementation, add the override keyword. Otherwise add the new keyword.

Assets\Prefabs\Reefscape\Robots\Mods\MxModpackW2\3478\LambotAutoAlign.cs(42,40): warning CS0414: The field 'LambotAutoAlign.bargeBackStandoffInches' is assigned but its value is never used

Assets\Prefabs\Reefscape\Robots\Mods\MxModpackW2\3478\LambotOffseason.cs(147,22): warning CS0414: The field 'LambotOffseason.armNearTarget' is assigned but its value is never used

Assets\Prefabs\Reefscape\Robots\Mods\MxModpackW2\3478\LambotOffseason.cs(142,23): warning CS0414: The field 'LambotOffseason._delay' is assigned but its value is never used
[646/801    0s] Csc Library/Bee/artifacts/200b0aP.dag/OvertureRMX.dll (+2 others)
Assets\Prefabs\Reefscape\Robots\Mods\MxModpackW2\7421RMX\Offverture.cs(176,22): warning CS0414: The field 'Offverture.placed' is assigned but its value is never used
[647/801    0s] ILPP-Configuration Library/ilpp-configuration.nevergeneratedoutput
[689/801    0s] CopyFiles Library/PlayerScriptAssemblies/Unity.RenderPipeline.Universal.ShaderLibrary.dll
[692/801    0s] CopyFiles Library/PlayerScriptAssemblies/TitaniumRams.dll
[693/801    0s] CopyFiles Library/PlayerScriptAssemblies/Unity.Profiling.Core.dll
[694/801    0s] CopyFiles Library/PlayerScriptAssemblies/Lynk.dll
[695/801    0s] CopyFiles Library/PlayerScriptAssemblies/Unity.Timeline.dll
[696/801    0s] CopyFiles Library/PlayerScriptAssemblies/Overture.dll
[697/801    0s] CopyFiles Library/PlayerScriptAssemblies/Unity.RenderPipelines.ShaderGraph.ShaderGraphLibrary.dll
[698/801    0s] CopyFiles Library/PlayerScriptAssemblies/Nobi.UiRoundedCorners.dll
[699/801    0s] CopyFiles Library/PlayerScriptAssemblies/BREAD.dll
[700/801    0s] CopyFiles Library/PlayerScriptAssemblies/Blazing Bulldogs.dll
[701/801    0s] CopyFiles Library/PlayerScriptAssemblies/Unity.Mathematics.dll
[702/801    0s] CopyFiles Library/PlayerScriptAssemblies/Unity.Recorder.Base.dll
[703/801    0s] CopyFiles Library/PlayerScriptAssemblies/Prototype.dll
[704/801    0s] CopyFiles Library/PlayerScriptAssemblies/Unity.RenderPipelines.Core.Runtime.Shared.dll
[705/801    0s] CopyFiles Library/PlayerScriptAssemblies/Unity.AI.Navigation.dll
[706/801    0s] Csc Library/Bee/artifacts/200b0aP.dag/Assembly-CSharp.dll (+2 others)
Assets\Prefabs\Reefscape\Robots\Mods\Simbotics\1114\Lynk.cs(246,34): warning CS0436: The type 'LynkSetpoint' in 'C:\MoSimModding\MoSimPrepatec\Assets/Prefabs/Reefscape/Robots/Mods/Simbotics/1114/LynkSetpoint.cs' conflicts with the imported type 'LynkSetpoint' in 'Lynk, Version=0.0.0.0, Culture=neutral, PublicKeyToken=null'. Using the type defined in 'C:\MoSimModding\MoSimPrepatec\Assets/Prefabs/Reefscape/Robots/Mods/Simbotics/1114/LynkSetpoint.cs'.

Assets\Prefabs\Reefscape\Robots\Mods\Simbotics\1114\Lynk.cs(32,34): warning CS0436: The type 'LynkSetpoint' in 'C:\MoSimModding\MoSimPrepatec\Assets/Prefabs/Reefscape/Robots/Mods/Simbotics/1114/LynkSetpoint.cs' conflicts with the imported type 'LynkSetpoint' in 'Lynk, Version=0.0.0.0, Culture=neutral, PublicKeyToken=null'. Using the type defined in 'C:\MoSimModding\MoSimPrepatec\Assets/Prefabs/Reefscape/Robots/Mods/Simbotics/1114/LynkSetpoint.cs'.

Assets\Prefabs\Reefscape\Robots\Mods\Simbotics\1114\Lynk.cs(33,34): warning CS0436: The type 'LynkSetpoint' in 'C:\MoSimModding\MoSimPrepatec\Assets/Prefabs/Reefscape/Robots/Mods/Simbotics/1114/LynkSetpoint.cs' conflicts with the imported type 'LynkSetpoint' in 'Lynk, Version=0.0.0.0, Culture=neutral, PublicKeyToken=null'. Using the type defined in 'C:\MoSimModding\MoSimPrepatec\Assets/Prefabs/Reefscape/Robots/Mods/Simbotics/1114/LynkSetpoint.cs'.

Assets\Prefabs\Reefscape\Robots\Mods\Simbotics\1114\Lynk.cs(34,34): warning CS0436: The type 'LynkSetpoint' in 'C:\MoSimModding\MoSimPrepatec\Assets/Prefabs/Reefscape/Robots/Mods/Simbotics/1114/LynkSetpoint.cs' conflicts with the imported type 'LynkSetpoint' in 'Lynk, Version=0.0.0.0, Culture=neutral, PublicKeyToken=null'. Using the type defined in 'C:\MoSimModding\MoSimPrepatec\Assets/Prefabs/Reefscape/Robots/Mods/Simbotics/1114/LynkSetpoint.cs'.

Assets\Prefabs\Reefscape\Robots\Mods\Simbotics\1114\Lynk.cs(35,34): warning CS0436: The type 'LynkSetpoint' in 'C:\MoSimModding\MoSimPrepatec\Assets/Prefabs/Reefscape/Robots/Mods/Simbotics/1114/LynkSetpoint.cs' conflicts with the imported type 'LynkSetpoint' in 'Lynk, Version=0.0.0.0, Culture=neutral, PublicKeyToken=null'. Using the type defined in 'C:\MoSimModding\MoSimPrepatec\Assets/Prefabs/Reefscape/Robots/Mods/Simbotics/1114/LynkSetpoint.cs'.

Assets\Prefabs\Reefscape\Robots\Mods\Simbotics\1114\Lynk.cs(36,34): warning CS0436: The type 'LynkSetpoint' in 'C:\MoSimModding\MoSimPrepatec\Assets/Prefabs/Reefscape/Robots/Mods/Simbotics/1114/LynkSetpoint.cs' conflicts with the imported type 'LynkSetpoint' in 'Lynk, Version=0.0.0.0, Culture=neutral, PublicKeyToken=null'. Using the type defined in 'C:\MoSimModding\MoSimPrepatec\Assets/Prefabs/Reefscape/Robots/Mods/Simbotics/1114/LynkSetpoint.cs'.

Assets\Prefabs\Reefscape\Robots\Mods\Simbotics\1114\Lynk.cs(37,34): warning CS0436: The type 'LynkSetpoint' in 'C:\MoSimModding\MoSimPrepatec\Assets/Prefabs/Reefscape/Robots/Mods/Simbotics/1114/LynkSetpoint.cs' conflicts with the imported type 'LynkSetpoint' in 'Lynk, Version=0.0.0.0, Culture=neutral, PublicKeyToken=null'. Using the type defined in 'C:\MoSimModding\MoSimPrepatec\Assets/Prefabs/Reefscape/Robots/Mods/Simbotics/1114/LynkSetpoint.cs'.

Assets\Prefabs\Reefscape\Robots\Mods\Simbotics\1114\Lynk.cs(38,34): warning CS0436: The type 'LynkSetpoint' in 'C:\MoSimModding\MoSimPrepatec\Assets/Prefabs/Reefscape/Robots/Mods/Simbotics/1114/LynkSetpoint.cs' conflicts with the imported type 'LynkSetpoint' in 'Lynk, Version=0.0.0.0, Culture=neutral, PublicKeyToken=null'. Using the type defined in 'C:\MoSimModding\MoSimPrepatec\Assets/Prefabs/Reefscape/Robots/Mods/Simbotics/1114/LynkSetpoint.cs'.

Assets\Prefabs\Reefscape\Robots\Mods\Simbotics\1114\Lynk.cs(39,34): warning CS0436: The type 'LynkSetpoint' in 'C:\MoSimModding\MoSimPrepatec\Assets/Prefabs/Reefscape/Robots/Mods/Simbotics/1114/LynkSetpoint.cs' conflicts with the imported type 'LynkSetpoint' in 'Lynk, Version=0.0.0.0, Culture=neutral, PublicKeyToken=null'. Using the type defined in 'C:\MoSimModding\MoSimPrepatec\Assets/Prefabs/Reefscape/Robots/Mods/Simbotics/1114/LynkSetpoint.cs'.

Assets\Prefabs\Reefscape\Robots\Mods\Simbotics\1114\Lynk.cs(42,34): warning CS0436: The type 'LynkSetpoint' in 'C:\MoSimModding\MoSimPrepatec\Assets/Prefabs/Reefscape/Robots/Mods/Simbotics/1114/LynkSetpoint.cs' conflicts with the imported type 'LynkSetpoint' in 'Lynk, Version=0.0.0.0, Culture=neutral, PublicKeyToken=null'. Using the type defined in 'C:\MoSimModding\MoSimPrepatec\Assets/Prefabs/Reefscape/Robots/Mods/Simbotics/1114/LynkSetpoint.cs'.

Assets\Prefabs\Reefscape\Robots\Mods\Simbotics\1114\Lynk.cs(43,34): warning CS0436: The type 'LynkSetpoint' in 'C:\MoSimModding\MoSimPrepatec\Assets/Prefabs/Reefscape/Robots/Mods/Simbotics/1114/LynkSetpoint.cs' conflicts with the imported type 'LynkSetpoint' in 'Lynk, Version=0.0.0.0, Culture=neutral, PublicKeyToken=null'. Using the type defined in 'C:\MoSimModding\MoSimPrepatec\Assets/Prefabs/Reefscape/Robots/Mods/Simbotics/1114/LynkSetpoint.cs'.

Assets\Prefabs\Reefscape\Robots\Mods\Simbotics\1114\Lynk.cs(44,34): warning CS0436: The type 'LynkSetpoint' in 'C:\MoSimModding\MoSimPrepatec\Assets/Prefabs/Reefscape/Robots/Mods/Simbotics/1114/LynkSetpoint.cs' conflicts with the imported type 'LynkSetpoint' in 'Lynk, Version=0.0.0.0, Culture=neutral, PublicKeyToken=null'. Using the type defined in 'C:\MoSimModding\MoSimPrepatec\Assets/Prefabs/Reefscape/Robots/Mods/Simbotics/1114/LynkSetpoint.cs'.

Assets\Prefabs\Reefscape\Robots\Mods\Simbotics\1114\Lynk.cs(45,34): warning CS0436: The type 'LynkSetpoint' in 'C:\MoSimModding\MoSimPrepatec\Assets/Prefabs/Reefscape/Robots/Mods/Simbotics/1114/LynkSetpoint.cs' conflicts with the imported type 'LynkSetpoint' in 'Lynk, Version=0.0.0.0, Culture=neutral, PublicKeyToken=null'. Using the type defined in 'C:\MoSimModding\MoSimPrepatec\Assets/Prefabs/Reefscape/Robots/Mods/Simbotics/1114/LynkSetpoint.cs'.

Assets\Prefabs\Reefscape\Robots\Mods\NY Modpack\694 Part 2\StuyPulseOffseason.cs(167,14): warning CS0114: 'StuyPulseOffseason.Start()' hides inherited member 'ReefscapeRobotBase.Start()'. To make the current member override that implementation, add the override keyword. Otherwise add the new keyword.

Assets\Prefabs\Reefscape\Robots\Mods\NY Modpack\694\Scripts\StuyPulseClean.cs(217,23): warning CS0414: The field 'StuyPulseClean._funnelWheels' is assigned but its value is never used

Assets\Prefabs\Reefscape\Robots\Mods\IronPanthers\5026\Iron Panthers.cs(30,40): warning CS0414: The field 'IronPanthers.minimumElevatorHeightForSwingAround' is assigned but its value is never used

Assets\Prefabs\Reefscape\Robots\Mods\NY Modpack\334\TechKnights.cs(76,22): warning CS0414: The field 'TechKnights.canClack' is assigned but its value is never used

Assets\Prefabs\Reefscape\Robots\Mods\Lanternfly\9999\LanternClimb.cs(54,56): warning CS0414: The field 'LanternClimb.volClick' is assigned but its value is never used

Assets\Prefabs\Reefscape\Robots\Mods\NY Modpack\694\StuyPulse.cs(139,23): warning CS0414: The field 'StuyPulse._funnelWheels' is assigned but its value is never used

Assets\Prefabs\Reefscape\Robots\Mods\NY Modpack\694 Part 2\StuyPulseOffseason.cs(152,22): warning CS0414: The field 'StuyPulseOffseason.armNearTarget' is assigned but its value is never used

Assets\Prefabs\Reefscape\Robots\Mods\NY Modpack\694 Part 2\StuyPulseOffseason.cs(147,23): warning CS0414: The field 'StuyPulseOffseason._delay' is assigned but its value is never used

Assets\Prefabs\Reefscape\Robots\Mods\IronPanthers\5026\Iron Panthers.cs(58,22): warning CS0414: The field 'IronPanthers._atSetpoint' is assigned but its value is never used

Assets\Prefabs\Reefscape\Robots\Mods\NY Modpack\694\StuyPulseNewArm.cs(140,23): warning CS0414: The field 'StuyPulseNewArm._funnelWheels' is assigned but its value is never used

Assets\Prefabs\Reefscape\Robots\Mods\NY Modpack\694\Scripts\StuyPulseNewArmClean.cs(150,23): warning CS0414: The field 'StuyPulseNewArmClean._funnelWheels' is assigned but its value is never used
[707/801    0s] CopyFiles Library/PlayerScriptAssemblies/Unity.Splines.dll
[708/801    0s] CopyFiles Library/PlayerScriptAssemblies/Unity.RenderPipelines.Universal.Runtime.dll
[709/801    0s] CopyFiles Library/PlayerScriptAssemblies/Unity.RenderPipelines.Core.Runtime.dll
[710/801    0s] CopyFiles Library/PlayerScriptAssemblies/Unity.Cinemachine.dll
[711/801    0s] CopyFiles Library/PlayerScriptAssemblies/MoSimLib.dll
[712/801    0s] CopyFiles Library/PlayerScriptAssemblies/Unity.Addressables.dll
[713/801    0s] CopyFiles Library/PlayerScriptAssemblies/Quixilver.dll
[714/801    0s] CopyFiles Library/PlayerScriptAssemblies/Unity.TextMeshPro.dll
[715/801    0s] CopyFiles Library/PlayerScriptAssemblies/Unity.Recorder.dll
[716/801    0s] CopyFiles Library/PlayerScriptAssemblies/MoSimCore.dll
[717/801    0s] CopyFiles Library/PlayerScriptAssemblies/Unity.Collections.dll
[718/801    0s] CopyFiles Library/PlayerScriptAssemblies/Unity.VisualScripting.Flow.dll
[719/801    0s] CopyFiles Library/PlayerScriptAssemblies/Reefscape.dll
[720/801    0s] CopyFiles Library/PlayerScriptAssemblies/RobotFramework.dll
[721/801    0s] CopyFiles Library/PlayerScriptAssemblies/UnityEngine.UI.dll
[722/801    0s] CopyFiles Library/PlayerScriptAssemblies/Unity.InputSystem.ForUI.dll
[723/801    0s] CopyFiles Library/PlayerScriptAssemblies/Unity.VisualScripting.State.dll
[724/801    0s] CopyFiles Library/PlayerScriptAssemblies/Unity.Rendering.LightTransport.Runtime.dll
[725/801    0s] CopyFiles Library/PlayerScriptAssemblies/Unity.RenderPipelines.Universal.2D.Runtime.dll
[726/801    0s] CopyFiles Library/PlayerScriptAssemblies/Unity.ResourceManager.dll
[727/801    0s] CopyFiles Library/PlayerScriptAssemblies/GameSystems.dll
[728/801    0s] CopyFiles Library/PlayerScriptAssemblies/Unity.RenderPipelines.Universal.Shaders.dll
[729/801    0s] CopyFiles Library/PlayerScriptAssemblies/Unity.Burst.dll
[730/801    0s] CopyFiles Library/PlayerScriptAssemblies/Unity.InputSystem.dll
[731/801    0s] CopyFiles Library/PlayerScriptAssemblies/Firebots.dll
[732/801    0s] CopyFiles Library/PlayerScriptAssemblies/Unity.RenderPipelines.Core.ShaderLibrary.dll
[733/801    0s] CopyFiles Library/PlayerScriptAssemblies/Unity.ScriptableBuildPipeline.dll
[734/801    0s] CopyFiles Library/PlayerScriptAssemblies/Lynk.pdb
[735/801    0s] CopyFiles Library/PlayerScriptAssemblies/Unity.RenderPipelines.ShaderGraph.ShaderGraphLibrary.pdb
[736/801    0s] CopyFiles Library/PlayerScriptAssemblies/Unity.VisualScripting.Core.dll
[737/801    0s] CopyFiles Library/PlayerScriptAssemblies/Nobi.UiRoundedCorners.pdb
[738/801    0s] CopyFiles Library/PlayerScriptAssemblies/TitaniumRams.pdb
[739/801    0s] CopyFiles Library/PlayerScriptAssemblies/Unity.RenderPipeline.Universal.ShaderLibrary.pdb
[740/801    0s] CopyFiles Library/PlayerScriptAssemblies/Unity.RenderPipelines.Universal.Runtime.pdb
[741/801    0s] CopyFiles Library/PlayerScriptAssemblies/Unity.Splines.pdb
[742/801    0s] CopyFiles Library/PlayerScriptAssemblies/Unity.RenderPipelines.Core.Runtime.Shared.pdb
[743/801    0s] CopyFiles Library/PlayerScriptAssemblies/Unity.RenderPipelines.Core.Runtime.pdb
[744/801    0s] CopyFiles Library/PlayerScriptAssemblies/Prototype.pdb
[745/801    0s] CopyFiles Library/PlayerScriptAssemblies/Unity.TextMeshPro.pdb
[746/801    0s] CopyFiles Library/PlayerScriptAssemblies/Unity.Cinemachine.pdb
[747/801    0s] CopyFiles Library/PlayerScriptAssemblies/Unity.Collections.pdb
[748/801    0s] CopyFiles Library/PlayerScriptAssemblies/MoSimCore.pdb
[749/801    0s] CopyFiles Library/PlayerScriptAssemblies/Unity.VisualScripting.Flow.pdb
[750/801    0s] CopyFiles Library/PlayerScriptAssemblies/Unity.InputSystem.pdb
[751/801    0s] CopyFiles Library/PlayerScriptAssemblies/Quixilver.pdb
[752/801    0s] CopyFiles Library/PlayerScriptAssemblies/Unity.Addressables.pdb
[753/801    0s] CopyFiles Library/PlayerScriptAssemblies/Unity.Mathematics.pdb
[754/801    0s] CopyFiles Library/PlayerScriptAssemblies/Firebots.pdb
[755/801    0s] CopyFiles Library/PlayerScriptAssemblies/Unity.ResourceManager.pdb
[756/801    0s] CopyFiles Library/PlayerScriptAssemblies/BREAD.pdb
[757/801    0s] CopyFiles Library/PlayerScriptAssemblies/GameSystems.pdb
[758/801    0s] CopyFiles Library/PlayerScriptAssemblies/Overture.pdb
[759/801    0s] CopyFiles Library/PlayerScriptAssemblies/Blazing Bulldogs.pdb
[760/801    0s] CopyFiles Library/PlayerScriptAssemblies/Reefscape.pdb
[761/801    0s] CopyFiles Library/PlayerScriptAssemblies/RobotFramework.pdb
[762/801    0s] CopyFiles Library/PlayerScriptAssemblies/Unity.RenderPipelines.Universal.2D.Runtime.pdb
[763/801    0s] CopyFiles Library/PlayerScriptAssemblies/Unity.Rendering.LightTransport.Runtime.pdb
[764/801    0s] CopyFiles Library/PlayerScriptAssemblies/Unity.Burst.pdb
[765/801    0s] CopyFiles Library/PlayerScriptAssemblies/Unity.VisualScripting.State.pdb
[766/801    0s] CopyFiles Library/PlayerScriptAssemblies/Unity.RenderPipelines.Universal.Shaders.pdb
[767/801    0s] CopyFiles Library/PlayerScriptAssemblies/Unity.RenderPipelines.Core.ShaderLibrary.pdb
[768/801    0s] CopyFiles Library/PlayerScriptAssemblies/Unity.ScriptableBuildPipeline.pdb
[769/801    0s] CopyFiles Library/PlayerScriptAssemblies/Unity.InputSystem.ForUI.pdb
[770/801    0s] CopyFiles Library/PlayerScriptAssemblies/Unity.VisualScripting.Core.pdb
[771/801    0s] CopyFiles Library/PlayerScriptAssemblies/Unity.Recorder.pdb
[772/801    0s] CopyFiles Library/PlayerScriptAssemblies/Unity.Recorder.Base.pdb
[773/801    0s] CopyFiles Library/PlayerScriptAssemblies/Unity.Profiling.Core.pdb
[774/801    0s] CopyFiles Library/PlayerScriptAssemblies/UnityEngine.UI.pdb
[775/801    0s] CopyFiles Library/PlayerScriptAssemblies/Unity.Timeline.pdb
[776/801    0s] CopyFiles Library/PlayerScriptAssemblies/MoSimLib.pdb
[777/801    0s] CopyFiles Library/PlayerScriptAssemblies/Unity.AI.Navigation.pdb
[778/801    1s] ILPostProcess Library/Bee/artifacts/200b0aP.dag/post-processed/Lambot.dll (+pdb)
Processing assembly Library/Bee/artifacts/200b0aP.dag/Lambot.dll, with 112 defines and 205 references

processors: Unity.Jobs.CodeGen.JobsILPostProcessor, zzzUnity.Burst.CodeGen.BurstILPostProcessor

running Unity.Jobs.CodeGen.JobsILPostProcessor

running zzzUnity.Burst.CodeGen.BurstILPostProcessor
[779/801    1s] ILPostProcess Library/Bee/artifacts/200b0aP.dag/post-processed/ChillOut.dll (+pdb)
Processing assembly Library/Bee/artifacts/200b0aP.dag/ChillOut.dll, with 112 defines and 205 references

processors: Unity.Jobs.CodeGen.JobsILPostProcessor, zzzUnity.Burst.CodeGen.BurstILPostProcessor

running Unity.Jobs.CodeGen.JobsILPostProcessor

running zzzUnity.Burst.CodeGen.BurstILPostProcessor
[780/801    1s] ILPostProcess Library/Bee/artifacts/200b0aP.dag/post-processed/Tecdroid.dll (+pdb)
Processing assembly Library/Bee/artifacts/200b0aP.dag/Tecdroid.dll, with 112 defines and 205 references

processors: Unity.Jobs.CodeGen.JobsILPostProcessor, zzzUnity.Burst.CodeGen.BurstILPostProcessor

running Unity.Jobs.CodeGen.JobsILPostProcessor

running zzzUnity.Burst.CodeGen.BurstILPostProcessor
[781/801    1s] ILPostProcess Library/Bee/artifacts/200b0aP.dag/post-processed/BotbustersGreen.dll (+pdb)
Processing assembly Library/Bee/artifacts/200b0aP.dag/BotbustersGreen.dll, with 112 defines and 205 references

processors: Unity.Jobs.CodeGen.JobsILPostProcessor, zzzUnity.Burst.CodeGen.BurstILPostProcessor

running Unity.Jobs.CodeGen.JobsILPostProcessor

running zzzUnity.Burst.CodeGen.BurstILPostProcessor
[782/801    1s] ILPostProcess Library/Bee/artifacts/200b0aP.dag/post-processed/VOLTEC.dll (+pdb)
Processing assembly Library/Bee/artifacts/200b0aP.dag/VOLTEC.dll, with 112 defines and 205 references

processors: Unity.Jobs.CodeGen.JobsILPostProcessor, zzzUnity.Burst.CodeGen.BurstILPostProcessor

running Unity.Jobs.CodeGen.JobsILPostProcessor

running zzzUnity.Burst.CodeGen.BurstILPostProcessor
[783/801    1s] ILPostProcess Library/Bee/artifacts/200b0aP.dag/post-processed/OvertureRMX.dll (+pdb)
Processing assembly Library/Bee/artifacts/200b0aP.dag/OvertureRMX.dll, with 112 defines and 205 references

processors: Unity.Jobs.CodeGen.JobsILPostProcessor, zzzUnity.Burst.CodeGen.BurstILPostProcessor

running Unity.Jobs.CodeGen.JobsILPostProcessor

running zzzUnity.Burst.CodeGen.BurstILPostProcessor
[784/801    0s] CopyFiles Library/PlayerScriptAssemblies/ChillOut.pdb
[785/801    0s] CopyFiles Library/PlayerScriptAssemblies/BotbustersGreen.pdb
[786/801    0s] CopyFiles Library/PlayerScriptAssemblies/Tecdroid.pdb
[787/801    0s] CopyFiles Library/PlayerScriptAssemblies/ChillOut.dll
[788/801    0s] CopyFiles Library/PlayerScriptAssemblies/BotbustersGreen.dll
[789/801    0s] CopyFiles Library/PlayerScriptAssemblies/VOLTEC.pdb
[790/801    0s] CopyFiles Library/PlayerScriptAssemblies/Lambot.pdb
[791/801    0s] CopyFiles Library/PlayerScriptAssemblies/OvertureRMX.pdb
[792/801    0s] CopyFiles Library/PlayerScriptAssemblies/Tecdroid.dll
[793/801    0s] CopyFiles Library/PlayerScriptAssemblies/VOLTEC.dll
[794/801    0s] CopyFiles Library/PlayerScriptAssemblies/Lambot.dll
[795/801    0s] CopyFiles Library/PlayerScriptAssemblies/OvertureRMX.dll
[796/801    1s] ILPostProcess Library/Bee/artifacts/200b0aP.dag/post-processed/Assembly-CSharp.dll (+pdb)
Processing assembly Library/Bee/artifacts/200b0aP.dag/Assembly-CSharp.dll, with 112 defines and 247 references

processors: Unity.Jobs.CodeGen.JobsILPostProcessor, zzzUnity.Burst.CodeGen.BurstILPostProcessor

running Unity.Jobs.CodeGen.JobsILPostProcessor

running zzzUnity.Burst.CodeGen.BurstILPostProcessor
[797/801    0s] CopyFiles Library/PlayerScriptAssemblies/Assembly-CSharp.pdb
[798/801    0s] CopyFiles Library/PlayerScriptAssemblies/Assembly-CSharp.dll
[800/801    1s] BuildPlayerDataGenerator Library/BuildPlayerData/Player/RuntimeInitializeOnLoads.json (+1 other)
*** Tundra build success (5.37 seconds), 130 items updated, 801 evaluated
Assets\Prefabs\Reefscape\Robots\Mods\MxModpackW1\9995\BotbustersGreen.cs(85,40): warning CS0414: The field 'BotbustersGreen.lateralReefOffset' is assigned but its value is never used
Assets\Prefabs\Reefscape\Robots\Mods\ChillMod\1778\ChillOut.cs(94,22): warning CS0414: The field 'ChillOut.placed' is assigned but its value is never used
Assets\Prefabs\Reefscape\Robots\Mods\MxModpackW1\3354\TecdroidClimb.cs(58,56): warning CS0414: The field 'TecdroidClimb.volClick' is assigned but its value is never used
Assets\Prefabs\Reefscape\Robots\Mods\MxModpackW1\6647\VoltecClimb.cs(58,56): warning CS0414: The field 'VoltecClimb.volClick' is assigned but its value is never used
Assets\Prefabs\Reefscape\Robots\Mods\MxModpackW2\3478\LambotOffseason.cs(155,14): warning CS0114: 'LambotOffseason.Start()' hides inherited member 'ReefscapeRobotBase.Start()'. To make the current member override that implementation, add the override keyword. Otherwise add the new keyword.
Assets\Prefabs\Reefscape\Robots\Mods\MxModpackW2\3478\LambotAutoAlign.cs(42,40): warning CS0414: The field 'LambotAutoAlign.bargeBackStandoffInches' is assigned but its value is never used
Assets\Prefabs\Reefscape\Robots\Mods\MxModpackW2\3478\LambotOffseason.cs(147,22): warning CS0414: The field 'LambotOffseason.armNearTarget' is assigned but its value is never used
Assets\Prefabs\Reefscape\Robots\Mods\MxModpackW2\3478\LambotOffseason.cs(142,23): warning CS0414: The field 'LambotOffseason._delay' is assigned but its value is never used
Assets\Prefabs\Reefscape\Robots\Mods\MxModpackW2\7421RMX\Offverture.cs(176,22): warning CS0414: The field 'Offverture.placed' is assigned but its value is never used
Assets\Prefabs\Reefscape\Robots\Mods\Simbotics\1114\Lynk.cs(246,34): warning CS0436: The type 'LynkSetpoint' in 'C:\MoSimModding\MoSimPrepatec\Assets/Prefabs/Reefscape/Robots/Mods/Simbotics/1114/LynkSetpoint.cs' conflicts with the imported type 'LynkSetpoint' in 'Lynk, Version=0.0.0.0, Culture=neutral, PublicKeyToken=null'. Using the type defined in 'C:\MoSimModding\MoSimPrepatec\Assets/Prefabs/Reefscape/Robots/Mods/Simbotics/1114/LynkSetpoint.cs'.
Assets\Prefabs\Reefscape\Robots\Mods\Simbotics\1114\Lynk.cs(32,34): warning CS0436: The type 'LynkSetpoint' in 'C:\MoSimModding\MoSimPrepatec\Assets/Prefabs/Reefscape/Robots/Mods/Simbotics/1114/LynkSetpoint.cs' conflicts with the imported type 'LynkSetpoint' in 'Lynk, Version=0.0.0.0, Culture=neutral, PublicKeyToken=null'. Using the type defined in 'C:\MoSimModding\MoSimPrepatec\Assets/Prefabs/Reefscape/Robots/Mods/Simbotics/1114/LynkSetpoint.cs'.
Assets\Prefabs\Reefscape\Robots\Mods\Simbotics\1114\Lynk.cs(33,34): warning CS0436: The type 'LynkSetpoint' in 'C:\MoSimModding\MoSimPrepatec\Assets/Prefabs/Reefscape/Robots/Mods/Simbotics/1114/LynkSetpoint.cs' conflicts with the imported type 'LynkSetpoint' in 'Lynk, Version=0.0.0.0, Culture=neutral, PublicKeyToken=null'. Using the type defined in 'C:\MoSimModding\MoSimPrepatec\Assets/Prefabs/Reefscape/Robots/Mods/Simbotics/1114/LynkSetpoint.cs'.
Assets\Prefabs\Reefscape\Robots\Mods\Simbotics\1114\Lynk.cs(34,34): warning CS0436: The type 'LynkSetpoint' in 'C:\MoSimModding\MoSimPrepatec\Assets/Prefabs/Reefscape/Robots/Mods/Simbotics/1114/LynkSetpoint.cs' conflicts with the imported type 'LynkSetpoint' in 'Lynk, Version=0.0.0.0, Culture=neutral, PublicKeyToken=null'. Using the type defined in 'C:\MoSimModding\MoSimPrepatec\Assets/Prefabs/Reefscape/Robots/Mods/Simbotics/1114/LynkSetpoint.cs'.
Assets\Prefabs\Reefscape\Robots\Mods\Simbotics\1114\Lynk.cs(35,34): warning CS0436: The type 'LynkSetpoint' in 'C:\MoSimModding\MoSimPrepatec\Assets/Prefabs/Reefscape/Robots/Mods/Simbotics/1114/LynkSetpoint.cs' conflicts with the imported type 'LynkSetpoint' in 'Lynk, Version=0.0.0.0, Culture=neutral, PublicKeyToken=null'. Using the type defined in 'C:\MoSimModding\MoSimPrepatec\Assets/Prefabs/Reefscape/Robots/Mods/Simbotics/1114/LynkSetpoint.cs'.
Assets\Prefabs\Reefscape\Robots\Mods\Simbotics\1114\Lynk.cs(36,34): warning CS0436: The type 'LynkSetpoint' in 'C:\MoSimModding\MoSimPrepatec\Assets/Prefabs/Reefscape/Robots/Mods/Simbotics/1114/LynkSetpoint.cs' conflicts with the imported type 'LynkSetpoint' in 'Lynk, Version=0.0.0.0, Culture=neutral, PublicKeyToken=null'. Using the type defined in 'C:\MoSimModding\MoSimPrepatec\Assets/Prefabs/Reefscape/Robots/Mods/Simbotics/1114/LynkSetpoint.cs'.
Assets\Prefabs\Reefscape\Robots\Mods\Simbotics\1114\Lynk.cs(37,34): warning CS0436: The type 'LynkSetpoint' in 'C:\MoSimModding\MoSimPrepatec\Assets/Prefabs/Reefscape/Robots/Mods/Simbotics/1114/LynkSetpoint.cs' conflicts with the imported type 'LynkSetpoint' in 'Lynk, Version=0.0.0.0, Culture=neutral, PublicKeyToken=null'. Using the type defined in 'C:\MoSimModding\MoSimPrepatec\Assets/Prefabs/Reefscape/Robots/Mods/Simbotics/1114/LynkSetpoint.cs'.
Assets\Prefabs\Reefscape\Robots\Mods\Simbotics\1114\Lynk.cs(38,34): warning CS0436: The type 'LynkSetpoint' in 'C:\MoSimModding\MoSimPrepatec\Assets/Prefabs/Reefscape/Robots/Mods/Simbotics/1114/LynkSetpoint.cs' conflicts with the imported type 'LynkSetpoint' in 'Lynk, Version=0.0.0.0, Culture=neutral, PublicKeyToken=null'. Using the type defined in 'C:\MoSimModding\MoSimPrepatec\Assets/Prefabs/Reefscape/Robots/Mods/Simbotics/1114/LynkSetpoint.cs'.
Assets\Prefabs\Reefscape\Robots\Mods\Simbotics\1114\Lynk.cs(39,34): warning CS0436: The type 'LynkSetpoint' in 'C:\MoSimModding\MoSimPrepatec\Assets/Prefabs/Reefscape/Robots/Mods/Simbotics/1114/LynkSetpoint.cs' conflicts with the imported type 'LynkSetpoint' in 'Lynk, Version=0.0.0.0, Culture=neutral, PublicKeyToken=null'. Using the type defined in 'C:\MoSimModding\MoSimPrepatec\Assets/Prefabs/Reefscape/Robots/Mods/Simbotics/1114/LynkSetpoint.cs'.
Assets\Prefabs\Reefscape\Robots\Mods\Simbotics\1114\Lynk.cs(42,34): warning CS0436: The type 'LynkSetpoint' in 'C:\MoSimModding\MoSimPrepatec\Assets/Prefabs/Reefscape/Robots/Mods/Simbotics/1114/LynkSetpoint.cs' conflicts with the imported type 'LynkSetpoint' in 'Lynk, Version=0.0.0.0, Culture=neutral, PublicKeyToken=null'. Using the type defined in 'C:\MoSimModding\MoSimPrepatec\Assets/Prefabs/Reefscape/Robots/Mods/Simbotics/1114/LynkSetpoint.cs'.
Assets\Prefabs\Reefscape\Robots\Mods\Simbotics\1114\Lynk.cs(43,34): warning CS0436: The type 'LynkSetpoint' in 'C:\MoSimModding\MoSimPrepatec\Assets/Prefabs/Reefscape/Robots/Mods/Simbotics/1114/LynkSetpoint.cs' conflicts with the imported type 'LynkSetpoint' in 'Lynk, Version=0.0.0.0, Culture=neutral, PublicKeyToken=null'. Using the type defined in 'C:\MoSimModding\MoSimPrepatec\Assets/Prefabs/Reefscape/Robots/Mods/Simbotics/1114/LynkSetpoint.cs'.
Assets\Prefabs\Reefscape\Robots\Mods\Simbotics\1114\Lynk.cs(44,34): warning CS0436: The type 'LynkSetpoint' in 'C:\MoSimModding\MoSimPrepatec\Assets/Prefabs/Reefscape/Robots/Mods/Simbotics/1114/LynkSetpoint.cs' conflicts with the imported type 'LynkSetpoint' in 'Lynk, Version=0.0.0.0, Culture=neutral, PublicKeyToken=null'. Using the type defined in 'C:\MoSimModding\MoSimPrepatec\Assets/Prefabs/Reefscape/Robots/Mods/Simbotics/1114/LynkSetpoint.cs'.
Assets\Prefabs\Reefscape\Robots\Mods\Simbotics\1114\Lynk.cs(45,34): warning CS0436: The type 'LynkSetpoint' in 'C:\MoSimModding\MoSimPrepatec\Assets/Prefabs/Reefscape/Robots/Mods/Simbotics/1114/LynkSetpoint.cs' conflicts with the imported type 'LynkSetpoint' in 'Lynk, Version=0.0.0.0, Culture=neutral, PublicKeyToken=null'. Using the type defined in 'C:\MoSimModding\MoSimPrepatec\Assets/Prefabs/Reefscape/Robots/Mods/Simbotics/1114/LynkSetpoint.cs'.
Assets\Prefabs\Reefscape\Robots\Mods\NY Modpack\694 Part 2\StuyPulseOffseason.cs(167,14): warning CS0114: 'StuyPulseOffseason.Start()' hides inherited member 'ReefscapeRobotBase.Start()'. To make the current member override that implementation, add the override keyword. Otherwise add the new keyword.
Assets\Prefabs\Reefscape\Robots\Mods\NY Modpack\694\Scripts\StuyPulseClean.cs(217,23): warning CS0414: The field 'StuyPulseClean._funnelWheels' is assigned but its value is never used
Assets\Prefabs\Reefscape\Robots\Mods\IronPanthers\5026\Iron Panthers.cs(30,40): warning CS0414: The field 'IronPanthers.minimumElevatorHeightForSwingAround' is assigned but its value is never used
Assets\Prefabs\Reefscape\Robots\Mods\NY Modpack\334\TechKnights.cs(76,22): warning CS0414: The field 'TechKnights.canClack' is assigned but its value is never used
Assets\Prefabs\Reefscape\Robots\Mods\Lanternfly\9999\LanternClimb.cs(54,56): warning CS0414: The field 'LanternClimb.volClick' is assigned but its value is never used
Assets\Prefabs\Reefscape\Robots\Mods\NY Modpack\694\StuyPulse.cs(139,23): warning CS0414: The field 'StuyPulse._funnelWheels' is assigned but its value is never used
Assets\Prefabs\Reefscape\Robots\Mods\NY Modpack\694 Part 2\StuyPulseOffseason.cs(152,22): warning CS0414: The field 'StuyPulseOffseason.armNearTarget' is assigned but its value is never used
Assets\Prefabs\Reefscape\Robots\Mods\NY Modpack\694 Part 2\StuyPulseOffseason.cs(147,23): warning CS0414: The field 'StuyPulseOffseason._delay' is assigned but its value is never used
Assets\Prefabs\Reefscape\Robots\Mods\IronPanthers\5026\Iron Panthers.cs(58,22): warning CS0414: The field 'IronPanthers._atSetpoint' is assigned but its value is never used
Assets\Prefabs\Reefscape\Robots\Mods\NY Modpack\694\StuyPulseNewArm.cs(140,23): warning CS0414: The field 'StuyPulseNewArm._funnelWheels' is assigned but its value is never used
Assets\Prefabs\Reefscape\Robots\Mods\NY Modpack\694\Scripts\StuyPulseNewArmClean.cs(150,23): warning CS0414: The field 'StuyPulseNewArmClean._funnelWheels' is assigned but its value is never used
info: Microsoft.AspNetCore.Hosting.Diagnostics[1]
      Request starting HTTP/2 POST http://ilpp/UnityILPP.PostProcessing/Ping application/grpc -
info: Microsoft.AspNetCore.Routing.EndpointMiddleware[0]
      Executing endpoint 'gRPC - /UnityILPP.PostProcessing/Ping'
info: Microsoft.AspNetCore.Routing.EndpointMiddleware[1]
      Executed endpoint 'gRPC - /UnityILPP.PostProcessing/Ping'
info: Microsoft.AspNetCore.Hosting.Diagnostics[2]
      Request finished HTTP/2 POST http://ilpp/UnityILPP.PostProcessing/Ping application/grpc - - 200 - application/grpc 0.2059ms
Starting: C:\Program Files\Unity\Hub\Editor\2023.2.22f1\Editor\Data\bee_backend.exe --dont-print-to-structured-log --ipc --defer-dag-verification --dagfile="Library/Bee/200b0aE.dag" --continue-on-failure --profile="Library/Bee/backend1.traceevents" ScriptAssembliesAndTypeDB
WorkingDir: C:/MoSimModding/MoSimPrepatec
Total cache size 268133920
Total cache size after purge 268133920
info: Microsoft.AspNetCore.Hosting.Diagnostics[1]
      Request starting HTTP/2 POST http://ilpp/UnityILPP.PostProcessing/ConfigurePostProcessors application/grpc -
info: Microsoft.AspNetCore.Routing.EndpointMiddleware[0]
      Executing endpoint 'gRPC - /UnityILPP.PostProcessing/ConfigurePostProcessors'
info: Unity.ILPP.Runner.PostProcessingAssemblyLoadContext[0]
      ALC ILPP context 2 is unloading
warn: Unity.ILPP.Runner.PostProcessingAssemblyLoadContext[0]
      Assembly system.runtime.interopservices.windowsruntime has duplicate hint path. Ignoring "C:\Program Files\Unity\Hub\Editor\2023.2.22f1\Editor\Data\UnityReferenceAssemblies\unity-4.8-api\Facades\System.Runtime.InteropServices.WindowsRuntime.dll" in favor of "C:\Program Files\Unity\Hub\Editor\2023.2.22f1\Editor\Data\NetStandard\Extensions\2.0.0\System.Runtime.InteropServices.WindowsRuntime.dll"
warn: Unity.ILPP.Runner.PostProcessingAssemblyLoadContext[0]
      Assembly system.componentmodel.composition has duplicate hint path. Ignoring "C:\Program Files\Unity\Hub\Editor\2023.2.22f1\Editor\Data\UnityReferenceAssemblies\unity-4.8-api\System.ComponentModel.Composition.dll" in favor of "C:\Program Files\Unity\Hub\Editor\2023.2.22f1\Editor\Data\NetStandard\compat\2.1.0\shims\netfx\System.ComponentModel.Composition.dll"
info: Unity.ILPP.Runner.PostProcessingAssemblyLoadContext[0]
      Resolved Unity.Burst.Cecil, Version=0.11.4.0, Culture=neutral, PublicKeyToken=50cebf1cceb9d05e with Library\PackageCache\com.unity.burst@1.8.13\Unity.Burst.CodeGen\Unity.Burst.Cecil.dll
info: Unity.ILPP.Runner.PostProcessingAssemblyLoadContext[0]
      Resolved Mono.Cecil, Version=0.11.4.0, Culture=neutral, PublicKeyToken=50cebf1cceb9d05e with Library\PackageCache\com.unity.nuget.mono-cecil@1.11.4\Mono.Cecil.dll
info: Microsoft.AspNetCore.Routing.EndpointMiddleware[1]
      Executed endpoint 'gRPC - /UnityILPP.PostProcessing/ConfigurePostProcessors'
info: Microsoft.AspNetCore.Hosting.Diagnostics[2]
      Request finished HTTP/2 POST http://ilpp/UnityILPP.PostProcessing/ConfigurePostProcessors application/grpc - - 200 - application/grpc 32.1025ms
ExitCode: 0 Duration: 1s995ms
[ 521/1163  0s] WriteResponseFile Library/Bee/artifacts/rsp/4747638433968585886.rsp
[ 887/1163  0s] ILPP-Configuration Library/ilpp-configuration.nevergeneratedoutput
[1162/1163  1s] BuildPlayerDataGenerator Library/BuildPlayerData/Editor/TypeDb-All.json
*** Tundra build success (1.92 seconds), 3 items updated, 1163 evaluated
DisplayProgressbar: Post Scripts Callback
DisplayProgressbar: Calculate Scene Dependency Data
DisplayProgressbar: Calculate Asset Dependency Data
Total cache size 268133920
Total cache size after purge 268133920
Refreshing native plugins compatible for Editor in 3.26 ms, found 6 plugins.
Preloading 0 native plugins for Editor in 0.00 ms.
DisplayProgressbar: Add Hash To Bundle Name Task
DisplayProgressbar: Strip Unused Sprite Sources
DisplayProgressbar: Create Built In Bundle
DisplayProgressbar: Create Mono Script Bundle
DisplayProgressbar: Post Dependency Callback
DisplayProgressbar: Generate Bundle Packing
DisplayProgressbar: Update Bundle Object Layout
DisplayProgressbar: Generate Bundle Commands
DisplayProgressbar: Generate Sub Asset Path Maps
DisplayProgressbar: Generate Bundle Maps
DisplayProgressbar: Post Packing Callback
DisplayProgressbar: Write Serialized Files
Compiling shader "Shader Graphs/LEDs" pass "Universal Forward" (vp)
    Full variant space:         221184
    After settings filtering:   12288
    After built-in stripping:   24
    After scriptable stripping: 6
    Processed in 0.18 seconds
    starting compilation...
    finished in 0.01 seconds. Local cache hits 6 (0.07s CPU time), remote cache hits 0 (0.00s CPU time), compiled 0 variants (0.00s CPU time), skipped 0 variants
    Prepared data for serialisation in 0.00s
Compiling shader "Shader Graphs/LEDs" pass "Universal Forward" (fp)
    Full variant space:         1132462080
    After settings filtering:   61440
    After built-in stripping:   120
    After scriptable stripping: 36
    Processed in 0.01 seconds
    starting compilation...
    finished in 0.01 seconds. Local cache hits 36 (0.16s CPU time), remote cache hits 0 (0.00s CPU time), compiled 0 variants (0.00s CPU time), skipped 0 variants
    Prepared data for serialisation in 0.00s
Compiling shader "Shader Graphs/LEDs" pass "GBuffer" (vp)
    Full variant space:         24576
    After settings filtering:   8192
    After built-in stripping:   16
    After scriptable stripping: 0
    Processed in 0.00 seconds
    Prepared data for serialisation in 0.00s
Compiling shader "Shader Graphs/LEDs" pass "ShadowCaster" (vp)
    Full variant space:         16
    After settings filtering:   16
    After built-in stripping:   4
    After scriptable stripping: 4
    Processed in 0.00 seconds
    starting compilation...
    finished in 0.00 seconds. Local cache hits 4 (0.01s CPU time), remote cache hits 0 (0.00s CPU time), compiled 0 variants (0.00s CPU time), skipped 0 variants
    Prepared data for serialisation in 0.00s
Compiling shader "Shader Graphs/LEDs" pass "ShadowCaster" (fp)
    Full variant space:         8
    After settings filtering:   8
    After built-in stripping:   2
    After scriptable stripping: 2
    Processed in 0.00 seconds
    starting compilation...
    finished in 0.00 seconds. Local cache hits 2 (0.01s CPU time), remote cache hits 0 (0.00s CPU time), compiled 0 variants (0.00s CPU time), skipped 0 variants
    Prepared data for serialisation in 0.00s
Compiling shader "Shader Graphs/LEDs" pass "MotionVectors" (vp)
    Full variant space:         8
    After settings filtering:   8
    After built-in stripping:   2
    After scriptable stripping: 2
    Processed in 0.00 seconds
    starting compilation...
    finished in 0.00 seconds. Local cache hits 2 (0.01s CPU time), remote cache hits 0 (0.00s CPU time), compiled 0 variants (0.00s CPU time), skipped 0 variants
    Prepared data for serialisation in 0.00s
Compiling shader "Shader Graphs/LEDs" pass "MotionVectors" (fp)
    Full variant space:         16
    After settings filtering:   8
    After built-in stripping:   2
    After scriptable stripping: 2
    Processed in 0.00 seconds
    starting compilation...
    finished in 0.00 seconds. Local cache hits 2 (0.01s CPU time), remote cache hits 0 (0.00s CPU time), compiled 0 variants (0.00s CPU time), skipped 0 variants
    Prepared data for serialisation in 0.00s
Compiling shader "Shader Graphs/LEDs" pass "DepthOnly" (vp)
    Full variant space:         8
    After settings filtering:   8
    After built-in stripping:   2
    After scriptable stripping: 2
    Processed in 0.00 seconds
    starting compilation...
    finished in 0.00 seconds. Local cache hits 2 (0.01s CPU time), remote cache hits 0 (0.00s CPU time), compiled 0 variants (0.00s CPU time), skipped 0 variants
    Prepared data for serialisation in 0.00s
Compiling shader "Shader Graphs/LEDs" pass "DepthOnly" (fp)
    Full variant space:         8
    After settings filtering:   8
    After built-in stripping:   2
    After scriptable stripping: 2
    Processed in 0.00 seconds
    starting compilation...
    finished in 0.00 seconds. Local cache hits 2 (0.01s CPU time), remote cache hits 0 (0.00s CPU time), compiled 0 variants (0.00s CPU time), skipped 0 variants
    Prepared data for serialisation in 0.00s
Compiling shader "Shader Graphs/LEDs" pass "DepthNormals" (vp)
    Full variant space:         8
    After settings filtering:   8
    After built-in stripping:   2
    After scriptable stripping: 2
    Processed in 0.00 seconds
    starting compilation...
    finished in 0.00 seconds. Local cache hits 2 (0.01s CPU time), remote cache hits 0 (0.00s CPU time), compiled 0 variants (0.00s CPU time), skipped 0 variants
    Prepared data for serialisation in 0.00s
Compiling shader "Shader Graphs/LEDs" pass "DepthNormals" (fp)
    Full variant space:         16
    After settings filtering:   8
    After built-in stripping:   2
    After scriptable stripping: 2
    Processed in 0.00 seconds
    starting compilation...
    finished in 0.00 seconds. Local cache hits 2 (0.01s CPU time), remote cache hits 0 (0.00s CPU time), compiled 0 variants (0.00s CPU time), skipped 0 variants
    Prepared data for serialisation in 0.00s
Compiling shader "Shader Graphs/LEDs" pass "Universal 2D" (vp)
    Full variant space:         2
    After settings filtering:   2
    After built-in stripping:   2
    After scriptable stripping: 2
    Processed in 0.00 seconds
    starting compilation...
    finished in 0.00 seconds. Local cache hits 2 (0.01s CPU time), remote cache hits 0 (0.00s CPU time), compiled 0 variants (0.00s CPU time), skipped 0 variants
    Prepared data for serialisation in 0.00s
Compiling shader "Shader Graphs/LEDs" pass "Universal 2D" (fp)
    Full variant space:         2
    After settings filtering:   2
    After built-in stripping:   2
    After scriptable stripping: 2
    Processed in 0.00 seconds
    starting compilation...
    finished in 0.00 seconds. Local cache hits 2 (0.01s CPU time), remote cache hits 0 (0.00s CPU time), compiled 0 variants (0.00s CPU time), skipped 0 variants
    Prepared data for serialisation in 0.00s
Serialized binary data for shader Shader Graphs/LEDs in 0.00s
    metal (total internal programs: 64, unique: 32)
Compiling shader "Hidden/Core/FallbackError" pass "" (vp)
    Full variant space:         3
    After settings filtering:   3
    After built-in stripping:   1
    After scriptable stripping: 1
    Processed in 0.00 seconds
    starting compilation...
    finished in 0.00 seconds. Local cache hits 1 (0.00s CPU time), remote cache hits 0 (0.00s CPU time), compiled 0 variants (0.00s CPU time), skipped 0 variants
    Prepared data for serialisation in 0.00s
Compiling shader "Hidden/Core/FallbackError" pass "" (fp)
    Full variant space:         3
    After settings filtering:   3
    After built-in stripping:   1
    After scriptable stripping: 1
    Processed in 0.00 seconds
    starting compilation...
    finished in 0.01 seconds. Local cache hits 1 (0.01s CPU time), remote cache hits 0 (0.00s CPU time), compiled 0 variants (0.00s CPU time), skipped 0 variants
    Prepared data for serialisation in 0.00s
Serialized binary data for shader Hidden/Core/FallbackError in 0.00s
    metal (total internal programs: 2, unique: 2)
Compiling shader "Universal Render Pipeline/Lit" pass "ForwardLit" (vp)
    Full variant space:         442368
    After settings filtering:   12288
    After built-in stripping:   48
    After scriptable stripping: 12
    Processed in 0.00 seconds
    starting compilation...
    finished in 0.01 seconds. Local cache hits 12 (0.07s CPU time), remote cache hits 0 (0.00s CPU time), compiled 0 variants (0.00s CPU time), skipped 0 variants
    Prepared data for serialisation in 0.00s
Compiling shader "Universal Render Pipeline/Lit" pass "ForwardLit" (fp)
    Full variant space:         15854469120
    After settings filtering:   860160
    After built-in stripping:   3360
    After scriptable stripping: 1008
    Processed in 0.06 seconds
    starting compilation...
    finished in 0.29 seconds. Local cache hits 1008 (3.44s CPU time), remote cache hits 0 (0.00s CPU time), compiled 0 variants (0.00s CPU time), skipped 0 variants
    Prepared data for serialisation in 0.05s
Compiling shader "Universal Render Pipeline/Lit" pass "ShadowCaster" (vp)
    Full variant space:         8
    After settings filtering:   8
    After built-in stripping:   4
    After scriptable stripping: 4
    Processed in 0.00 seconds
    starting compilation...
    finished in 0.00 seconds. Local cache hits 4 (0.02s CPU time), remote cache hits 0 (0.00s CPU time), compiled 0 variants (0.00s CPU time), skipped 0 variants
    Prepared data for serialisation in 0.00s
Compiling shader "Universal Render Pipeline/Lit" pass "ShadowCaster" (fp)
    Full variant space:         16
    After settings filtering:   16
    After built-in stripping:   8
    After scriptable stripping: 8
    Processed in 0.00 seconds
    starting compilation...
    finished in 0.00 seconds. Local cache hits 8 (0.03s CPU time), remote cache hits 0 (0.00s CPU time), compiled 0 variants (0.00s CPU time), skipped 0 variants
    Prepared data for serialisation in 0.00s
Compiling shader "Universal Render Pipeline/Lit" pass "GBuffer" (vp)
    Full variant space:         1536
    After settings filtering:   512
    After built-in stripping:   8
    After scriptable stripping: 0
    Processed in 0.00 seconds
    Prepared data for serialisation in 0.00s
Compiling shader "Universal Render Pipeline/Lit" pass "DepthOnly" (vp)
    Full variant space:         4
    After settings filtering:   4
    After built-in stripping:   2
    After scriptable stripping: 2
    Processed in 0.00 seconds
    starting compilation...
    finished in 0.00 seconds. Local cache hits 2 (0.01s CPU time), remote cache hits 0 (0.00s CPU time), compiled 0 variants (0.00s CPU time), skipped 0 variants
    Prepared data for serialisation in 0.00s
Compiling shader "Universal Render Pipeline/Lit" pass "DepthOnly" (fp)
    Full variant space:         16
    After settings filtering:   16
    After built-in stripping:   8
    After scriptable stripping: 8
    Processed in 0.00 seconds
    starting compilation...
    finished in 0.00 seconds. Local cache hits 8 (0.03s CPU time), remote cache hits 0 (0.00s CPU time), compiled 0 variants (0.00s CPU time), skipped 0 variants
    Prepared data for serialisation in 0.00s
Compiling shader "Universal Render Pipeline/Lit" pass "DepthNormals" (vp)
    Full variant space:         4
    After settings filtering:   4
    After built-in stripping:   2
    After scriptable stripping: 2
    Processed in 0.00 seconds
    starting compilation...
    finished in 0.00 seconds. Local cache hits 2 (0.01s CPU time), remote cache hits 0 (0.00s CPU time), compiled 0 variants (0.00s CPU time), skipped 0 variants
    Prepared data for serialisation in 0.00s
Compiling shader "Universal Render Pipeline/Lit" pass "DepthNormals" (fp)
    Full variant space:         32
    After settings filtering:   16
    After built-in stripping:   8
    After scriptable stripping: 8
    Processed in 0.00 seconds
    starting compilation...
    finished in 0.00 seconds. Local cache hits 8 (0.03s CPU time), remote cache hits 0 (0.00s CPU time), compiled 0 variants (0.00s CPU time), skipped 0 variants
    Prepared data for serialisation in 0.00s
Compiling shader "Universal Render Pipeline/Lit" pass "Universal2D" (vp)
    Full variant space:         2
    After settings filtering:   2
    After built-in stripping:   1
    After scriptable stripping: 0
    Processed in 0.00 seconds
    Prepared data for serialisation in 0.00s
Compiling shader "Universal Render Pipeline/Lit" pass "MotionVectors" (vp)
    Full variant space:         8
    After settings filtering:   8
    After built-in stripping:   4
    After scriptable stripping: 4
    Processed in 0.00 seconds
    starting compilation...
    finished in 0.00 seconds. Local cache hits 4 (0.01s CPU time), remote cache hits 0 (0.00s CPU time), compiled 0 variants (0.00s CPU time), skipped 0 variants
    Prepared data for serialisation in 0.00s
Compiling shader "Universal Render Pipeline/Lit" pass "MotionVectors" (fp)
    Full variant space:         16
    After settings filtering:   16
    After built-in stripping:   8
    After scriptable stripping: 8
    Processed in 0.00 seconds
    starting compilation...
    finished in 0.01 seconds. Local cache hits 8 (0.04s CPU time), remote cache hits 0 (0.00s CPU time), compiled 0 variants (0.00s CPU time), skipped 0 variants
    Prepared data for serialisation in 0.00s
Serialized binary data for shader Universal Render Pipeline/Lit in 0.01s
    metal (total internal programs: 1064, unique: 548)
Compressed shader 'Universal Render Pipeline/Lit' on metal from 16.50MB to 1.20MB
Compressed shader 'Universal Render Pipeline/Lit' in 0.16s
Compiling shader "TextMeshPro/Distance Field" pass "" (vp)
    Full variant space:         4
    After settings filtering:   4
    After built-in stripping:   4
    After scriptable stripping: 4
    Processed in 0.00 seconds
    starting compilation...
    finished in 0.01 seconds. Local cache hits 4 (0.02s CPU time), remote cache hits 0 (0.00s CPU time), compiled 0 variants (0.00s CPU time), skipped 0 variants
    Prepared data for serialisation in 0.00s
Compiling shader "TextMeshPro/Distance Field" pass "" (fp)
    Full variant space:         4
    After settings filtering:   4
    After built-in stripping:   4
    After scriptable stripping: 4
    Processed in 0.00 seconds
    starting compilation...
    finished in 0.00 seconds. Local cache hits 4 (0.02s CPU time), remote cache hits 0 (0.00s CPU time), compiled 0 variants (0.00s CPU time), skipped 0 variants
    Prepared data for serialisation in 0.00s
Serialized binary data for shader TextMeshPro/Distance Field in 0.00s
    metal (total internal programs: 8, unique: 8)
Compiling shader "Hidden/Universal Render Pipeline/FallbackError" pass "" (vp)
    Full variant space:         6
    After settings filtering:   6
    After built-in stripping:   1
    After scriptable stripping: 1
    Processed in 0.00 seconds
    starting compilation...
    finished in 0.01 seconds. Local cache hits 1 (0.01s CPU time), remote cache hits 0 (0.00s CPU time), compiled 0 variants (0.00s CPU time), skipped 0 variants
    Prepared data for serialisation in 0.00s
Compiling shader "Hidden/Universal Render Pipeline/FallbackError" pass "" (fp)
    Full variant space:         6
    After settings filtering:   6
    After built-in stripping:   1
    After scriptable stripping: 1
    Processed in 0.00 seconds
    starting compilation...
    finished in 0.01 seconds. Local cache hits 1 (0.01s CPU time), remote cache hits 0 (0.00s CPU time), compiled 0 variants (0.00s CPU time), skipped 0 variants
    Prepared data for serialisation in 0.00s
Serialized binary data for shader Hidden/Universal Render Pipeline/FallbackError in 0.00s
    metal (total internal programs: 2, unique: 2)
Compiling shader "Hidden/Shader Graph/FallbackError" pass "" (vp)
    Full variant space:         4
    After settings filtering:   4
    After built-in stripping:   1
    After scriptable stripping: 1
    Processed in 0.00 seconds
    starting compilation...
    finished in 0.01 seconds. Local cache hits 1 (0.01s CPU time), remote cache hits 0 (0.00s CPU time), compiled 0 variants (0.00s CPU time), skipped 0 variants
    Prepared data for serialisation in 0.00s
Compiling shader "Hidden/Shader Graph/FallbackError" pass "" (fp)
    Full variant space:         4
    After settings filtering:   4
    After built-in stripping:   1
    After scriptable stripping: 1
    Processed in 0.00 seconds
    starting compilation...
    finished in 0.01 seconds. Local cache hits 1 (0.01s CPU time), remote cache hits 0 (0.00s CPU time), compiled 0 variants (0.00s CPU time), skipped 0 variants
    Prepared data for serialisation in 0.00s
Serialized binary data for shader Hidden/Shader Graph/FallbackError in 0.00s
    metal (total internal programs: 2, unique: 2)
Compiling shader "TextMeshPro/Mobile/Distance Field" pass "" (vp)
    Full variant space:         8
    After settings filtering:   8
    After built-in stripping:   8
    After scriptable stripping: 8
    Processed in 0.00 seconds
    starting compilation...
    finished in 0.01 seconds. Local cache hits 8 (0.05s CPU time), remote cache hits 0 (0.00s CPU time), compiled 0 variants (0.00s CPU time), skipped 0 variants
    Prepared data for serialisation in 0.00s
Compiling shader "TextMeshPro/Mobile/Distance Field" pass "" (fp)
    Full variant space:         8
    After settings filtering:   8
    After built-in stripping:   8
    After scriptable stripping: 8
    Processed in 0.00 seconds
    starting compilation...
    finished in 0.01 seconds. Local cache hits 8 (0.05s CPU time), remote cache hits 0 (0.00s CPU time), compiled 0 variants (0.00s CPU time), skipped 0 variants
    Prepared data for serialisation in 0.00s
Serialized binary data for shader TextMeshPro/Mobile/Distance Field in 0.00s
    metal (total internal programs: 16, unique: 16)
DisplayProgressbar: Archive And Compress Bundles
DisplayProgressbar: Generate Location Lists Task
[Licensing::Client] Successfully resolved entitlements
DisplayProgressbar: Post Writing Callback
DisplayProgressbar: Extract Data Task
[Licensing::Client] Successfully resolved entitlements
Unloading 358 Unused Serialized files (Serialized files now loaded: 0)
Unloading 127148 unused Assets / (1.04 GB). Loaded Objects now: 8089.
Memory consumption went from 1.84 GB to 0.80 GB.
Total: 187.963900 ms (FindLiveObjects: 7.945800 ms CreateObjectMapping: 13.014300 ms MarkObjects: 45.696300 ms  DeleteObjects: 121.306400 ms)

DisplayProgressbar: Post Processing AssetBundles
DisplayProgressbar: Post Processing Catalog Entries
Addressable content successfully built (duration : 0:01:53.902)
UnityEngine.Debug:ExtractStackTraceNoAlloc (byte*,int,string)
UnityEngine.StackTraceUtility:ExtractStackTrace ()
UnityEngine.DebugLogHandler:Internal_Log (UnityEngine.LogType,UnityEngine.LogOption,string,UnityEngine.Object)
UnityEngine.DebugLogHandler:LogFormat (UnityEngine.LogType,UnityEngine.Object,string,object[])
UnityEngine.Logger:Log (UnityEngine.LogType,object)
UnityEngine.Debug:Log (object)
UnityEditor.AddressableAssets.Settings.AddressableAssetSettings:BuildPlayerContentImpl (UnityEditor.AddressableAssets.Build.AddressablesDataBuilderInput,bool) (at ./Library/PackageCache/com.unity.addressables@2.7.6/Editor/Settings/AddressableAssetSettings.cs:3092)
UnityEditor.AddressableAssets.Settings.AddressableAssetSettings:BuildPlayerContent (UnityEditor.AddressableAssets.Build.AddressablesPlayerBuildResult&,UnityEditor.AddressableAssets.Build.AddressablesDataBuilderInput) (at ./Library/PackageCache/com.unity.addressables@2.7.6/Editor/Settings/AddressableAssetSettings.cs:2994)
UnityEditor.AddressableAssets.Settings.AddressableAssetSettings:BuildPlayerContent (UnityEditor.AddressableAssets.Build.AddressablesPlayerBuildResult&) (at ./Library/PackageCache/com.unity.addressables@2.7.6/Editor/Settings/AddressableAssetSettings.cs:2971)
Editor.AddressablesModExporter:BuildOneGroup (UnityEditor.AddressableAssets.Settings.AddressableAssetSettings,Editor.AddressablesModExporter/ModBuildSpec) (at Assets/Editor/AddressablesModExporter.cs:478)
Editor.AddressablesModExporter:BuildAndExport (System.Collections.Generic.List`1<Editor.AddressablesModExporter/ModBuildSpec>) (at Assets/Editor/AddressablesModExporter.cs:361)
Editor.AddressablesModExporter:BuildFromCommandLine () (at Assets/Editor/AddressablesModExporter.cs:624)

(Filename: ./Library/PackageCache/com.unity.addressables@2.7.6/Editor/Settings/AddressableAssetSettings.cs Line: 3092)

Start importing Assets/AddressableAssetsData/OSX/addressables_content_state.bin using Guid(6035544246557ad46ae374de7d21af3b) (DefaultImporter) -> (artifact id: '3b22800b7aece2436b7d754c62b51212') in 0.0161469 seconds
Refreshing native plugins compatible for Editor in 2.13 ms, found 6 plugins.
Preloading 0 native plugins for Editor in 0.00 ms.
Asset Pipeline Refresh (id=d53e3d4e69a27764f8aa62350ae04340): Total: 0.132 seconds - Initiated by RefreshV2(NoUpdateAssetOptions)
Zipped mod folder to C:/MoSimModding/MoSimPrepatec/Assets\..\Mods\MxModpackW1 v4.1.0 MacOS.zip
UnityEngine.Debug:ExtractStackTraceNoAlloc (byte*,int,string)
UnityEngine.StackTraceUtility:ExtractStackTrace ()
UnityEngine.DebugLogHandler:Internal_Log (UnityEngine.LogType,UnityEngine.LogOption,string,UnityEngine.Object)
UnityEngine.DebugLogHandler:LogFormat (UnityEngine.LogType,UnityEngine.Object,string,object[])
UnityEngine.Logger:Log (UnityEngine.LogType,object)
UnityEngine.Debug:Log (object)
Editor.AddressablesModExporter:ZipAndCleanup (string,string,string,string,string) (at Assets/Editor/AddressablesModExporter.cs:547)
Editor.AddressablesModExporter:ExportGroup (string,string,string) (at Assets/Editor/AddressablesModExporter.cs:525)
Editor.AddressablesModExporter:BuildAndExport (System.Collections.Generic.List`1<Editor.AddressablesModExporter/ModBuildSpec>) (at Assets/Editor/AddressablesModExporter.cs:366)
Editor.AddressablesModExporter:BuildFromCommandLine () (at Assets/Editor/AddressablesModExporter.cs:624)

(Filename: Assets/Editor/AddressablesModExporter.cs Line: 547)

Build and export complete.
UnityEngine.Debug:ExtractStackTraceNoAlloc (byte*,int,string)
UnityEngine.StackTraceUtility:ExtractStackTrace ()
UnityEngine.DebugLogHandler:Internal_Log (UnityEngine.LogType,UnityEngine.LogOption,string,UnityEngine.Object)
UnityEngine.DebugLogHandler:LogFormat (UnityEngine.LogType,UnityEngine.Object,string,object[])
UnityEngine.Logger:Log (UnityEngine.LogType,object)
UnityEngine.Debug:Log (object)
Editor.AddressablesModExporter:BuildAndExport (System.Collections.Generic.List`1<Editor.AddressablesModExporter/ModBuildSpec>) (at Assets/Editor/AddressablesModExporter.cs:369)
Editor.AddressablesModExporter:BuildFromCommandLine () (at Assets/Editor/AddressablesModExporter.cs:624)

(Filename: Assets/Editor/AddressablesModExporter.cs Line: 369)

Clearing [Kardust TS Condensed Bold Italic SDF] dynamic font asset data.
UnityEngine.Debug:ExtractStackTraceNoAlloc (byte*,int,string)
UnityEngine.StackTraceUtility:ExtractStackTrace ()
UnityEngine.DebugLogHandler:Internal_Log (UnityEngine.LogType,UnityEngine.LogOption,string,UnityEngine.Object)
UnityEngine.DebugLogHandler:LogFormat (UnityEngine.LogType,UnityEngine.Object,string,object[])
UnityEngine.Logger:Log (UnityEngine.LogType,object)
UnityEngine.Debug:Log (object)
TMPro.EditorEventCallbacks/<>c:<InitializeFontAssetResourceChangeCallBacks>b__0_0 () (at ./Library/PackageCache/com.unity.ugui@2.0.0/Editor/TMP/TMP_EditorResourceManager.cs:36)
UnityEditor.EditorApplication:Internal_EditorApplicationQuit ()
Editor.AddressablesModExporter:BuildFromCommandLine () (at Assets/Editor/AddressablesModExporter.cs:625)

(Filename: ./Library/PackageCache/com.unity.ugui@2.0.0/Editor/TMP/TMP_EditorResourceManager.cs Line: 36)

Clearing [Megahertz In Regular SDF] dynamic font asset data.
UnityEngine.Debug:ExtractStackTraceNoAlloc (byte*,int,string)
UnityEngine.StackTraceUtility:ExtractStackTrace ()
UnityEngine.DebugLogHandler:Internal_Log (UnityEngine.LogType,UnityEngine.LogOption,string,UnityEngine.Object)
UnityEngine.DebugLogHandler:LogFormat (UnityEngine.LogType,UnityEngine.Object,string,object[])
UnityEngine.Logger:Log (UnityEngine.LogType,object)
UnityEngine.Debug:Log (object)
TMPro.EditorEventCallbacks/<>c:<InitializeFontAssetResourceChangeCallBacks>b__0_0 () (at ./Library/PackageCache/com.unity.ugui@2.0.0/Editor/TMP/TMP_EditorResourceManager.cs:36)
UnityEditor.EditorApplication:Internal_EditorApplicationQuit ()
Editor.AddressablesModExporter:BuildFromCommandLine () (at Assets/Editor/AddressablesModExporter.cs:625)

(Filename: ./Library/PackageCache/com.unity.ugui@2.0.0/Editor/TMP/TMP_EditorResourceManager.cs Line: 36)

Clearing [Anton SDF] dynamic font asset data.
UnityEngine.Debug:ExtractStackTraceNoAlloc (byte*,int,string)
UnityEngine.StackTraceUtility:ExtractStackTrace ()
UnityEngine.DebugLogHandler:Internal_Log (UnityEngine.LogType,UnityEngine.LogOption,string,UnityEngine.Object)
UnityEngine.DebugLogHandler:LogFormat (UnityEngine.LogType,UnityEngine.Object,string,object[])
UnityEngine.Logger:Log (UnityEngine.LogType,object)
UnityEngine.Debug:Log (object)
TMPro.EditorEventCallbacks/<>c:<InitializeFontAssetResourceChangeCallBacks>b__0_0 () (at ./Library/PackageCache/com.unity.ugui@2.0.0/Editor/TMP/TMP_EditorResourceManager.cs:36)
UnityEditor.EditorApplication:Internal_EditorApplicationQuit ()
Editor.AddressablesModExporter:BuildFromCommandLine () (at Assets/Editor/AddressablesModExporter.cs:625)

(Filename: ./Library/PackageCache/com.unity.ugui@2.0.0/Editor/TMP/TMP_EditorResourceManager.cs Line: 36)

Clearing [Bangers SDF] dynamic font asset data.
UnityEngine.Debug:ExtractStackTraceNoAlloc (byte*,int,string)
UnityEngine.StackTraceUtility:ExtractStackTrace ()
UnityEngine.DebugLogHandler:Internal_Log (UnityEngine.LogType,UnityEngine.LogOption,string,UnityEngine.Object)
UnityEngine.DebugLogHandler:LogFormat (UnityEngine.LogType,UnityEngine.Object,string,object[])
UnityEngine.Logger:Log (UnityEngine.LogType,object)
UnityEngine.Debug:Log (object)
TMPro.EditorEventCallbacks/<>c:<InitializeFontAssetResourceChangeCallBacks>b__0_0 () (at ./Library/PackageCache/com.unity.ugui@2.0.0/Editor/TMP/TMP_EditorResourceManager.cs:36)
UnityEditor.EditorApplication:Internal_EditorApplicationQuit ()
Editor.AddressablesModExporter:BuildFromCommandLine () (at Assets/Editor/AddressablesModExporter.cs:625)

(Filename: ./Library/PackageCache/com.unity.ugui@2.0.0/Editor/TMP/TMP_EditorResourceManager.cs Line: 36)

Clearing [Electronic Highway Sign SDF] dynamic font asset data.
UnityEngine.Debug:ExtractStackTraceNoAlloc (byte*,int,string)
UnityEngine.StackTraceUtility:ExtractStackTrace ()
UnityEngine.DebugLogHandler:Internal_Log (UnityEngine.LogType,UnityEngine.LogOption,string,UnityEngine.Object)
UnityEngine.DebugLogHandler:LogFormat (UnityEngine.LogType,UnityEngine.Object,string,object[])
UnityEngine.Logger:Log (UnityEngine.LogType,object)
UnityEngine.Debug:Log (object)
TMPro.EditorEventCallbacks/<>c:<InitializeFontAssetResourceChangeCallBacks>b__0_0 () (at ./Library/PackageCache/com.unity.ugui@2.0.0/Editor/TMP/TMP_EditorResourceManager.cs:36)
UnityEditor.EditorApplication:Internal_EditorApplicationQuit ()
Editor.AddressablesModExporter:BuildFromCommandLine () (at Assets/Editor/AddressablesModExporter.cs:625)

(Filename: ./Library/PackageCache/com.unity.ugui@2.0.0/Editor/TMP/TMP_EditorResourceManager.cs Line: 36)

Clearing [Oswald Bold SDF] dynamic font asset data.
UnityEngine.Debug:ExtractStackTraceNoAlloc (byte*,int,string)
UnityEngine.StackTraceUtility:ExtractStackTrace ()
UnityEngine.DebugLogHandler:Internal_Log (UnityEngine.LogType,UnityEngine.LogOption,string,UnityEngine.Object)
UnityEngine.DebugLogHandler:LogFormat (UnityEngine.LogType,UnityEngine.Object,string,object[])
UnityEngine.Logger:Log (UnityEngine.LogType,object)
UnityEngine.Debug:Log (object)
TMPro.EditorEventCallbacks/<>c:<InitializeFontAssetResourceChangeCallBacks>b__0_0 () (at ./Library/PackageCache/com.unity.ugui@2.0.0/Editor/TMP/TMP_EditorResourceManager.cs:36)
UnityEditor.EditorApplication:Internal_EditorApplicationQuit ()
Editor.AddressablesModExporter:BuildFromCommandLine () (at Assets/Editor/AddressablesModExporter.cs:625)

(Filename: ./Library/PackageCache/com.unity.ugui@2.0.0/Editor/TMP/TMP_EditorResourceManager.cs Line: 36)

Clearing [Roboto-Bold SDF] dynamic font asset data.
UnityEngine.Debug:ExtractStackTraceNoAlloc (byte*,int,string)
UnityEngine.StackTraceUtility:ExtractStackTrace ()
UnityEngine.DebugLogHandler:Internal_Log (UnityEngine.LogType,UnityEngine.LogOption,string,UnityEngine.Object)
UnityEngine.DebugLogHandler:LogFormat (UnityEngine.LogType,UnityEngine.Object,string,object[])
UnityEngine.Logger:Log (UnityEngine.LogType,object)
UnityEngine.Debug:Log (object)
TMPro.EditorEventCallbacks/<>c:<InitializeFontAssetResourceChangeCallBacks>b__0_0 () (at ./Library/PackageCache/com.unity.ugui@2.0.0/Editor/TMP/TMP_EditorResourceManager.cs:36)
UnityEditor.EditorApplication:Internal_EditorApplicationQuit ()
Editor.AddressablesModExporter:BuildFromCommandLine () (at Assets/Editor/AddressablesModExporter.cs:625)

(Filename: ./Library/PackageCache/com.unity.ugui@2.0.0/Editor/TMP/TMP_EditorResourceManager.cs Line: 36)

Clearing [Orbitron-VariableFont_wght SDF] dynamic font asset data.
UnityEngine.Debug:ExtractStackTraceNoAlloc (byte*,int,string)
UnityEngine.StackTraceUtility:ExtractStackTrace ()
UnityEngine.DebugLogHandler:Internal_Log (UnityEngine.LogType,UnityEngine.LogOption,string,UnityEngine.Object)
UnityEngine.DebugLogHandler:LogFormat (UnityEngine.LogType,UnityEngine.Object,string,object[])
UnityEngine.Logger:Log (UnityEngine.LogType,object)
UnityEngine.Debug:Log (object)
TMPro.EditorEventCallbacks/<>c:<InitializeFontAssetResourceChangeCallBacks>b__0_0 () (at ./Library/PackageCache/com.unity.ugui@2.0.0/Editor/TMP/TMP_EditorResourceManager.cs:36)
UnityEditor.EditorApplication:Internal_EditorApplicationQuit ()
Editor.AddressablesModExporter:BuildFromCommandLine () (at Assets/Editor/AddressablesModExporter.cs:625)

(Filename: ./Library/PackageCache/com.unity.ugui@2.0.0/Editor/TMP/TMP_EditorResourceManager.cs Line: 36)

Clearing [Orbitron_Main_Menu] dynamic font asset data.
UnityEngine.Debug:ExtractStackTraceNoAlloc (byte*,int,string)
UnityEngine.StackTraceUtility:ExtractStackTrace ()
UnityEngine.DebugLogHandler:Internal_Log (UnityEngine.LogType,UnityEngine.LogOption,string,UnityEngine.Object)
UnityEngine.DebugLogHandler:LogFormat (UnityEngine.LogType,UnityEngine.Object,string,object[])
UnityEngine.Logger:Log (UnityEngine.LogType,object)
UnityEngine.Debug:Log (object)
TMPro.EditorEventCallbacks/<>c:<InitializeFontAssetResourceChangeCallBacks>b__0_0 () (at ./Library/PackageCache/com.unity.ugui@2.0.0/Editor/TMP/TMP_EditorResourceManager.cs:36)
UnityEditor.EditorApplication:Internal_EditorApplicationQuit ()
Editor.AddressablesModExporter:BuildFromCommandLine () (at Assets/Editor/AddressablesModExporter.cs:625)

(Filename: ./Library/PackageCache/com.unity.ugui@2.0.0/Editor/TMP/TMP_EditorResourceManager.cs Line: 36)

Clearing [LiberationSans SDF - Fallback] dynamic font asset data.
UnityEngine.Debug:ExtractStackTraceNoAlloc (byte*,int,string)
UnityEngine.StackTraceUtility:ExtractStackTrace ()
UnityEngine.DebugLogHandler:Internal_Log (UnityEngine.LogType,UnityEngine.LogOption,string,UnityEngine.Object)
UnityEngine.DebugLogHandler:LogFormat (UnityEngine.LogType,UnityEngine.Object,string,object[])
UnityEngine.Logger:Log (UnityEngine.LogType,object)
UnityEngine.Debug:Log (object)
TMPro.EditorEventCallbacks/<>c:<InitializeFontAssetResourceChangeCallBacks>b__0_0 () (at ./Library/PackageCache/com.unity.ugui@2.0.0/Editor/TMP/TMP_EditorResourceManager.cs:36)
UnityEditor.EditorApplication:Internal_EditorApplicationQuit ()
Editor.AddressablesModExporter:BuildFromCommandLine () (at Assets/Editor/AddressablesModExporter.cs:625)

(Filename: ./Library/PackageCache/com.unity.ugui@2.0.0/Editor/TMP/TMP_EditorResourceManager.cs Line: 36)

Killing ADB server in 0.0649499 seconds.
Start importing Assets/Settings/URP-Performant.asset using Guid(d0e2fc18fe036412f8223b3b3d9ad574) (NativeFormatImporter) -> (artifact id: 'c874e596063ba83aa4a30bab5086b268') in 0.0038089 seconds
Start importing Assets/TextMesh Pro/Examples & Extras/Resources/Fonts & Materials/Oswald Bold SDF.asset using Guid(0161d805a3764c089bef00bfe00793f5) (NativeFormatImporter) -> (artifact id: '99ea32ee63e2dbafd725dd64135e0457') in 0.0042187 seconds
Start importing Assets/Settings/URP-Balanced.asset using Guid(e1260c1148f6143b28bae5ace5e9c5d1) (NativeFormatImporter) -> (artifact id: '2f1f0e1c3fa824fd655090c75fdece4a') in 0.0025027 seconds
Start importing Assets/TextMesh Pro/Examples & Extras/Resources/Fonts & Materials/Bangers SDF.asset using Guid(125cb55b44b24c4393181402bc6200e6) (NativeFormatImporter) -> (artifact id: '2c22dcba32997ed31eb2370fecec6c75') in 0.0054254 seconds
Start importing Assets/TextMesh Pro/Examples & Extras/Resources/Fonts & Materials/Roboto-Bold SDF.asset using Guid(5302535af1044152a457ed104f1f4b91) (NativeFormatImporter) -> (artifact id: '2c0c50b16bada3b99bb19c8cce14eb39') in 0.0035729 seconds
Start importing Assets/Imports/Fonts/Kardust TS Condensed Bold Italic SDF.asset using Guid(44e19a5c696205449a28e60897197379) (NativeFormatImporter) -> (artifact id: 'f9ada6e0055ce20aa83e4d4bd6aa884f') in 0.002618 seconds
Start importing Assets/Imports/Fonts/Megahertz In Regular SDF.asset using Guid(e454897a0fcfdbd42a554ba94c2302ae) (NativeFormatImporter) -> (artifact id: '769a6f46f9515f3840ff4f65432caea2') in 0.0026983 seconds
Start importing Assets/AddressableAssetsData/AssetGroups/Schemas/MxModpackW1_BundledAssetGroupSchema.asset using Guid(a6ddd083f2ffd4e42ab007474c3587a3) (NativeFormatImporter) -> (artifact id: 'f186a31483efd1247b0fecafeded426d') in 0.004725 seconds
Start importing Assets/TextMesh Pro/Fonts/Orbitron-VariableFont_wght SDF.asset using Guid(384bb11c1fa15014591838a6229e947c) (NativeFormatImporter) -> (artifact id: '863a03e4f83530add06a874b2f2a9074') in 0.002951 seconds
Start importing Assets/TextMesh Pro/Fonts/Orbitron_Main_Menu.asset using Guid(a9aeab6d3f84ed54f96da6ae0b36e175) (NativeFormatImporter) -> (artifact id: '6754457c089ef3621c93c42510dc1526') in 0.0028427 seconds
Start importing Assets/TextMesh Pro/Examples & Extras/Resources/Fonts & Materials/Anton SDF.asset using Guid(8a89fa14b10d46a99122fd4f73fca9a2) (NativeFormatImporter) -> (artifact id: 'e324e4298722cc9c64e26000f321f040') in 0.0028018 seconds
Start importing Assets/Settings/URP-HighFidelity.asset using Guid(7b7fd9122c28c4d15b667c7040e3b3fd) (NativeFormatImporter) -> (artifact id: '3a159ec55f23cd3b4fad3caebfb6476c') in 0.0025609 seconds
Start importing Assets/TextMesh Pro/Examples & Extras/Resources/Fonts & Materials/Electronic Highway Sign SDF.asset using Guid(dc36b3fdc14f47ebb36fd484a67e268a) (NativeFormatImporter) -> (artifact id: '7d7269abeb72285f8f84be48fa0af92e') in 0.0023702 seconds
Start importing Assets/TextMesh Pro/Resources/Fonts & Materials/LiberationSans SDF - Fallback.asset using Guid(2e498d1c8094910479dc3e1b768306a4) (NativeFormatImporter) -> (artifact id: '9443c4f7b9b3f7b5d87d77b97aabc217') in 0.0024422 seconds
Start importing Assets/AddressableAssetsData/AssetGroups/Schemas/MxModpackW2_BundledAssetGroupSchema.asset using Guid(fe7da0d12f6c63e4cbe09f0f2b344a7d) (NativeFormatImporter) -> (artifact id: '367a594309db39b93ecdb0c3003647dd') in 0.002326 seconds
Refreshing native plugins compatible for Editor in 2.98 ms, found 6 plugins.
Preloading 0 native plugins for Editor in 0.00 ms.
Asset Pipeline Refresh (id=dae34586f6a802b448ed3ea4b9f74843): Total: 0.121 seconds - Initiated by StopAssetImportingV2(NoUpdateAssetOptions)
[Licensing::IpcConnector] License Notification channel disconnected successfully.
[Licensing::IpcConnector] License Client channel disconnected successfully.
AcceleratorClientConnectionCallback - disconnected - :0
Cleanup mono
abort_threads: Failed aborting id: 00000000000013D4, mono_thread_manage will ignore it

abort_threads: Failed aborting id: 00000000000013D4, mono_thread_manage will ignore it

debugger-agent: Unable to listen on 3156
[Performance] WinEditorMain                                                                                                  :        1 samples, Peak.   980 ms (1.0x), Avg.   980 ms, Total. 980.4 ms (0.5%)
[Performance] WinEditorMain.ConfigureCrashHandler                                                                            :        1 samples, Peak.  27.0 us (1.0x), Avg.  27.0 us, Total. 27.00 us (0.0%)
[Performance] WinEditorMain.CurlRequestInitialize                                                                            :        1 samples, Peak.  1.33 ms (1.0x), Avg.  1.33 ms, Total. 1.334 ms (0.0%)
[Performance] WinEditorMain.SetupLogFile                                                                                     :        1 samples, Peak.   434 us (1.0x), Avg.   434 us, Total. 434.1 us (0.0%)
[Performance] WinEditorMain.RunNativeTestsIfRequiredAndExit                                                                  :        1 samples, Peak.   100 ns (1.0x), Avg.   100 ns, Total. 100.0 ns (0.0%)
[Performance] WinEditorMain.Licensing                                                                                        :        1 samples, Peak.   963 ms (1.0x), Avg.   963 ms, Total. 963.4 ms (0.5%)
[Performance] WinEditorMain.InitializeCrashHandler                                                                           :        1 samples, Peak.  11.6 ms (1.0x), Avg.  11.6 ms, Total. 11.58 ms (0.0%)
[Performance] WinEditorMain.CreateApplication                                                                                :        1 samples, Peak.   368 us (1.0x), Avg.   368 us, Total. 368.3 us (0.0%)
[Performance] Application.InitializeProject                                                                                  :        1 samples, Peak.  24.2 s (1.0x), Avg.  24.2 s, Total. 24.18 s (13.5%)
[Performance] Application.PackageManager.StartServer                                                                         :        1 samples, Peak.  9.46 ms (1.0x), Avg.  9.46 ms, Total. 9.460 ms (0.0%)
[Performance] Application.AcquireProjectLock                                                                                 :        1 samples, Peak.  6.42 ms (1.0x), Avg.  6.42 ms, Total. 6.424 ms (0.0%)
[Performance] Application.InitializeEngineNoGraphics                                                                         :        1 samples, Peak.  73.4 ms (1.0x), Avg.  73.4 ms, Total. 73.36 ms (0.0%)
[Performance] Application.PackageManager.Initialize                                                                          :        1 samples, Peak.   380 ms (1.0x), Avg.   380 ms, Total. 380.2 ms (0.2%)
[Performance] Connecting to Package Manager                                                                                  :       39 samples, Peak.  82.5 us (19.3x), Avg.  4.27 us, Total. 166.6 us (0.0%)
[Performance] Application.EngineGraphics.Initialize                                                                          :        1 samples, Peak.   145 ms (1.0x), Avg.   145 ms, Total. 145.0 ms (0.1%)
[Performance] Application.GI.Initialize                                                                                      :        1 samples, Peak.  2.28 ms (1.0x), Avg.  2.28 ms, Total. 2.283 ms (0.0%)
[Performance] Application.LoadAllDefaultResourcesFromEditor                                                                  :        1 samples, Peak.  1.99 ms (1.0x), Avg.  1.99 ms, Total. 1.989 ms (0.0%)
[Performance] Application.LoadMonoAssemblies                                                                                 :        1 samples, Peak.  3.11 s (1.0x), Avg.  3.11 s, Total. 3.110 s (1.7%)
[Performance] RestoreManagedReferences                                                                                       :        2 samples, Peak.  75.1 ms (2.0x), Avg.  37.5 ms, Total. 75.09 ms (0.0%)
[Performance] EditorResources.Load                                                                                           :      110 samples, Peak.  44.6 ms (71.1x), Avg.   627 us, Total. 68.96 ms (0.0%)
[Performance] AssemblyReloadEvents.afterAssemblyReload: UnityEditor.SceneTemplate.SceneTemplateService.AfterAssemblyReload   :        2 samples, Peak.  6.72 ms (1.8x), Avg.  3.67 ms, Total. 7.337 ms (0.0%)
[Performance] ProcessService.EditorAfterLoadAllAssemblies                                                                    :        2 samples, Peak.   549 us (1.4x), Avg.   390 us, Total. 780.9 us (0.0%)
[Performance] Application.ReadLicenseInfo                                                                                    :        1 samples, Peak.  12.8 ms (1.0x), Avg.  12.8 ms, Total. 12.75 ms (0.0%)
[Performance] Application.InitialRefresh                                                                                     :        1 samples, Peak.  19.5 s (1.0x), Avg.  19.5 s, Total. 19.50 s (10.9%)
[Performance] AssetDatabase.InitialRefresh                                                                                   :        1 samples, Peak.  19.5 s (1.0x), Avg.  19.5 s, Total. 19.49 s (10.9%)
[Performance] Compiling Scripts                                                                                              :        1 samples, Peak.  5.86 s (1.0x), Avg.  5.86 s, Total. 5.862 s (3.3%)
[Performance] AssemblyReloadEvents.beforeAssemblyReload: UnityEditor.SceneTemplate.SceneTemplateService.BeforeAssemblyReload :        1 samples, Peak.   501 us (1.0x), Avg.   501 us, Total. 501.0 us (0.0%)
[Performance] DidReloadScriptsTestRunnerWindow.CompilationCallback                                                           :        1 samples, Peak.   312 us (1.0x), Avg.   312 us, Total. 312.2 us (0.0%)
[Performance] DidReloadScriptsTestListCache.ScriptReloaded                                                                   :        1 samples, Peak.  1.99 ms (1.0x), Avg.  1.99 ms, Total. 1.990 ms (0.0%)
[Performance] DidReloadScriptsLookDev.OnEditorReload                                                                         :        1 samples, Peak.   380 us (1.0x), Avg.   380 us, Total. 379.6 us (0.0%)
[Performance] DidReloadScriptsDebugWindow.OnEditorReload                                                                     :        1 samples, Peak.  8.25 ms (1.0x), Avg.  8.25 ms, Total. 8.247 ms (0.0%)
[Performance] DidReloadScriptsVolumeComponentEditor.OnEditorReload                                                           :        1 samples, Peak.  45.9 ms (1.0x), Avg.  45.9 ms, Total. 45.94 ms (0.0%)
[Performance] DidReloadScriptsAdvancedDropdownWindow.OnScriptReload                                                          :        2 samples, Peak.   885 us (1.0x), Avg.   860 us, Total. 1.719 ms (0.0%)
[Performance] DidReloadScriptsCinemachineVirtualCameraBase.OnScriptReload                                                    :        1 samples, Peak.   310 us (1.0x), Avg.   310 us, Total. 310.2 us (0.0%)
[Performance] DidReloadScriptsCinemachineExtension.OnScriptReload                                                            :        1 samples, Peak.  1.66 ms (1.0x), Avg.  1.66 ms, Total. 1.660 ms (0.0%)
[Performance] DidReloadScriptsEditorMenuExtensions.FindAndCloseAllContextMenus                                               :        1 samples, Peak.  4.52 ms (1.0x), Avg.  4.52 ms, Total. 4.521 ms (0.0%)
[Performance] PresetManagerPostProcessor.OnPreprocessAsset                                                                   :       68 samples, Peak.   852 us (20.7x), Avg.  41.2 us, Total. 2.803 ms (0.0%)
[Performance] CancelSplashScreenOnAssetChange.OnPreprocessAsset                                                              :       68 samples, Peak.   136 us (31.2x), Avg.  4.36 us, Total. 296.4 us (0.0%)
[Performance] ShaderGraphAssetPostProcessor.OnPreprocessAsset                                                                :       68 samples, Peak.   159 us (17.1x), Avg.  9.35 us, Total. 635.7 us (0.0%)
[Performance] EditorApplication.projectChanged: UnityEditor.Audio.MixerEffectDefinitionReloader.OnProjectChanged             :        1 samples, Peak.   676 us (1.0x), Avg.   676 us, Total. 675.7 us (0.0%)
[Performance] EditorApplication.projectChanged: UnityEngine.InputSystem.LowLevel.NativeInputRuntime.OnProjectChanged         :        1 samples, Peak.   324 us (1.0x), Avg.   324 us, Total. 323.8 us (0.0%)
[Performance] AssetDatabase.ImportAssets                                                                                     :        8 samples, Peak.   122 ms (5.5x), Avg.  22.3 ms, Total. 178.4 ms (0.1%)
[Performance] VersionControl.Task.Wait                                                                                       :        1 samples, Peak.  14.5 us (1.0x), Avg.  14.5 us, Total. 14.50 us (0.0%)
[Performance] SamplePostprocessor.OnPostprocessAllAssets                                                                     :       24 samples, Peak.   288 us (5.6x), Avg.  51.5 us, Total. 1.236 ms (0.0%)
[Performance] TMPro_TexturePostProcessor.OnPostprocessAllAssets                                                              :        8 samples, Peak.  1.21 ms (2.7x), Avg.   444 us, Total. 3.556 ms (0.0%)
[Performance] CinemachineSettings.OnPostprocessAllAssets                                                                     :        8 samples, Peak.   255 us (3.7x), Avg.  69.8 us, Total. 558.4 us (0.0%)
[Performance] WindowAssetPostprocessingWatcher_Internal.OnPostprocessAllAssets                                               :        8 samples, Peak.  1.28 ms (3.2x), Avg.   404 us, Total. 3.229 ms (0.0%)
[Performance] AssetPostprocessor.OnPostprocessAllAssets                                                                      :        8 samples, Peak.   229 us (3.8x), Avg.  59.8 us, Total. 478.2 us (0.0%)
[Performance] BuilderAssetPostprocessor.OnPostprocessAllAssets                                                               :        8 samples, Peak.  5.12 ms (4.0x), Avg.  1.28 ms, Total. 10.27 ms (0.0%)
[Performance] AddressablesAssetPostProcessor.OnPostprocessAllAssets                                                          :        8 samples, Peak.  3.47 ms (3.0x), Avg.  1.17 ms, Total. 9.384 ms (0.0%)
[Performance] ArtifactBrowserPostProcessor.OnPostprocessAllAssets                                                            :        8 samples, Peak.   526 us (3.9x), Avg.   136 us, Total. 1.085 ms (0.0%)
[Performance] AssetEvents.OnPostprocessAllAssets                                                                             :       16 samples, Peak.   279 us (6.1x), Avg.  45.5 us, Total. 728.3 us (0.0%)
[Performance] AudioContainerPostProcessor.OnPostprocessAllAssets                                                             :        8 samples, Peak.  79.7 us (3.7x), Avg.  21.4 us, Total. 171.4 us (0.0%)
[Performance] AudioMixerPostprocessor.OnPostprocessAllAssets                                                                 :        8 samples, Peak.   306 us (3.9x), Avg.  78.7 us, Total. 629.7 us (0.0%)
[Performance] StyleCatalogPostProcessor.OnPostprocessAllAssets                                                               :        8 samples, Peak.  19.4 ms (4.0x), Avg.  4.86 ms, Total. 38.89 ms (0.0%)
[Performance] BuildCatalog                                                                                                   :        1 samples, Peak.  18.0 ms (1.0x), Avg.  18.0 ms, Total. 18.00 ms (0.0%)
[Performance] ModelImporterPostProcessor.OnPostprocessAllAssets                                                              :        8 samples, Peak.  1.50 ms (3.4x), Avg.   437 us, Total. 3.498 ms (0.0%)
[Performance] AssetDatabaseProxy.OnPostprocessAllAssets                                                                      :        8 samples, Peak.   232 ms (4.0x), Avg.  58.4 ms, Total. 466.9 ms (0.3%)
[Performance] MaterialPostprocessor.OnPostprocessAllAssets                                                                   :       16 samples, Peak.  1.40 ms (4.1x), Avg.   343 us, Total. 5.488 ms (0.0%)
[Performance] UniversalRenderPipelineGlobalSettingsPostprocessor.OnPostprocessAllAssets                                      :        8 samples, Peak.  20.6 ms (4.0x), Avg.  5.15 ms, Total. 41.23 ms (0.0%)
[Performance] RetainedModeAssetPostprocessor.OnPostprocessAllAssets                                                          :        8 samples, Peak.  4.07 ms (4.0x), Avg.  1.02 ms, Total. 8.186 ms (0.0%)
[Performance] AssetChangedListener.OnPostprocessAllAssets                                                                    :        8 samples, Peak.  1.67 ms (3.1x), Avg.   532 us, Total. 4.259 ms (0.0%)
[Performance] PostProcessor.OnPostprocessAllAssets                                                                           :        8 samples, Peak.   592 us (2.8x), Avg.   208 us, Total. 1.662 ms (0.0%)
[Performance] ShaderGraphAssetPostProcessor.OnPostprocessAllAssets                                                           :        8 samples, Peak.  4.97 ms (2.8x), Avg.  1.80 ms, Total. 14.37 ms (0.0%)
[Performance] SpeedTreePostProcessor.OnPostprocessAllAssets                                                                  :        8 samples, Peak.   201 us (3.6x), Avg.  55.4 us, Total. 443.3 us (0.0%)
[Performance] TerrainToolbarOverlayPostProcessor.OnPostprocessAllAssets                                                      :        8 samples, Peak.   390 us (3.9x), Avg.   100 us, Total. 800.3 us (0.0%)
[Performance] TextAssetPostProcessor.OnPostprocessAllAssets                                                                  :        8 samples, Peak.   465 us (2.1x), Avg.   223 us, Total. 1.784 ms (0.0%)
[Performance] SpriteEditorTexturePostprocessor.OnPostprocessAllAssets                                                        :        8 samples, Peak.   564 us (3.0x), Avg.   189 us, Total. 1.509 ms (0.0%)
[Performance] AssetPathToTypes.OnPostprocessAllAssets                                                                        :        8 samples, Peak.   285 us (3.9x), Avg.  73.7 us, Total. 589.9 us (0.0%)
[Performance] SyncVS.PostprocessSyncProject                                                                                  :        4 samples, Peak.  9.15 ms (2.6x), Avg.  3.56 ms, Total. 14.23 ms (0.0%)
[Performance] Application.ImportPackagesAndSetTemplateWhenCreatingProject                                                    :        1 samples, Peak.  12.5 ms (1.0x), Avg.  12.5 ms, Total. 12.55 ms (0.0%)
[Performance] Application.SyncCurrentColorSpace                                                                              :        1 samples, Peak.  32.2 ms (1.0x), Avg.  32.2 ms, Total. 32.22 ms (0.0%)
[Performance] Application.OnUsbDevicesChanged                                                                                :        1 samples, Peak.  2.12 ms (1.0x), Avg.  2.12 ms, Total. 2.121 ms (0.0%)
[Performance] Application.AssetInstanceCacheUpdate                                                                           :        1 samples, Peak.   600 ns (1.0x), Avg.   600 ns, Total. 600.0 ns (0.0%)
[Performance] Application.UnityExtensions.Initialize                                                                         :        1 samples, Peak.  15.6 ms (1.0x), Avg.  15.6 ms, Total. 15.62 ms (0.0%)
[Performance] CodeEditorProjectSync.SyncEditorProject                                                                        :        1 samples, Peak.   268 ms (1.0x), Avg.   268 ms, Total. 267.9 ms (0.1%)
[Performance] Application.ExecuteStartups                                                                                    :        1 samples, Peak.  29.2 ms (1.0x), Avg.  29.2 ms, Total. 29.24 ms (0.0%)
[Performance] Menu.RegisterMenuInterface                                                                                     :       26 samples, Peak.  1.70 us (7.2x), Avg.   235 ns, Total. 6.100 us (0.0%)
[Performance] Gizmo.RebuildRenderers                                                                                         :        1 samples, Peak.  27.6 ms (1.0x), Avg.  27.6 ms, Total. 27.62 ms (0.0%)
[Performance] Gizmo.AddGizmoRenderers                                                                                        :      163 samples, Peak.  2.22 ms (47.6x), Avg.  46.7 us, Total. 7.615 ms (0.0%)
[Performance] Application.editorInitializingProject                                                                          :        1 samples, Peak.   142 ms (1.0x), Avg.   142 ms, Total. 142.0 ms (0.1%)
[Performance] Application.InitializeMenu                                                                                     :        1 samples, Peak.  2.24 s (1.0x), Avg.  2.24 s, Total. 2.241 s (1.3%)
[Performance] Menu.RebuildAll                                                                                                :        1 samples, Peak.  2.24 s (1.0x), Avg.  2.24 s, Total. 2.241 s (1.3%)
[Performance] Menu.BuildRegisteredMenuInterfaces                                                                             :        1 samples, Peak.  2.24 s (1.0x), Avg.  2.24 s, Total. 2.237 s (1.3%)
[Performance] Menu.FilterMenuItem                                                                                            :     1066 samples, Peak.  16.4 ms (1040.1x), Avg.  15.8 us, Total. 16.85 ms (0.0%)
[Performance] UpdateAllMenus                                                                                                 :        1 samples, Peak.   594 us (1.0x), Avg.   594 us, Total. 593.5 us (0.0%)
[Performance] Menu.RebuildOSMainMenu                                                                                         :        2 samples, Peak.  2.31 ms (1.0x), Avg.  2.26 ms, Total. 4.517 ms (0.0%)
[Performance] EditorSceneManager.sceneClosing: UnityEditor.SceneVisibilityManager.EditorSceneManagerOnSceneClosing           :        2 samples, Peak.   277 us (1.9x), Avg.   143 us, Total. 285.3 us (0.0%)
[Performance] GUIView.RepaintAll.PlayerLoopController                                                                        :        2 samples, Peak.  2.40 us (1.1x), Avg.  2.25 us, Total. 4.500 us (0.0%)
[Performance] EditorSceneManager.newSceneCreated: UnityEditor.SceneTemplate.SceneTemplateService.OnNewSceneCreated           :        2 samples, Peak.   290 us (2.0x), Avg.   147 us, Total. 293.9 us (0.0%)
[Performance] EditorSceneManager.newSceneCreated: UnityEditor.SceneVisibilityManager.EditorSceneManagerOnNewSceneCreated     :        2 samples, Peak.   497 us (2.0x), Avg.   255 us, Total. 509.9 us (0.0%)
[Performance] EditorSceneManager.newSceneCreated: UnityEditor.SceneManagement.StageNavigationManager.OnNewSceneCreated       :        2 samples, Peak.  65.3 us (1.9x), Avg.  34.5 us, Total. 69.00 us (0.0%)
[Performance] Application.InvokeFinishedLoadingProject                                                                       :        1 samples, Peak.  21.2 ms (1.0x), Avg.  21.2 ms, Total. 21.19 ms (0.0%)
[Performance] ProcessService.OnProjectLoaded                                                                                 :        1 samples, Peak.  85.6 us (1.0x), Avg.  85.6 us, Total. 85.60 us (0.0%)
[Performance] StateMacroSavedEvent.OnWillSaveAssets                                                                          :        2 samples, Peak.   616 us (1.3x), Avg.   479 us, Total. 959.0 us (0.0%)
[Performance] FlowMacroSavedEvent.OnWillSaveAssets                                                                           :        2 samples, Peak.   346 us (1.4x), Avg.   244 us, Total. 487.2 us (0.0%)
[Performance] AssetModificationProcessor.OnWillSaveAssets                                                                    :        2 samples, Peak.   248 us (2.0x), Avg.   125 us, Total. 250.5 us (0.0%)
[Performance] BuilderAssetModificationProcessor.OnWillSaveAssets                                                             :        2 samples, Peak.   363 us (2.0x), Avg.   183 us, Total. 365.1 us (0.0%)
[Performance] TerrainModificationProcessor.OnWillSaveAssets                                                                  :        2 samples, Peak.   601 us (2.0x), Avg.   301 us, Total. 602.8 us (0.0%)
[Performance] AudioContainerModificationProcessor.OnWillSaveAssets                                                           :        2 samples, Peak.  75.9 us (2.0x), Avg.  38.9 us, Total. 77.70 us (0.0%)
[Performance] ShaderImporter.SourceAssetModified                                                                             :        3 samples, Peak.  1.30 us (1.4x), Avg.   900 ns, Total. 2.700 us (0.0%)
[Performance] ShaderIncludeImporter.SourceAssetModified                                                                      :        3 samples, Peak.  1.10 us (1.1x), Avg.  1000 ns, Total. 3.000 us (0.0%)
[Performance] GenerateAssemblyTypeInfos                                                                                      :        2 samples, Peak.   104 ms (1.3x), Avg.  79.6 ms, Total. 159.1 ms (0.1%)
[Performance] AssetDatabase.Refresh                                                                                          :        1 samples, Peak.   132 ms (1.0x), Avg.   132 ms, Total. 132.4 ms (0.1%)
[Performance] Application.Shutdown.SaveDefaultWindowPreferences                                                              :        1 samples, Peak.  91.3 us (1.0x), Avg.  91.3 us, Total. 91.30 us (0.0%)
[Performance] Application.Shutdown.SaveSceneManagerSetup                                                                     :        1 samples, Peak.  1.54 ms (1.0x), Avg.  1.54 ms, Total. 1.540 ms (0.0%)
[Performance] Application.Shutdown.CleanupAllContainerWindows                                                                :        1 samples, Peak.   328 us (1.0x), Avg.   328 us, Total. 328.3 us (0.0%)
[Performance] EditorApplication.quitting: Unity.Burst.Editor.BurstLoader.OnEditorApplicationQuitting                         :        1 samples, Peak.  33.7 us (1.0x), Avg.  33.7 us, Total. 33.70 us (0.0%)
[Performance] EditorApplication.quitting: callback in TMPro.EditorEventCallbacks                                             :        1 samples, Peak.   120 ms (1.0x), Avg.   120 ms, Total. 120.1 ms (0.1%)
[Performance] EditorApplication.quitting: callback in UnityEditor.TextCore.Text.EditorEventCallbacks                         :        1 samples, Peak.  10.8 ms (1.0x), Avg.  10.8 ms, Total. 10.82 ms (0.0%)
[Performance] EditorApplication.quitting: ThreadingManager.WaitForOutstandingTasks                                           :        1 samples, Peak.   540 us (1.0x), Avg.   540 us, Total. 539.8 us (0.0%)
[Performance] Killing ADB server                                                                                             :        1 samples, Peak.  65.2 ms (1.0x), Avg.  65.2 ms, Total. 65.25 ms (0.0%)
[Performance] Application.Shutdown.PauseProfilerSession                                                                      :        1 samples, Peak.   363 us (1.0x), Avg.   363 us, Total. 363.1 us (0.0%)
[Performance] Application.Shutdown.PauseAssetImportWorkers                                                                   :        1 samples, Peak.   276 us (1.0x), Avg.   276 us, Total. 275.9 us (0.0%)
[Performance] Application.Shutdown.SaveAssets                                                                                :        1 samples, Peak.   183 ms (1.0x), Avg.   183 ms, Total. 182.8 ms (0.1%)
[Performance] Application.Shutdown.CleanupRenderPipeline                                                                     :        1 samples, Peak.  4.50 us (1.0x), Avg.  4.50 us, Total. 4.500 us (0.0%)
[Performance] Application.Shutdown.StopPreloadManager                                                                        :        1 samples, Peak.  9.59 ms (1.0x), Avg.  9.59 ms, Total. 9.585 ms (0.0%)
[Performance] Application.Shutdown.DestroyWorld                                                                              :        1 samples, Peak.  1.12 ms (1.0x), Avg.  1.12 ms, Total. 1.124 ms (0.0%)
[Performance] Application.Shutdown.CleanupAfterLoad                                                                          :        1 samples, Peak.   255 ms (1.0x), Avg.   255 ms, Total. 255.1 ms (0.1%)
[Performance] Application.Shutdown.Progress                                                                                  :        1 samples, Peak.  1.87 ms (1.0x), Avg.  1.87 ms, Total. 1.872 ms (0.0%)
[Performance] Application.Shutdown.GICleanupManagers                                                                         :        1 samples, Peak.  2.27 ms (1.0x), Avg.  2.27 ms, Total. 2.268 ms (0.0%)
[Performance] Application.Shutdown.MenuCleanupClass                                                                          :        1 samples, Peak.   293 us (1.0x), Avg.   293 us, Total. 293.2 us (0.0%)
[Performance] Application.Shutdown.ADBSaveStateBeforeShutdown                                                                :        1 samples, Peak.  8.90 us (1.0x), Avg.  8.90 us, Total. 8.900 us (0.0%)
[Performance] Application.Shutdown.RemoteShutdown                                                                            :        1 samples, Peak.  16.3 us (1.0x), Avg.  16.3 us, Total. 16.30 us (0.0%)
[Performance] Application.Shutdown.CleanupVCProvider                                                                         :        1 samples, Peak.   197 us (1.0x), Avg.   197 us, Total. 196.7 us (0.0%)
[Performance] Application.Shutdown.InputShutdown                                                                             :        1 samples, Peak.   900 ns (1.0x), Avg.   900 ns, Total. 900.0 ns (0.0%)
[Performance] Application.Shutdown.GizmoManagerDestroy                                                                       :        1 samples, Peak.  1.04 ms (1.0x), Avg.  1.04 ms, Total. 1.039 ms (0.0%)
[Performance] Application.Shutdown.ProfilerSession                                                                           :        1 samples, Peak.   922 us (1.0x), Avg.   922 us, Total. 921.8 us (0.0%)
[Performance] Application.Shutdown.ReleaseGfxWindowOnAllGUIViews                                                             :        1 samples, Peak.   300 ns (1.0x), Avg.   300 ns, Total. 300.0 ns (0.0%)
[Performance] Application.Shutdown.CleanupEngine                                                                             :        1 samples, Peak.   127 ms (1.0x), Avg.   127 ms, Total. 127.3 ms (0.1%)
[Performance] Application.Shutdown.CleanupAssetDatabase                                                                      :        1 samples, Peak.  25.9 ms (1.0x), Avg.  25.9 ms, Total. 25.86 ms (0.0%)
[Performance] Application.Shutdown.ScriptCompilationCleanUp                                                                  :        1 samples, Peak.  17.4 ms (1.0x), Avg.  17.4 ms, Total. 17.42 ms (0.0%)
[Performance] Application.Shutdown.DestroyJobSystem                                                                          :        1 samples, Peak.   212 us (1.0x), Avg.   212 us, Total. 212.2 us (0.0%)
[Performance] Application.Shutdown.CleanupPersistentManager                                                                  :        1 samples, Peak.  10.7 ms (1.0x), Avg.  10.7 ms, Total. 10.65 ms (0.0%)
[Performance] Application.Shutdown.CleanupAsyncReadManager                                                                   :        1 samples, Peak.   401 us (1.0x), Avg.   401 us, Total. 400.7 us (0.0%)
[Performance] Application.Shutdown.CleanupProgressBar                                                                        :        1 samples, Peak.   700 ns (1.0x), Avg.   700 ns, Total. 700.0 ns (0.0%)
[Performance] Application.Shutdown.CleanupMono                                                                               :        1 samples, Peak.   200 ms (1.0x), Avg.   200 ms, Total. 199.8 ms (0.1%)
[Performance] Application.Shutdown.CleanupStdConverters                                                                      :        1 samples, Peak.  6.80 us (1.0x), Avg.  6.80 us, Total. 6.800 us (0.0%)
[Performance] Application.Shutdown.UnloadAllPlatformSupportModuleNativeDlls                                                  :        1 samples, Peak.   400 ns (1.0x), Avg.   400 ns, Total. 400.0 ns (0.0%)
[Performance] Application.Shutdown.UnloadAllPlatformSupportNativeLibraries                                                   :        1 samples, Peak. 100.0 ns (1.0x), Avg. 100.0 ns, Total. 100.00 ns (0.0%)
[Performance] Application.Shutdown.CleanupAutoDocumentation                                                                  :        1 samples, Peak.   564 us (1.0x), Avg.   564 us, Total. 564.4 us (0.0%)
[Performance] Application.Shutdown.ShaderNameManagerDestroy                                                                  :        1 samples, Peak.  38.3 us (1.0x), Avg.  38.3 us, Total. 38.30 us (0.0%)
[Performance] Application.Shutdown.CleanupCacheServer                                                                        :        1 samples, Peak.   200 ns (1.0x), Avg.   200 ns, Total. 200.0 ns (0.0%)
[Performance] Application.Shutdown.Virtualization_Shutdown                                                                   :        1 samples, Peak.   300 ns (1.0x), Avg.   300 ns, Total. 300.0 ns (0.0%)
[Performance] Application.Shutdown.DevConnections                                                                            :        1 samples, Peak.   267 us (1.0x), Avg.   267 us, Total. 267.3 us (0.0%)
Thread: ID 32188, CleanupSafetyData: safetyData 101b2de0
Thread: ID 32188, CleanupSafetyData: safetyData 101b0050
Thread: ID 32188, CleanupSafetyData: safetyData 101b0320
Thread: ID 32188, CleanupSafetyData: safetyData 117875c0
Thread: ID 32188, CleanupSafetyData: safetyData 119c1bb0
Thread: ID 32188, CleanupSafetyData: safetyData 14ce30e0
Checking for leaked weakptr:
  Found no leaked weakptrs.
[Package Manager] Server process was shutdown
Memory Statistics:
[ALLOC_TEMP_TLS] TLS Allocator
  StackAllocators : 
    [ALLOC_TEMP_CurlRequest]
      Initial Block Size 64.0 KB
      Current Block Size 64.0 KB
      Peak Allocated Bytes 0 B
      Overflow Count 0
    [ALLOC_TEMP_MAIN]
      Initial Block Size 16.0 MB
      Current Block Size 125.8 MB
      Peak Allocated Bytes 57.1 MB
      Overflow Count 1
    [ALLOC_TEMP_Background Job.worker 11]
      Initial Block Size 32.0 KB
      Current Block Size 32.0 KB
      Peak Allocated Bytes 0.8 KB
      Overflow Count 0
    [ALLOC_TEMP_Loading.PreloadManager]
      Initial Block Size 32.0 MB
      Current Block Size 32.0 MB
      Peak Allocated Bytes 46 B
      Overflow Count 0
    [ALLOC_TEMP_Background Job.worker 3]
      Initial Block Size 32.0 KB
      Current Block Size 32.0 KB
      Peak Allocated Bytes 0.8 KB
      Overflow Count 0
    [ALLOC_TEMP_Background Job.worker 4]
      Initial Block Size 32.0 KB
      Current Block Size 32.0 KB
      Peak Allocated Bytes 0.8 KB
      Overflow Count 0
    [ALLOC_TEMP_Background Job.worker 7]
      Initial Block Size 32.0 KB
      Current Block Size 32.0 KB
      Peak Allocated Bytes 0.8 KB
      Overflow Count 0
    [ALLOC_TEMP_EditorTaskManager]
      Initial Block Size 64.0 KB
      Current Block Size 68.0 KB
      Peak Allocated Bytes 64.0 KB
      Overflow Count 0
    [ALLOC_TEMP_Background Job.worker 6]
      Initial Block Size 32.0 KB
      Current Block Size 32.0 KB
      Peak Allocated Bytes 0.8 KB
      Overflow Count 0
    [ALLOC_TEMP_CloudJob.worker 0]
      Initial Block Size 32.0 KB
      Current Block Size 32.0 KB
      Peak Allocated Bytes 16.3 KB
      Overflow Count 0
    [ALLOC_TEMP_AUDIO_FMOD (WASAPI) feeder thread]
      Initial Block Size 64.0 KB
      Current Block Size 64.0 KB
      Peak Allocated Bytes 58 B
      Overflow Count 0
    [ALLOC_TEMP_Profiler.Dispatcher]
      Initial Block Size 64.0 KB
      Current Block Size 64.0 KB
      Peak Allocated Bytes 0 B
      Overflow Count 0
    [ALLOC_TEMP_Background Job.worker 12]
      Initial Block Size 32.0 KB
      Current Block Size 32.0 KB
      Peak Allocated Bytes 0.8 KB
      Overflow Count 0
    [ALLOC_TEMP_Background Job.worker 2]
      Initial Block Size 32.0 KB
      Current Block Size 32.0 KB
      Peak Allocated Bytes 1.5 KB
      Overflow Count 0
    [ALLOC_TEMP_Background Job.worker 10]
      Initial Block Size 32.0 KB
      Current Block Size 32.0 KB
      Peak Allocated Bytes 0.8 KB
      Overflow Count 0
    [ALLOC_TEMP_Background Job.worker 15]
      Initial Block Size 32.0 KB
      Current Block Size 32.0 KB
      Peak Allocated Bytes 0.8 KB
      Overflow Count 0
    [ALLOC_TEMP_Job.worker 5]
      Initial Block Size 256.0 KB
      Current Block Size 1.0 MB
      Peak Allocated Bytes 1.0 MB
      Overflow Count 1
    [ALLOC_TEMP_AUDIO_FMOD mixer thread]
      Initial Block Size 64.0 KB
      Current Block Size 64.0 KB
      Peak Allocated Bytes 38 B
      Overflow Count 0
    [ALLOC_TEMP_Background Job.worker 8]
      Initial Block Size 32.0 KB
      Current Block Size 32.0 KB
      Peak Allocated Bytes 0.8 KB
      Overflow Count 0
    [ALLOC_TEMP_Background Job.worker 13]
      Initial Block Size 32.0 KB
      Current Block Size 32.0 KB
      Peak Allocated Bytes 0.8 KB
      Overflow Count 0
    [ALLOC_TEMP_BakingJobs.worker 0]
      Initial Block Size 256.0 KB
      Current Block Size 256.0 KB
      Peak Allocated Bytes 40 B
      Overflow Count 0
    [ALLOC_TEMP_AssetGarbageCollectorHelper] x 11
      Initial Block Size 64.0 KB
      Current Block Size 64.0 KB
      Peak Allocated Bytes 0 B
      Overflow Count 0
    [ALLOC_TEMP_BakingJobs.worker 4]
      Initial Block Size 256.0 KB
      Current Block Size 256.0 KB
      Peak Allocated Bytes 40 B
      Overflow Count 0
    [ALLOC_TEMP_Background Job.worker 0]
      Initial Block Size 32.0 KB
      Current Block Size 32.0 KB
      Peak Allocated Bytes 0.8 KB
      Overflow Count 0
    [ALLOC_TEMP_Job.worker 6]
      Initial Block Size 256.0 KB
      Current Block Size 1.0 MB
      Peak Allocated Bytes 1.0 MB
      Overflow Count 1
    [ALLOC_TEMP_Job.worker 8]
      Initial Block Size 256.0 KB
      Current Block Size 1.0 MB
      Peak Allocated Bytes 1.0 MB
      Overflow Count 1
    [ALLOC_TEMP_Background Job.worker 14]
      Initial Block Size 32.0 KB
      Current Block Size 32.0 KB
      Peak Allocated Bytes 0.8 KB
      Overflow Count 0
    [ALLOC_TEMP_BakingJobs.worker 1]
      Initial Block Size 256.0 KB
      Current Block Size 256.0 KB
      Peak Allocated Bytes 40 B
      Overflow Count 0
    [ALLOC_TEMP_BatchDeleteObjects]
      Initial Block Size 64.0 KB
      Current Block Size 64.0 KB
      Peak Allocated Bytes 38 B
      Overflow Count 0
    [ALLOC_TEMP_BakingJobs.worker 5]
      Initial Block Size 256.0 KB
      Current Block Size 256.0 KB
      Peak Allocated Bytes 40 B
      Overflow Count 0
    [ALLOC_TEMP_AUDIO_FMOD stream thread]
      Initial Block Size 64.0 KB
      Current Block Size 64.0 KB
      Peak Allocated Bytes 40 B
      Overflow Count 0
    [ALLOC_TEMP_CoreBusinessMetricsCache]
      Initial Block Size 64.0 KB
      Current Block Size 64.0 KB
      Peak Allocated Bytes 7.5 KB
      Overflow Count 0
    [ALLOC_TEMP_Background Job.worker 9]
      Initial Block Size 32.0 KB
      Current Block Size 32.0 KB
      Peak Allocated Bytes 0.8 KB
      Overflow Count 0
    [ALLOC_TEMP_Job.worker 0]
      Initial Block Size 256.0 KB
      Current Block Size 1.0 MB
      Peak Allocated Bytes 1.0 MB
      Overflow Count 1
    [ALLOC_TEMP_Job.worker 4]
      Initial Block Size 256.0 KB
      Current Block Size 1.0 MB
      Peak Allocated Bytes 1.0 MB
      Overflow Count 1
    [ALLOC_TEMP_Background Job.worker 1]
      Initial Block Size 32.0 KB
      Current Block Size 256.0 KB
      Peak Allocated Bytes 135.6 KB
      Overflow Count 4098
    [ALLOC_TEMP_AssetDatabase.IOService]
      Initial Block Size 64.0 KB
      Current Block Size 64.0 KB
      Peak Allocated Bytes 48 B
      Overflow Count 0
    [ALLOC_TEMP_Job.worker 1]
      Initial Block Size 256.0 KB
      Current Block Size 1.0 MB
      Peak Allocated Bytes 1.0 MB
      Overflow Count 1
    [ALLOC_TEMP_BakingJobs.worker 3]
      Initial Block Size 256.0 KB
      Current Block Size 256.0 KB
      Peak Allocated Bytes 40 B
      Overflow Count 0
    [ALLOC_TEMP_Background Job.worker 5]
      Initial Block Size 32.0 KB
      Current Block Size 32.0 KB
      Peak Allocated Bytes 0.8 KB
      Overflow Count 0
    [ALLOC_TEMP_DirMonitor]
      Initial Block Size 64.0 KB
      Current Block Size 64.0 KB
      Peak Allocated Bytes 1.7 KB
      Overflow Count 0
    [ALLOC_TEMP_Job.worker 3]
      Initial Block Size 256.0 KB
      Current Block Size 1.0 MB
      Peak Allocated Bytes 1.0 MB
      Overflow Count 0
    [ALLOC_TEMP_BakingJobs.worker 2]
      Initial Block Size 256.0 KB
      Current Block Size 256.0 KB
      Peak Allocated Bytes 40 B
      Overflow Count 0
    [ALLOC_TEMP_Job.worker 2]
      Initial Block Size 256.0 KB
      Current Block Size 1.0 MB
      Peak Allocated Bytes 1.0 MB
      Overflow Count 1
    [ALLOC_TEMP_Job.worker 10]
      Initial Block Size 256.0 KB
      Current Block Size 1.0 MB
      Peak Allocated Bytes 1.0 MB
      Overflow Count 1
    [ALLOC_TEMP_Job.worker 7]
      Initial Block Size 256.0 KB
      Current Block Size 1.0 MB
      Peak Allocated Bytes 1.0 MB
      Overflow Count 1
    [ALLOC_TEMP_Job.worker 9]
      Initial Block Size 256.0 KB
      Current Block Size 1.0 MB
      Peak Allocated Bytes 1.0 MB
      Overflow Count 1
    [ALLOC_TEMP_Loading.AsyncRead]
      Initial Block Size 64.0 KB
      Current Block Size 64.0 KB
      Peak Allocated Bytes 128 B
      Overflow Count 0
[ALLOC_MEMORYPROFILER]
  Requested Block Size 1.0 MB
  Peak Block count 7
  Peak Allocated memory 6.4 MB
  Peak Large allocation bytes 0 B
[ALLOC_DEFAULT] Dual Thread Allocator
  Peak main deferred allocation count 3813
    [ALLOC_BUCKET]
      Large Block size 32.0 MB
      Used Block count 4
      Peak Allocated bytes 59.3 MB
    [ALLOC_DEFAULT_MAIN]
      Requested Block Size 16.0 MB
      Peak Block count 21
      Peak Allocated memory 0.61 GB
      Peak Large allocation bytes 313.7 MB
    [ALLOC_DEFAULT_THREAD]
      Requested Block Size 16.0 MB
      Peak Block count 1
      Peak Allocated memory 128.0 MB
      Peak Large allocation bytes 128.0 MB
[ALLOC_TEMP_JOB_1_FRAME]
  Initial Block Size 2.0 MB
  Used Block Count 0
  Overflow Count (too large) 0
  Overflow Count (full) 0
[ALLOC_TEMP_JOB_2_FRAMES]
  Initial Block Size 2.0 MB
  Used Block Count 0
  Overflow Count (too large) 0
  Overflow Count (full) 0
[ALLOC_TEMP_JOB_4_FRAMES (JobTemp)]
  Initial Block Size 2.0 MB
  Used Block Count 1
  Overflow Count (too large) 1
  Overflow Count (full) 0
[ALLOC_TEMP_JOB_ASYNC (Background)]
  Initial Block Size 1.0 MB
  Used Block Count 1
  Overflow Count (too large) 5
  Overflow Count (full) 0
[ALLOC_GFX] Dual Thread Allocator
  Peak main deferred allocation count 474
    [ALLOC_BUCKET]
      Large Block size 32.0 MB
      Used Block count 4
      Peak Allocated bytes 59.3 MB
    [ALLOC_GFX_MAIN]
      Requested Block Size 16.0 MB
      Peak Block count 56
      Peak Allocated memory 1.47 GB
      Peak Large allocation bytes 0.63 GB
    [ALLOC_GFX_THREAD]
      Requested Block Size 16.0 MB
      Peak Block count 1
      Peak Allocated memory 201.9 KB
      Peak Large allocation bytes 0 B
[ALLOC_CACHEOBJECTS] Dual Thread Allocator
  Peak main deferred allocation count 115896
    [ALLOC_BUCKET]
      Large Block size 32.0 MB
      Used Block count 4
      Peak Allocated bytes 59.3 MB
    [ALLOC_CACHEOBJECTS_MAIN]
      Requested Block Size 4.0 MB
      Peak Block count 58
      Peak Allocated memory 0.74 GB
      Peak Large allocation bytes 0.52 GB
    [ALLOC_CACHEOBJECTS_THREAD]
      Requested Block Size 4.0 MB
      Peak Block count 1
      Peak Allocated memory 304 B
      Peak Large allocation bytes 0 B
[ALLOC_TYPETREE] Dual Thread Allocator
  Peak main deferred allocation count 3359
    [ALLOC_BUCKET]
      Large Block size 32.0 MB
      Used Block count 4
      Peak Allocated bytes 59.3 MB
    [ALLOC_TYPETREE_MAIN]
      Requested Block Size 2.0 MB
      Peak Block count 7
      Peak Allocated memory 12.3 MB
      Peak Large allocation bytes 0 B
    [ALLOC_TYPETREE_THREAD]
      Requested Block Size 2.0 MB
      Peak Block count 1
      Peak Allocated memory 1.9 KB
      Peak Large allocation bytes 0 B
[ALLOC_PROFILER]
  Requested Block Size 16.0 MB
  Peak Block count 1
  Peak Allocated memory 0.5 MB
  Peak Large allocation bytes 0 B
    [ALLOC_PROFILER_BUCKET]
      Large Block size 32.0 MB
      Used Block count 1
      Peak Allocated bytes 10.8 KB
[ALLOC_PROFILER_EDITOR]
  Requested Block Size 1.0 MB
  Peak Block count 0
  Peak Allocated memory 0 B
  Peak Large allocation bytes 0 B
    [ALLOC_PROFILER_BUCKET]
      Large Block size 32.0 MB
      Used Block count 1
      Peak Allocated bytes 10.8 KB
##utp:{"type":"MemoryLeaks","version":2,"phase":"Immediate","time":1789948119915,"processId":3956,"allocatedMemory":21935818,"memoryLabels":[{"Default":17877},{"Permanent":15300},{"NewDelete":81080},{"Thread":4230344},{"Manager":28250},{"VertexData":8},{"Geometry":816},{"Texture":160},{"Shader":77819},{"Material":24},{"GfxDevice":55384},{"Animation":328},{"Audio":4040},{"Font":3265594},{"FontEngine":224},{"Physics":369},{"Serialization":968},{"Input":14816},{"JobScheduler":33024},{"Mono":32},{"ScriptingNativeRuntime":155060},{"BaseObject":1619504},{"Resource":1304},{"Renderer":2360},{"Transform":4646},{"File":976},{"WebCam":80},{"Culling":32},{"Terrain":953},{"Wind":24},{"STL":40},{"String":24549},{"DynamicArray":125478},{"HashMap":92882},{"Utility":2662638},{"Curl":1448},{"PoolAlloc":1768},{"AI":104},{"TypeTree":4493},{"ScriptManager":512},{"RuntimeInitializeOnLoadManager":64},{"SpriteAtlas":112},{"GI":7888},{"Director":8240},{"CloudService":13904},{"WebRequest":4811},{"VR":45953},{"SceneManager":496},{"Video":64},{"LazyScriptCache":32},{"NativeArray":8},{"Camera":17},{"Secure":1},{"Image":4096},{"SerializationCache":1576},{"APIUpdating":10320},{"Subsystems":336},{"VirtualTexturing":57888},{"StaticSafetyDebugInfo":278528},{"Analytics":544},{"Hierarchy":16},{"Gui":80},{"EditorUtility":67154},{"VersionControl":4},{"Undo":624},{"AssetDatabase":8852491},{"EditorGi":328},{"UnityConnect":24848},{"Collab":545},{"Upm":1728},{"DrivenProperties":72},{"LocalIPC":262},{"ProfilerEditor":9738},{"CoreBusinessMetrics":14022},{"Licensing":3656},{"AssetReference":32},{"IPCStream":32}]}
~StackAllocator(ALLOC_TEMP_MAIN) m_LastAlloc not NULL. Did you forget to call FreeAllStackAllocations()? To get more information, run app with -diag-temp-memory-leak-validation cmd line argument
