[Licensing::Module] Trying to connect to existing licensing client channel...
[Licensing::IpcConnector] Connection attempt to the License Client on channel: "LicenseClient-Carlos" failed because channel doesn't exist; code: "0x80000002"
[Licensing::Module] Successfully launched the LicensingClient (PId: 13320)
Starting IPC server.
[Licensing::IpcConnector] Successfully connected to the License Client on channel: "LicenseClient-Carlos" at "2026-09-22T22:45:29.3560979Z"
Waiting for clients to connect on \\.\pipe\Unity-LicenseClient-Carlos, press Ctrl-C to exit.
[Licensing::Client] Error: Code 10 while verifying Licensing Client signature (process Id: 13320, path: "C:/Program Files/Unity/Hub/Editor/2023.2.22f1/Editor/Data/Resources/Licensing/Client/Unity.Licensing.Client.exe")
[Licensing::Module] Error: LicensingClient has failed validation; ignoring
[Licensing::Client] Handshaking with LicensingClient:
  Version:                 1.15.4+eee609c
  Session Id:              fd3b277ccbc2447791749b693aab048a
  Correlation Id:          f8d4341b3a49fbbfd6ffe02a38261e35
  External correlation Id: 3395368740642393602
  Machine Id:              RfN/ey+TYhuRLvM7+KFKGBNBcgg=
[Licensing::Module] Successfully connected to LicensingClient on channel: "LicenseClient-Carlos" (connect: 0.79s, validation: 0.08s, handshake: 0.07s)
[Licensing::IpcConnector] Successfully connected to the License Notification on channel: "LicenseClient-Carlos-notifications" at "2026-09-22T22:45:29.5086805Z"
[Licensing::Module] Connected to LicensingClient (PId: 13320, launch time: 0.01, total connection time: 0.94s)
[Licensing::Module] Error: Access token is unavailable; failed to update
[Licensing::Client] Error: Code 500 while processing request (status: Unable to update licenses. Errors: No ULF license found.,Token not found in cache)
[Licensing::Client] Error: Code 500 while updating license in client (status: Unable to update licenses. Errors: No ULF license found.,Token not found in cache)
Built from '2023.2/release' branch; Version is '2023.2.22f1 (6b19bf4f8115) revision 7018943'; Using compiler version '193431935'; Build Type 'Release'
OS: 'Windows 11  (10.0.26200) 64bit CoreSingleLanguage' Language: 'es' Physical Memory: 7561 MB
[Licensing::Client] Successfully resolved entitlements
[Licensing::Module] Serial number assigned to: "4674147786112-UnityPersXXXX"
BatchMode: 1, IsHumanControllingUs: 0, StartBugReporterOnCrash: 0, Is64bit: 1, IsPro: 0

COMMAND LINE ARGUMENTS:
C:\Program Files\Unity\Hub\Editor\2023.2.22f1\Editor\Unity.exe
-batchmode
-quit
-nographics
-projectPath
C:\MoSim_MX_ModProject
-buildTarget
linux64
-executeMethod
Editor.AddressablesModExporter.BuildFromCommandLine
-groups
MxModpackW2
-logFile
C:\MoSim_MX_ModProject\Tools\build-logs\build-linux64.log
-versions
v2.1.0
Successfully changed project path to: C:\MoSim_MX_ModProject
C:/MoSim_MX_ModProject
[UnityMemory] Configuration Parameters - Can be set up in boot.config
    "memorysetup-bucket-allocator-granularity=16"
    "memorysetup-bucket-allocator-bucket-count=8"
    "memorysetup-bucket-allocator-block-size=33554432"
    "memorysetup-bucket-allocator-block-count=8"
    "memorysetup-main-allocator-block-size=16777216"
    "memorysetup-thread-allocator-block-size=16777216"
    "memorysetup-gfx-main-allocator-block-size=16777216"
    "memorysetup-gfx-thread-allocator-block-size=16777216"
    "memorysetup-cache-allocator-block-size=4194304"
    "memorysetup-typetree-allocator-block-size=2097152"
    "memorysetup-profiler-bucket-allocator-granularity=16"
    "memorysetup-profiler-bucket-allocator-bucket-count=8"
    "memorysetup-profiler-bucket-allocator-block-size=33554432"
    "memorysetup-profiler-bucket-allocator-block-count=8"
    "memorysetup-profiler-allocator-block-size=16777216"
    "memorysetup-profiler-editor-allocator-block-size=1048576"
    "memorysetup-temp-allocator-size-main=16777216"
    "memorysetup-job-temp-allocator-block-size=2097152"
    "memorysetup-job-temp-allocator-block-size-background=1048576"
    "memorysetup-job-temp-allocator-reduction-small-platforms=262144"
    "memorysetup-allocator-temp-initial-block-size-main=262144"
    "memorysetup-allocator-temp-initial-block-size-worker=262144"
    "memorysetup-temp-allocator-size-background-worker=32768"
    "memorysetup-temp-allocator-size-job-worker=262144"
    "memorysetup-temp-allocator-size-preload-manager=33554432"
    "memorysetup-temp-allocator-size-nav-mesh-worker=65536"
    "memorysetup-temp-allocator-size-audio-worker=65536"
    "memorysetup-temp-allocator-size-cloud-worker=32768"
    "memorysetup-temp-allocator-size-gi-baking-worker=262144"
    "memorysetup-temp-allocator-size-gi-baking-worker=262144"
    "memorysetup-temp-allocator-size-gi-baking-worker=262144"
    "memorysetup-temp-allocator-size-gi-baking-worker=262144"
    "memorysetup-temp-allocator-size-gfx=262144"
Player connection [15276] Host "[IP] 10.73.180.60 [Port] 55504 [Flags] 2 [Guid] 3846067336 [EditorId] 3846067336 [Version] 1048832 [Id] WindowsEditor(7,LAPTOP-0PFUHS9G) [Debug] 1 [PackageName] WindowsEditor [ProjectName] Editor" joined multi-casting on [225.0.0.222:54997]...
Player connection [15276] Host "[IP] 10.73.180.60 [Port] 55504 [Flags] 2 [Guid] 3846067336 [EditorId] 3846067336 [Version] 1048832 [Id] WindowsEditor(7,LAPTOP-0PFUHS9G) [Debug] 1 [PackageName] WindowsEditor [ProjectName] Editor" joined alternative multi-casting on [225.0.0.222:34997]...
[Physics::Module] Initialized MultithreadedJobDispatcher with 11 workers.
[Package Manager] Connected to IPC stream "Upm-3320" after 0.5 seconds.
Library Redirect Path: Library/
[Licensing::Client] Successfully resolved entitlements
[Package Manager] Restoring resolved packages state from cache
[Licensing::Client] Successfully resolved entitlement details
[Package Manager] Registered 66 packages:
  Packages from [https://packages.unity.com]:
    com.unity.addressables@2.7.6 (location: C:\MoSim_MX_ModProject\Library\PackageCache\com.unity.addressables@2.7.6)
    com.unity.ai.navigation@2.0.0 (location: C:\MoSim_MX_ModProject\Library\PackageCache\com.unity.ai.navigation@2.0.0)
    com.unity.cinemachine@3.0.1 (location: C:\MoSim_MX_ModProject\Library\PackageCache\com.unity.cinemachine@3.0.1)
    com.unity.collab-proxy@2.3.1 (location: C:\MoSim_MX_ModProject\Library\PackageCache\com.unity.collab-proxy@2.3.1)
    com.unity.ide.rider@3.0.38 (location: C:\MoSim_MX_ModProject\Library\PackageCache\com.unity.ide.rider@3.0.38)
    com.unity.ide.visualstudio@2.0.23 (location: C:\MoSim_MX_ModProject\Library\PackageCache\com.unity.ide.visualstudio@2.0.23)
    com.unity.inputsystem@1.7.0 (location: C:\MoSim_MX_ModProject\Library\PackageCache\com.unity.inputsystem@1.7.0)
    com.unity.recorder@5.0.0 (location: C:\MoSim_MX_ModProject\Library\PackageCache\com.unity.recorder@5.0.0)
    com.unity.timeline@1.8.8 (location: C:\MoSim_MX_ModProject\Library\PackageCache\com.unity.timeline@1.8.8)
    com.unity.toolchain.linux-x86_64@2.0.10 (location: C:\MoSim_MX_ModProject\Library\PackageCache\com.unity.toolchain.linux-x86_64@2.0.10)
    com.unity.toolchain.win-x86_64-linux-x86_64@2.0.11 (location: C:\MoSim_MX_ModProject\Library\PackageCache\com.unity.toolchain.win-x86_64-linux-x86_64@2.0.11)
    com.unity.visualscripting@1.8.0 (location: C:\MoSim_MX_ModProject\Library\PackageCache\com.unity.visualscripting@1.8.0)
    com.unity.sysroot@2.0.10 (location: C:\MoSim_MX_ModProject\Library\PackageCache\com.unity.sysroot@2.0.10)
    com.unity.sysroot.linux-x86_64@2.0.9 (location: C:\MoSim_MX_ModProject\Library\PackageCache\com.unity.sysroot.linux-x86_64@2.0.9)
    com.unity.ext.nunit@2.0.5 (location: C:\MoSim_MX_ModProject\Library\PackageCache\com.unity.ext.nunit@2.0.5)
    com.unity.mathematics@1.2.6 (location: C:\MoSim_MX_ModProject\Library\PackageCache\com.unity.mathematics@1.2.6)
    com.unity.burst@1.8.13 (location: C:\MoSim_MX_ModProject\Library\PackageCache\com.unity.burst@1.8.13)
    com.unity.splines@2.5.2 (location: C:\MoSim_MX_ModProject\Library\PackageCache\com.unity.splines@2.5.2)
    com.unity.profiling.core@1.0.2 (location: C:\MoSim_MX_ModProject\Library\PackageCache\com.unity.profiling.core@1.0.2)
    com.unity.test-framework@1.4.5 (location: C:\MoSim_MX_ModProject\Library\PackageCache\com.unity.test-framework@1.4.5)
    com.unity.scriptablebuildpipeline@2.5.0 (location: C:\MoSim_MX_ModProject\Library\PackageCache\com.unity.scriptablebuildpipeline@2.5.0)
    com.unity.searcher@4.9.2 (location: C:\MoSim_MX_ModProject\Library\PackageCache\com.unity.searcher@4.9.2)
    com.unity.settings-manager@2.0.1 (location: C:\MoSim_MX_ModProject\Library\PackageCache\com.unity.settings-manager@2.0.1)
    com.unity.collections@1.4.0 (location: C:\MoSim_MX_ModProject\Library\PackageCache\com.unity.collections@1.4.0)
    com.unity.nuget.mono-cecil@1.11.4 (location: C:\MoSim_MX_ModProject\Library\PackageCache\com.unity.nuget.mono-cecil@1.11.4)
  Built-in packages:
    com.unity.2d.sprite@1.0.0 (location: C:\MoSim_MX_ModProject\Library\PackageCache\com.unity.2d.sprite@1.0.0)
    com.unity.render-pipelines.universal@16.0.6 (location: C:\MoSim_MX_ModProject\Library\PackageCache\com.unity.render-pipelines.universal@16.0.6)
    com.unity.ugui@2.0.0 (location: C:\MoSim_MX_ModProject\Library\PackageCache\com.unity.ugui@2.0.0)
    com.unity.modules.accessibility@1.0.0 (location: C:\MoSim_MX_ModProject\Library\PackageCache\com.unity.modules.accessibility@1.0.0)
    com.unity.modules.ai@1.0.0 (location: C:\MoSim_MX_ModProject\Library\PackageCache\com.unity.modules.ai@1.0.0)
    com.unity.modules.androidjni@1.0.0 (location: C:\MoSim_MX_ModProject\Library\PackageCache\com.unity.modules.androidjni@1.0.0)
    com.unity.modules.animation@1.0.0 (location: C:\MoSim_MX_ModProject\Library\PackageCache\com.unity.modules.animation@1.0.0)
    com.unity.modules.assetbundle@1.0.0 (location: C:\MoSim_MX_ModProject\Library\PackageCache\com.unity.modules.assetbundle@1.0.0)
    com.unity.modules.audio@1.0.0 (location: C:\MoSim_MX_ModProject\Library\PackageCache\com.unity.modules.audio@1.0.0)
    com.unity.modules.cloth@1.0.0 (location: C:\MoSim_MX_ModProject\Library\PackageCache\com.unity.modules.cloth@1.0.0)
    com.unity.modules.director@1.0.0 (location: C:\MoSim_MX_ModProject\Library\PackageCache\com.unity.modules.director@1.0.0)
    com.unity.modules.imageconversion@1.0.0 (location: C:\MoSim_MX_ModProject\Library\PackageCache\com.unity.modules.imageconversion@1.0.0)
    com.unity.modules.imgui@1.0.0 (location: C:\MoSim_MX_ModProject\Library\PackageCache\com.unity.modules.imgui@1.0.0)
    com.unity.modules.jsonserialize@1.0.0 (location: C:\MoSim_MX_ModProject\Library\PackageCache\com.unity.modules.jsonserialize@1.0.0)
    com.unity.modules.particlesystem@1.0.0 (location: C:\MoSim_MX_ModProject\Library\PackageCache\com.unity.modules.particlesystem@1.0.0)
    com.unity.modules.physics@1.0.0 (location: C:\MoSim_MX_ModProject\Library\PackageCache\com.unity.modules.physics@1.0.0)
    com.unity.modules.physics2d@1.0.0 (location: C:\MoSim_MX_ModProject\Library\PackageCache\com.unity.modules.physics2d@1.0.0)
    com.unity.modules.screencapture@1.0.0 (location: C:\MoSim_MX_ModProject\Library\PackageCache\com.unity.modules.screencapture@1.0.0)
    com.unity.modules.terrain@1.0.0 (location: C:\MoSim_MX_ModProject\Library\PackageCache\com.unity.modules.terrain@1.0.0)
    com.unity.modules.terrainphysics@1.0.0 (location: C:\MoSim_MX_ModProject\Library\PackageCache\com.unity.modules.terrainphysics@1.0.0)
    com.unity.modules.tilemap@1.0.0 (location: C:\MoSim_MX_ModProject\Library\PackageCache\com.unity.modules.tilemap@1.0.0)
    com.unity.modules.ui@1.0.0 (location: C:\MoSim_MX_ModProject\Library\PackageCache\com.unity.modules.ui@1.0.0)
    com.unity.modules.uielements@1.0.0 (location: C:\MoSim_MX_ModProject\Library\PackageCache\com.unity.modules.uielements@1.0.0)
    com.unity.modules.umbra@1.0.0 (location: C:\MoSim_MX_ModProject\Library\PackageCache\com.unity.modules.umbra@1.0.0)
    com.unity.modules.unityanalytics@1.0.0 (location: C:\MoSim_MX_ModProject\Library\PackageCache\com.unity.modules.unityanalytics@1.0.0)
    com.unity.modules.unitywebrequest@1.0.0 (location: C:\MoSim_MX_ModProject\Library\PackageCache\com.unity.modules.unitywebrequest@1.0.0)
    com.unity.modules.unitywebrequestassetbundle@1.0.0 (location: C:\MoSim_MX_ModProject\Library\PackageCache\com.unity.modules.unitywebrequestassetbundle@1.0.0)
    com.unity.modules.unitywebrequestaudio@1.0.0 (location: C:\MoSim_MX_ModProject\Library\PackageCache\com.unity.modules.unitywebrequestaudio@1.0.0)
    com.unity.modules.unitywebrequesttexture@1.0.0 (location: C:\MoSim_MX_ModProject\Library\PackageCache\com.unity.modules.unitywebrequesttexture@1.0.0)
    com.unity.modules.unitywebrequestwww@1.0.0 (location: C:\MoSim_MX_ModProject\Library\PackageCache\com.unity.modules.unitywebrequestwww@1.0.0)
    com.unity.modules.vehicles@1.0.0 (location: C:\MoSim_MX_ModProject\Library\PackageCache\com.unity.modules.vehicles@1.0.0)
    com.unity.modules.video@1.0.0 (location: C:\MoSim_MX_ModProject\Library\PackageCache\com.unity.modules.video@1.0.0)
    com.unity.modules.vr@1.0.0 (location: C:\MoSim_MX_ModProject\Library\PackageCache\com.unity.modules.vr@1.0.0)
    com.unity.modules.wind@1.0.0 (location: C:\MoSim_MX_ModProject\Library\PackageCache\com.unity.modules.wind@1.0.0)
    com.unity.modules.xr@1.0.0 (location: C:\MoSim_MX_ModProject\Library\PackageCache\com.unity.modules.xr@1.0.0)
    com.unity.modules.subsystems@1.0.0 (location: C:\MoSim_MX_ModProject\Library\PackageCache\com.unity.modules.subsystems@1.0.0)
    com.unity.modules.hierarchycore@1.0.0 (location: C:\MoSim_MX_ModProject\Library\PackageCache\com.unity.modules.hierarchycore@1.0.0)
    com.unity.render-pipelines.core@16.0.6 (location: C:\MoSim_MX_ModProject\Library\PackageCache\com.unity.render-pipelines.core@16.0.6)
    com.unity.shadergraph@16.0.6 (location: C:\MoSim_MX_ModProject\Library\PackageCache\com.unity.shadergraph@16.0.6)
    com.unity.rendering.light-transport@1.0.2 (location: C:\MoSim_MX_ModProject\Library\PackageCache\com.unity.rendering.light-transport@1.0.2)
  Git packages:
    com.nobi.roundedcorners@https://github.com/kirevdokimov/Unity-UI-Rounded-Corners.git (location: C:\MoSim_MX_ModProject\Library\PackageCache\com.nobi.roundedcorners@33135342e8)
[Subsystems] No new subsystems found in resolved package list.
Package Manager log level set to [2]
[Package Manager] Done registering packages in 0.19 seconds
Targeting platform: linux64
Refreshing native plugins compatible for Editor in 9.79 ms, found 6 plugins.
Preloading 0 native plugins for Editor in 0.00 ms.
Initialize engine version: 2023.2.22f1 (6b19bf4f8115)
[Subsystems] Discovering subsystems at path C:/Program Files/Unity/Hub/Editor/2023.2.22f1/Editor/Data/Resources/UnitySubsystems
[Subsystems] Discovering subsystems at path C:/MoSim_MX_ModProject/Assets
Forcing GfxDevice: Null
GfxDevice: creating device client; kGfxThreadingModeNonThreaded
NullGfxDevice:
    Version:  NULL 1.0 [1.0]
    Renderer: Null Device
    Vendor:   Unity Technologies
Shader Hidden/ProbeVolume/VoxelizeScene is not supported: GPU does not support conservative rasterization
[Licensing::Client] Successfully resolved entitlements
Initialize mono
Mono path[0] = 'C:/Program Files/Unity/Hub/Editor/2023.2.22f1/Editor/Data/Managed'
Mono path[1] = 'C:/Program Files/Unity/Hub/Editor/2023.2.22f1/Editor/Data/MonoBleedingEdge/lib/mono/unityjit-win32'
Mono config path = 'C:/Program Files/Unity/Hub/Editor/2023.2.22f1/Editor/Data/MonoBleedingEdge/etc'
Using monoOptions --debugger-agent=transport=dt_socket,embedding=1,server=y,suspend=n,address=127.0.0.1:56320
Using cacheserver namespaces - metadata:defaultmetadata, artifacts:defaultartifacts
Using cacheserver namespaces - metadata:defaultmetadata, artifacts:defaultartifacts
ImportWorker Server TCP listen port: 0
AcceleratorClientConnectionCallback - disconnected - :0
Begin MonoManager ReloadAssembly
Registering precompiled unity dll's ...
Register platform support module: C:/Program Files/Unity/Hub/Editor/2023.2.22f1/Editor/Data/PlaybackEngines/MacStandaloneSupport/UnityEditor.OSXStandalone.Extensions.dll
Register platform support module: C:/Program Files/Unity/Hub/Editor/2023.2.22f1/Editor/Data/PlaybackEngines/WindowsStandaloneSupport/UnityEditor.WindowsStandalone.Extensions.dll
[Licensing::Client] Successfully resolved entitlements
Register platform support module: C:/Program Files/Unity/Hub/Editor/2023.2.22f1/Editor/Data/PlaybackEngines/MetroSupport/UnityEditor.UWP.Extensions.dll
Register platform support module: C:/Program Files/Unity/Hub/Editor/2023.2.22f1/Editor/Data/PlaybackEngines/LinuxStandaloneSupport/UnityEditor.LinuxStandalone.Extensions.dll
Registered in 0.023747 seconds.
- Loaded All Assemblies, in  0.594 seconds
Native extension for LinuxStandalone target not found
Native extension for UWP target not found
Native extension for WindowsStandalone target not found
Native extension for OSXStandalone target not found
Mono: successfully reloaded assembly
- Finished resetting the current domain, in  0.648 seconds
Domain Reload Profiling: 1240ms
	BeginReloadAssembly (226ms)
		ExecutionOrderSort (0ms)
		DisableScriptedObjects (0ms)
		BackupInstance (0ms)
		ReleaseScriptingObjects (0ms)
		CreateAndSetChildDomain (1ms)
	RebuildCommonClasses (56ms)
	RebuildNativeTypeToScriptingClass (14ms)
	initialDomainReloadingComplete (95ms)
	LoadAllAssembliesAndSetupDomain (199ms)
		LoadAssemblies (223ms)
		RebuildTransferFunctionScriptingTraits (0ms)
		AnalyzeDomain (194ms)
			TypeCache.Refresh (193ms)
				TypeCache.ScanAssembly (176ms)
			BuildScriptInfoCaches (0ms)
			ResolveRequiredComponents (1ms)
	FinalizeReload (649ms)
		ReleaseScriptCaches (0ms)
		RebuildScriptCaches (0ms)
		SetupLoadedEditorAssemblies (341ms)
			LogAssemblyErrors (0ms)
			InitializePlatformSupportModulesInManaged (53ms)
			SetLoadedEditorAssemblies (5ms)
			BeforeProcessingInitializeOnLoad (8ms)
			ProcessInitializeOnLoadAttributes (218ms)
			ProcessInitializeOnLoadMethodAttributes (56ms)
			AfterProcessingInitializeOnLoad (0ms)
			EditorAssembliesLoaded (0ms)
		ExecutionOrderSort2 (0ms)
		AwakeInstancesAfterBackupRestoration (0ms)
[Licensing::Client] Successfully resolved entitlements
Application.AssetDatabase Initial Refresh Start
Assembly reference Packages/com.unity.cinemachine/Editor/Samples/ExposeHDRPInternals/HDRP-Editor-ref.asmref has no target assembly definition
Assembly reference Packages/com.unity.cinemachine/Editor/Samples/ExposeHDRPInternals/HDRP-Editor-ref.asmref has no target assembly definition
[ScriptCompilation] Requested script compilation because: InitialRefresh: Force Refresh Recompile flag enabled
info: Microsoft.Hosting.Lifetime[14]
      Now listening on: http://localhost:80
info: Microsoft.Hosting.Lifetime[0]
      Application started. Press Ctrl+C to shut down.
info: Microsoft.Hosting.Lifetime[0]
      Hosting environment: Production
info: Microsoft.Hosting.Lifetime[0]
      Content root path: C:\MoSim_MX_ModProject\
info: Microsoft.AspNetCore.Hosting.Diagnostics[1]
      Request starting HTTP/2 POST http://ilpp/UnityILPP.PostProcessing/Ping application/grpc -
info: Microsoft.AspNetCore.Routing.EndpointMiddleware[0]
      Executing endpoint 'gRPC - /UnityILPP.PostProcessing/Ping'
info: Microsoft.AspNetCore.Routing.EndpointMiddleware[1]
      Executed endpoint 'gRPC - /UnityILPP.PostProcessing/Ping'
info: Microsoft.AspNetCore.Hosting.Diagnostics[2]
      Request finished HTTP/2 POST http://ilpp/UnityILPP.PostProcessing/Ping application/grpc - - 200 - application/grpc 41.7149ms
Starting: C:\Program Files\Unity\Hub\Editor\2023.2.22f1\Editor\Data\bee_backend.exe --dont-print-to-structured-log --ipc --defer-dag-verification --dagfile="Library/Bee/2400b0aE.dag" --continue-on-failure --profile="Library/Bee/backend1.traceevents" ScriptAssemblies
WorkingDir: C:/MoSim_MX_ModProject
DisplayProgressbar: Compiling Scripts
info: Microsoft.AspNetCore.Hosting.Diagnostics[1]
      Request starting HTTP/2 POST http://ilpp/UnityILPP.PostProcessing/ConfigurePostProcessors application/grpc -
info: Microsoft.AspNetCore.Routing.EndpointMiddleware[0]
      Executing endpoint 'gRPC - /UnityILPP.PostProcessing/ConfigurePostProcessors'
warn: Unity.ILPP.Runner.PostProcessingAssemblyLoadContext[0]
      Assembly system.runtime.interopservices.windowsruntime has duplicate hint path. Ignoring "C:\Program Files\Unity\Hub\Editor\2023.2.22f1\Editor\Data\UnityReferenceAssemblies\unity-4.8-api\Facades\System.Runtime.InteropServices.WindowsRuntime.dll" in favor of "C:\Program Files\Unity\Hub\Editor\2023.2.22f1\Editor\Data\NetStandard\Extensions\2.0.0\System.Runtime.InteropServices.WindowsRuntime.dll"
warn: Unity.ILPP.Runner.PostProcessingAssemblyLoadContext[0]
      Assembly system.componentmodel.composition has duplicate hint path. Ignoring "C:\Program Files\Unity\Hub\Editor\2023.2.22f1\Editor\Data\UnityReferenceAssemblies\unity-4.8-api\System.ComponentModel.Composition.dll" in favor of "C:\Program Files\Unity\Hub\Editor\2023.2.22f1\Editor\Data\NetStandard\compat\2.1.0\shims\netfx\System.ComponentModel.Composition.dll"
info: Unity.ILPP.Runner.PostProcessingAssemblyLoadContext[0]
      Resolved Unity.Burst.Cecil, Version=0.11.4.0, Culture=neutral, PublicKeyToken=50cebf1cceb9d05e with Library\PackageCache\com.unity.burst@1.8.13\Unity.Burst.CodeGen\Unity.Burst.Cecil.dll
info: Unity.ILPP.Runner.PostProcessingAssemblyLoadContext[0]
      Resolved Mono.Cecil, Version=0.11.4.0, Culture=neutral, PublicKeyToken=50cebf1cceb9d05e with Library\PackageCache\com.unity.nuget.mono-cecil@1.11.4\Mono.Cecil.dll
info: Microsoft.AspNetCore.Routing.EndpointMiddleware[1]
      Executed endpoint 'gRPC - /UnityILPP.PostProcessing/ConfigurePostProcessors'
info: Microsoft.AspNetCore.Hosting.Diagnostics[2]
      Request finished HTTP/2 POST http://ilpp/UnityILPP.PostProcessing/ConfigurePostProcessors application/grpc - - 200 - application/grpc 118.5314ms
info: Microsoft.AspNetCore.Hosting.Diagnostics[1]
      Request starting HTTP/2 POST http://ilpp/UnityILPP.PostProcessing/PostProcessAssembly application/grpc -
info: Microsoft.AspNetCore.Hosting.Diagnostics[1]
      Request starting HTTP/2 POST http://ilpp/UnityILPP.PostProcessing/PostProcessAssembly application/grpc -
info: Microsoft.AspNetCore.Routing.EndpointMiddleware[0]
      Executing endpoint 'gRPC - /UnityILPP.PostProcessing/PostProcessAssembly'
info: Microsoft.AspNetCore.Routing.EndpointMiddleware[0]
      Executing endpoint 'gRPC - /UnityILPP.PostProcessing/PostProcessAssembly'
info: Unity.ILPP.Runner.PostProcessingPipeline[0]
      Processing assembly Library/Bee/artifacts/2400b0aE.dag/Assembly-CSharp-Editor.dll, with 118 defines and 341 references
info: Unity.ILPP.Runner.PostProcessingPipeline[0]
      Processing assembly Library/Bee/artifacts/2400b0aE.dag/OvertureRMX.dll, with 120 defines and 256 references
info: Unity.ILPP.Runner.PostProcessingPipeline[0]
      processors: Unity.Jobs.CodeGen.JobsILPostProcessor, zzzUnity.Burst.CodeGen.BurstILPostProcessor
info: Unity.ILPP.Runner.PostProcessingPipeline[0]
      processors: Unity.Jobs.CodeGen.JobsILPostProcessor, zzzUnity.Burst.CodeGen.BurstILPostProcessor
info: Microsoft.AspNetCore.Hosting.Diagnostics[1]
      Request starting HTTP/2 POST http://ilpp/UnityILPP.PostProcessing/PostProcessAssembly application/grpc -
info: Microsoft.AspNetCore.Routing.EndpointMiddleware[0]
      Executing endpoint 'gRPC - /UnityILPP.PostProcessing/PostProcessAssembly'
info: Unity.ILPP.Runner.PostProcessingPipeline[0]
      Processing assembly Library/Bee/artifacts/2400b0aE.dag/Assembly-CSharp.dll, with 120 defines and 320 references
info: Unity.ILPP.Runner.PostProcessingPipeline[0]
      processors: Unity.Jobs.CodeGen.JobsILPostProcessor, zzzUnity.Burst.CodeGen.BurstILPostProcessor
info: Unity.ILPP.Runner.PostProcessingPipeline[0]
      running Unity.Jobs.CodeGen.JobsILPostProcessor
info: Unity.ILPP.Runner.PostProcessingPipeline[0]
      running Unity.Jobs.CodeGen.JobsILPostProcessor
info: Unity.ILPP.Runner.PostProcessingPipeline[0]
      running Unity.Jobs.CodeGen.JobsILPostProcessor
info: Unity.ILPP.Runner.PostProcessingAssemblyLoadContext[0]
      Resolved Unity.Collections, Version=0.0.0.0, Culture=neutral, PublicKeyToken=null with Library\Bee\artifacts\2400b0aE.dag\Unity.Collections.dll
info: Unity.ILPP.Runner.PostProcessingAssemblyLoadContext[0]
      Resolved UnityEditor.CoreModule, Version=0.0.0.0, Culture=neutral, PublicKeyToken=null with C:\Program Files\Unity\Hub\Editor\2023.2.22f1\Editor\Data\Managed\UnityEngine\UnityEditor.CoreModule.dll
info: Unity.ILPP.Runner.PostProcessingAssemblyLoadContext[0]
      Resolved UnityEngine.CoreModule, Version=0.0.0.0, Culture=neutral, PublicKeyToken=null with C:\Program Files\Unity\Hub\Editor\2023.2.22f1\Editor\Data\Managed\UnityEngine\UnityEngine.CoreModule.dll
info: Unity.ILPP.Runner.PostProcessingPipeline[0]
      running zzzUnity.Burst.CodeGen.BurstILPostProcessor
info: Unity.ILPP.Runner.PostProcessingPipeline[0]
      running zzzUnity.Burst.CodeGen.BurstILPostProcessor
info: Microsoft.AspNetCore.Routing.EndpointMiddleware[1]
      Executed endpoint 'gRPC - /UnityILPP.PostProcessing/PostProcessAssembly'
info: Microsoft.AspNetCore.Hosting.Diagnostics[2]
      Request finished HTTP/2 POST http://ilpp/UnityILPP.PostProcessing/PostProcessAssembly application/grpc - - 200 - application/grpc 1853.0741ms
info: Unity.ILPP.Runner.PostProcessingPipeline[0]
      running zzzUnity.Burst.CodeGen.BurstILPostProcessor
info: Unity.ILPP.Runner.PostProcessingAssemblyLoadContext[0]
      Resolved Unity.Burst.Cecil.Rocks, Version=0.11.4.0, Culture=neutral, PublicKeyToken=50cebf1cceb9d05e with Library\PackageCache\com.unity.burst@1.8.13\Unity.Burst.CodeGen\Unity.Burst.Cecil.Rocks.dll
info: Microsoft.AspNetCore.Routing.EndpointMiddleware[1]
      Executed endpoint 'gRPC - /UnityILPP.PostProcessing/PostProcessAssembly'
info: Microsoft.AspNetCore.Routing.EndpointMiddleware[1]
      Executed endpoint 'gRPC - /UnityILPP.PostProcessing/PostProcessAssembly'
info: Microsoft.AspNetCore.Hosting.Diagnostics[2]
      Request finished HTTP/2 POST http://ilpp/UnityILPP.PostProcessing/PostProcessAssembly application/grpc - - 200 - application/grpc 2029.3940ms
info: Microsoft.AspNetCore.Hosting.Diagnostics[2]
      Request finished HTTP/2 POST http://ilpp/UnityILPP.PostProcessing/PostProcessAssembly application/grpc - - 200 - application/grpc 2042.3108ms
ExitCode: 0 Duration: 5s143ms
[ 315/1157  0s] WriteResponseFile Library/Bee/artifacts/rsp/4747638433968585886.rsp
[ 618/1157  0s] CopyFiles Library/ScriptAssemblies/UnityEngine.TestRunner.pdb
[ 619/1157  0s] CopyFiles Library/ScriptAssemblies/UnityEngine.TestRunner.dll
[ 623/1157  0s] CopyFiles Library/ScriptAssemblies/UnityEditor.TestRunner.pdb
[ 852/1157  0s] CopyFiles Library/ScriptAssemblies/Unity.Rider.Editor.pdb
[ 854/1157  0s] CopyFiles Library/ScriptAssemblies/Unity.VisualStudio.Editor.pdb
[ 858/1157  0s] CopyFiles Library/ScriptAssemblies/Unity.Collections.CodeGen.pdb
[ 868/1157  0s] CopyFiles Library/ScriptAssemblies/Unity.Burst.CodeGen.pdb
[ 869/1157  0s] CopyFiles Library/ScriptAssemblies/Unity.Collections.CodeGen.dll
[ 876/1157  0s] CopyFiles Library/ScriptAssemblies/Unity.Rider.Editor.dll
[ 877/1157  0s] CopyFiles Library/ScriptAssemblies/Unity.Burst.CodeGen.dll
[ 878/1157  0s] CopyFiles Library/ScriptAssemblies/Unity.VisualStudio.Editor.dll
[ 879/1157  0s] CopyFiles Library/ScriptAssemblies/UnityEditor.TestRunner.dll
[ 880/1157  0s] ILPP-Configuration Library/ilpp-configuration.nevergeneratedoutput
[ 969/1157  0s] CopyFiles Library/ScriptAssemblies/GameSystems.dll
[ 970/1157  0s] CopyFiles Library/ScriptAssemblies/Tecdroid.dll
[ 971/1157  0s] CopyFiles Library/ScriptAssemblies/Unity.Recorder.dll
[ 972/1157  0s] CopyFiles Library/ScriptAssemblies/RobotFramework.dll
[ 973/1157  0s] CopyFiles Library/ScriptAssemblies/Reefscape.dll
[ 974/1157  0s] CopyFiles Library/ScriptAssemblies/Unity.RenderPipelines.ShaderGraph.ShaderGraphLibrary.dll
[ 975/1157  0s] CopyFiles Library/ScriptAssemblies/Unity.TextMeshPro.dll
[ 976/1157  0s] CopyFiles Library/ScriptAssemblies/BotbustersGreen.dll
[ 977/1157  0s] CopyFiles Library/ScriptAssemblies/Nobi.UiRoundedCorners.dll
[ 978/1157  0s] CopyFiles Library/ScriptAssemblies/Unity.Burst.dll
[ 979/1157  0s] CopyFiles Library/ScriptAssemblies/Unity.Collections.dll
[ 980/1157  0s] CopyFiles Library/ScriptAssemblies/Lynk.dll
[ 981/1157  0s] CopyFiles Library/ScriptAssemblies/ChillOut.dll
[ 982/1157  0s] CopyFiles Library/ScriptAssemblies/Unity.Rendering.LightTransport.Runtime.dll
[ 983/1157  0s] CopyFiles Library/ScriptAssemblies/BREAD.dll
[ 984/1157  0s] CopyFiles Library/ScriptAssemblies/Unity.Recorder.Base.dll
[ 985/1157  0s] CopyFiles Library/ScriptAssemblies/MoSimLib.dll
[ 986/1157  0s] CopyFiles Library/ScriptAssemblies/Unity.ResourceManager.dll
[ 987/1157  0s] CopyFiles Library/ScriptAssemblies/Unity.VisualScripting.State.dll
[ 988/1157  0s] CopyFiles Library/ScriptAssemblies/MoSimCore.dll
[ 989/1157  0s] CopyFiles Library/ScriptAssemblies/Overture.dll
[ 990/1157  0s] CopyFiles Library/ScriptAssemblies/Unity.ScriptableBuildPipeline.dll
[ 991/1157  0s] CopyFiles Library/ScriptAssemblies/Unity.RenderPipeline.Universal.ShaderLibrary.dll
[ 992/1157  0s] CopyFiles Library/ScriptAssemblies/Unity.RenderPipelines.Universal.2D.Runtime.dll
[ 993/1157  0s] CopyFiles Library/ScriptAssemblies/Unity.InputSystem.dll
[ 994/1157  0s] CopyFiles Library/ScriptAssemblies/VOLTEC.dll
[ 995/1157  0s] CopyFiles Library/ScriptAssemblies/Quixilver.dll
[ 996/1157  0s] CopyFiles Library/ScriptAssemblies/Unity.RenderPipelines.Core.ShaderLibrary.dll
[ 997/1157  0s] CopyFiles Library/ScriptAssemblies/Unity.InputSystem.TestFramework.dll
[ 998/1157  0s] CopyFiles Library/ScriptAssemblies/Unity.AI.Navigation.dll
[ 999/1157  0s] CopyFiles Library/ScriptAssemblies/Unity.Mathematics.dll
[1000/1157  0s] CopyFiles Library/ScriptAssemblies/TitaniumRams.dll
[1001/1157  0s] CopyFiles Library/ScriptAssemblies/Unity.RenderPipelines.Universal.Shaders.dll
[1002/1157  0s] CopyFiles Library/ScriptAssemblies/Unity.VisualScripting.Flow.dll
[1003/1157  0s] CopyFiles Library/ScriptAssemblies/Blazing Bulldogs.dll
[1004/1157  0s] CopyFiles Library/ScriptAssemblies/Prototype.dll
[1005/1157  0s] CopyFiles Library/ScriptAssemblies/Lambot.dll
[1006/1157  0s] CopyFiles Library/ScriptAssemblies/Unity.InputSystem.ForUI.dll
[1007/1157  0s] CopyFiles Library/ScriptAssemblies/Unity.VisualScripting.Core.dll
[1008/1157  0s] CopyFiles Library/ScriptAssemblies/Unity.RenderPipelines.Core.Runtime.Shared.dll
[1009/1157  0s] CopyFiles Library/ScriptAssemblies/UnityEngine.UI.dll
[1010/1157  0s] CopyFiles Library/ScriptAssemblies/Unity.Timeline.dll
[1011/1157  0s] CopyFiles Library/ScriptAssemblies/Firebots.dll
[1012/1157  0s] CopyFiles Library/ScriptAssemblies/Unity.Profiling.Core.dll
[1013/1157  0s] CopyFiles Library/ScriptAssemblies/Unity.Addressables.dll
[1014/1157  0s] CopyFiles Library/ScriptAssemblies/Unity.Timeline.Editor.dll
[1015/1157  0s] CopyFiles Library/ScriptAssemblies/Unity.Collections.BurstCompatibilityGen.pdb
[1016/1157  0s] CopyFiles Library/ScriptAssemblies/Unity.Timeline.Editor.pdb
[1017/1157  0s] CopyFiles Library/ScriptAssemblies/Unity.TextMeshPro.Editor.dll
[1018/1157  0s] CopyFiles Library/ScriptAssemblies/Unity.Collections.BurstCompatibilityGen.dll
[1019/1157  0s] CopyFiles Library/ScriptAssemblies/Unity.TextMeshPro.Editor.pdb
[1020/1157  0s] CopyFiles Library/ScriptAssemblies/Unity.RenderPipelines.Universal.Editor.dll
[1021/1157  0s] CopyFiles Library/ScriptAssemblies/Unity.RenderPipelines.Universal.Editor.pdb
[1022/1157  0s] CopyFiles Library/ScriptAssemblies/Unity.VisualScripting.State.Editor.dll
[1023/1157  0s] CopyFiles Library/ScriptAssemblies/Unity.VisualScripting.Flow.Editor.pdb
[1024/1157  0s] CopyFiles Library/ScriptAssemblies/Unity.Burst.Editor.dll
[1025/1157  0s] CopyFiles Library/ScriptAssemblies/Unity.VisualScripting.Flow.Editor.dll
[1026/1157  0s] CopyFiles Library/ScriptAssemblies/Unity.Burst.Editor.pdb
[1027/1157  0s] CopyFiles Library/ScriptAssemblies/Unity.Splines.dll
[1028/1157  0s] CopyFiles Library/ScriptAssemblies/Unity.VisualScripting.State.Editor.pdb
[1029/1157  0s] CopyFiles Library/ScriptAssemblies/Unity.Collections.DocCodeSamples.dll
[1030/1157  0s] CopyFiles Library/ScriptAssemblies/Unity.Collections.DocCodeSamples.pdb
[1031/1157  0s] CopyFiles Library/ScriptAssemblies/Unity.AI.Navigation.Editor.pdb
[1032/1157  0s] CopyFiles Library/ScriptAssemblies/Unity.AI.Navigation.Editor.dll
[1033/1157  0s] CopyFiles Library/ScriptAssemblies/Unity.Cinemachine.Editor.pdb
[1034/1157  0s] CopyFiles Library/ScriptAssemblies/Unity.Cinemachine.Editor.dll
[1035/1157  0s] CopyFiles Library/ScriptAssemblies/Unity.VisualScripting.Shared.Editor.dll
[1036/1157  0s] CopyFiles Library/ScriptAssemblies/Unity.Recorder.Editor.pdb
[1037/1157  0s] CopyFiles Library/ScriptAssemblies/Unity.Toolchain.Linux-x86_64.dll
[1038/1157  0s] CopyFiles Library/ScriptAssemblies/Unity.Toolchain.Linux-x86_64.pdb
[1039/1157  0s] CopyFiles Library/ScriptAssemblies/Unity.Recorder.Editor.dll
[1040/1157  0s] CopyFiles Library/ScriptAssemblies/Unity.CollabProxy.Editor.pdb
[1041/1157  0s] CopyFiles Library/ScriptAssemblies/Unity.VisualScripting.Shared.Editor.pdb
[1042/1157  0s] CopyFiles Library/ScriptAssemblies/Unity.Addressables.Editor.pdb
[1043/1157  0s] CopyFiles Library/ScriptAssemblies/Unity.RenderPipelines.Core.Editor.Shared.dll
[1044/1157  0s] CopyFiles Library/ScriptAssemblies/Unity.Addressables.Editor.dll
[1045/1157  0s] CopyFiles Library/ScriptAssemblies/UnityEditor.UI.pdb
[1046/1157  0s] CopyFiles Library/ScriptAssemblies/Unity.CollabProxy.Editor.dll
[1047/1157  0s] CopyFiles Library/ScriptAssemblies/UnityEditor.UI.dll
[1048/1157  0s] CopyFiles Library/ScriptAssemblies/Unity.RenderPipelines.Core.Editor.Shared.pdb
[1049/1157  0s] CopyFiles Library/ScriptAssemblies/Unity.2D.Sprite.Editor.dll
[1050/1157  0s] CopyFiles Library/ScriptAssemblies/Unity.2D.Sprite.Editor.pdb
[1051/1157  0s] CopyFiles Library/ScriptAssemblies/Unity.Collections.Editor.pdb
[1052/1157  0s] CopyFiles Library/ScriptAssemblies/Unity.Collections.Editor.dll
[1053/1157  0s] CopyFiles Library/ScriptAssemblies/Unity.AI.Navigation.Editor.ConversionSystem.pdb
[1054/1157  0s] CopyFiles Library/ScriptAssemblies/PPv2URPConverters.pdb
[1055/1157  0s] CopyFiles Library/ScriptAssemblies/PPv2URPConverters.dll
[1056/1157  0s] CopyFiles Library/ScriptAssemblies/Unity.AI.Navigation.Editor.ConversionSystem.dll
[1057/1157  0s] CopyFiles Library/ScriptAssemblies/Unity.ScriptableBuildPipeline.Editor.dll
[1058/1157  0s] CopyFiles Library/ScriptAssemblies/Unity.Searcher.Editor.pdb
[1059/1157  0s] CopyFiles Library/ScriptAssemblies/Unity.ScriptableBuildPipeline.Editor.pdb
[1060/1157  0s] CopyFiles Library/ScriptAssemblies/Unity.VisualScripting.SettingsProvider.Editor.pdb
[1061/1157  0s] CopyFiles Library/ScriptAssemblies/Unity.ShaderGraph.Utilities.dll
[1062/1157  0s] CopyFiles Library/ScriptAssemblies/Unity.Searcher.Editor.dll
[1063/1157  0s] CopyFiles Library/ScriptAssemblies/Unity.VisualScripting.SettingsProvider.Editor.dll
[1064/1157  0s] CopyFiles Library/ScriptAssemblies/Unity.ShaderGraph.Utilities.pdb
[1065/1157  0s] CopyFiles Library/ScriptAssemblies/Unity.Addressables.DocExampleCode.Editor.Tests.pdb
[1066/1157  0s] CopyFiles Library/ScriptAssemblies/Unity.Addressables.DocExampleCode.Editor.Tests.dll
[1067/1157  0s] CopyFiles Library/ScriptAssemblies/Unity.Cinemachine.dll
[1068/1157  0s] CopyFiles Library/ScriptAssemblies/Unity.PlasticSCM.Editor.dll
[1069/1157  0s] CopyFiles Library/ScriptAssemblies/Unity.Toolchain.Win-x86_64-Linux-x86_64.pdb
[1070/1157  0s] CopyFiles Library/ScriptAssemblies/Unity.PlasticSCM.Editor.pdb
[1071/1157  0s] CopyFiles Library/ScriptAssemblies/Unity.ShaderGraph.Editor.pdb
[1072/1157  0s] CopyFiles Library/ScriptAssemblies/Unity.Toolchain.Win-x86_64-Linux-x86_64.dll
[1073/1157  0s] CopyFiles Library/ScriptAssemblies/Unity.Sysroot.Linux_x86_64.dll
[1074/1157  0s] CopyFiles Library/ScriptAssemblies/Unity.Sysroot.Linux_x86_64.pdb
[1075/1157  0s] CopyFiles Library/ScriptAssemblies/Unity.ShaderGraph.Editor.dll
[1076/1157  0s] CopyFiles Library/ScriptAssemblies/VOLTEC.pdb
[1077/1157  0s] CopyFiles Library/ScriptAssemblies/Unity.RenderPipelines.Core.Editor.pdb
[1078/1157  0s] CopyFiles Library/ScriptAssemblies/Unity.Mathematics.Editor.pdb
[1079/1157  0s] CopyFiles Library/ScriptAssemblies/Unity.Rendering.LightTransport.Editor.pdb
[1080/1157  0s] CopyFiles Library/ScriptAssemblies/Unity.Rendering.LightTransport.Editor.dll
[1081/1157  0s] CopyFiles Library/ScriptAssemblies/Unity.SysrootPackage.Editor.pdb
[1082/1157  0s] CopyFiles Library/ScriptAssemblies/Unity.SysrootPackage.Editor.dll
[1083/1157  0s] CopyFiles Library/ScriptAssemblies/Unity.Mathematics.Editor.dll
[1084/1157  0s] CopyFiles Library/ScriptAssemblies/Unity.RenderPipelines.Core.Editor.dll
[1085/1157  0s] CopyFiles Library/ScriptAssemblies/Unity.Settings.Editor.pdb
[1086/1157  0s] CopyFiles Library/ScriptAssemblies/Unity.Settings.Editor.dll
[1087/1157  0s] CopyFiles Library/ScriptAssemblies/Unity.AI.Navigation.Updater.dll
[1088/1157  0s] CopyFiles Library/ScriptAssemblies/Unity.VisualScripting.Core.Editor.dll
[1089/1157  0s] CopyFiles Library/ScriptAssemblies/Nobi.UiRoundedCorners.Editor.dll
[1090/1157  0s] CopyFiles Library/ScriptAssemblies/Unity.AI.Navigation.Updater.pdb
[1091/1157  0s] CopyFiles Library/ScriptAssemblies/Nobi.UiRoundedCorners.Editor.pdb
[1092/1157  0s] CopyFiles Library/ScriptAssemblies/Unity.VisualScripting.Core.Editor.pdb
[1093/1157  0s] CopyFiles Library/ScriptAssemblies/GameSystems.pdb
[1094/1157  0s] CopyFiles Library/ScriptAssemblies/Unity.Splines.Editor.dll
[1095/1157  0s] CopyFiles Library/ScriptAssemblies/Unity.Splines.Editor.pdb
[1096/1157  0s] CopyFiles Library/ScriptAssemblies/Unity.InputSystem.ForUI.pdb
[1097/1157  0s] CopyFiles Library/ScriptAssemblies/MoSimLib.pdb
[1098/1157  0s] CopyFiles Library/ScriptAssemblies/Unity.RenderPipelines.Universal.Runtime.pdb
[1099/1157  0s] CopyFiles Library/ScriptAssemblies/MoSimCore.pdb
[1100/1157  0s] CopyFiles Library/ScriptAssemblies/Unity.Recorder.Base.pdb
[1101/1157  0s] CopyFiles Library/ScriptAssemblies/TitaniumRams.pdb
[1102/1157  0s] CopyFiles Library/ScriptAssemblies/Unity.VisualScripting.State.pdb
[1103/1157  0s] CopyFiles Library/ScriptAssemblies/Tecdroid.pdb
[1104/1157  0s] CopyFiles Library/ScriptAssemblies/Unity.Addressables.pdb
[1105/1157  0s] CopyFiles Library/ScriptAssemblies/RobotFramework.pdb
[1106/1157  0s] CopyFiles Library/ScriptAssemblies/Blazing Bulldogs.pdb
[1107/1157  0s] CopyFiles Library/ScriptAssemblies/Unity.RenderPipelines.ShaderGraph.ShaderGraphLibrary.pdb
[1108/1157  0s] CopyFiles Library/ScriptAssemblies/Unity.VisualScripting.Flow.pdb
[1109/1157  0s] CopyFiles Library/ScriptAssemblies/Prototype.pdb
[1110/1157  0s] CopyFiles Library/ScriptAssemblies/Unity.Profiling.Core.pdb
[1111/1157  0s] CopyFiles Library/ScriptAssemblies/Lambot.pdb
[1112/1157  0s] CopyFiles Library/ScriptAssemblies/Unity.Timeline.pdb
[1113/1157  0s] CopyFiles Library/ScriptAssemblies/Unity.RenderPipeline.Universal.ShaderLibrary.pdb
[1114/1157  0s] CopyFiles Library/ScriptAssemblies/Unity.Burst.pdb
[1115/1157  0s] CopyFiles Library/ScriptAssemblies/Reefscape.pdb
[1116/1157  0s] CopyFiles Library/ScriptAssemblies/Quixilver.pdb
[1117/1157  0s] CopyFiles Library/ScriptAssemblies/Unity.Splines.pdb
[1118/1157  0s] CopyFiles Library/ScriptAssemblies/Firebots.pdb
[1119/1157  0s] CopyFiles Library/ScriptAssemblies/Overture.pdb
[1120/1157  0s] CopyFiles Library/ScriptAssemblies/Unity.AI.Navigation.pdb
[1121/1157  0s] CopyFiles Library/ScriptAssemblies/UnityEngine.UI.pdb
[1122/1157  0s] CopyFiles Library/ScriptAssemblies/Nobi.UiRoundedCorners.pdb
[1123/1157  0s] CopyFiles Library/ScriptAssemblies/Unity.Cinemachine.pdb
[1124/1157  0s] CopyFiles Library/ScriptAssemblies/Unity.Recorder.pdb
[1125/1157  0s] CopyFiles Library/ScriptAssemblies/Unity.RenderPipelines.Universal.Runtime.dll
[1126/1157  0s] CopyFiles Library/ScriptAssemblies/BotbustersGreen.pdb
[1127/1157  0s] CopyFiles Library/ScriptAssemblies/Unity.RenderPipelines.Universal.2D.Runtime.pdb
[1128/1157  0s] CopyFiles Library/ScriptAssemblies/Unity.InputSystem.pdb
[1129/1157  0s] CopyFiles Library/ScriptAssemblies/Unity.Mathematics.pdb
[1130/1157  0s] CopyFiles Library/ScriptAssemblies/Unity.RenderPipelines.Core.ShaderLibrary.pdb
[1131/1157  0s] CopyFiles Library/ScriptAssemblies/Unity.InputSystem.TestFramework.pdb
[1132/1157  0s] CopyFiles Library/ScriptAssemblies/Unity.RenderPipelines.Universal.Shaders.pdb
[1133/1157  0s] CopyFiles Library/ScriptAssemblies/Unity.Rendering.LightTransport.Runtime.pdb
[1134/1157  0s] CopyFiles Library/ScriptAssemblies/Unity.VisualScripting.Core.pdb
[1135/1157  0s] CopyFiles Library/ScriptAssemblies/BREAD.pdb
[1136/1157  0s] CopyFiles Library/ScriptAssemblies/Unity.ScriptableBuildPipeline.pdb
[1137/1157  0s] CopyFiles Library/ScriptAssemblies/Unity.ResourceManager.pdb
[1138/1157  0s] CopyFiles Library/ScriptAssemblies/Lynk.pdb
[1139/1157  0s] CopyFiles Library/ScriptAssemblies/Unity.TextMeshPro.pdb
[1140/1157  0s] CopyFiles Library/ScriptAssemblies/ChillOut.pdb
[1141/1157  0s] CopyFiles Library/ScriptAssemblies/Unity.RenderPipelines.Core.Runtime.pdb
[1142/1157  0s] CopyFiles Library/ScriptAssemblies/Unity.RenderPipelines.Core.Runtime.Shared.pdb
[1143/1157  0s] CopyFiles Library/ScriptAssemblies/Unity.Collections.pdb
[1144/1157  0s] CopyFiles Library/ScriptAssemblies/Unity.RenderPipelines.Core.Runtime.dll
[1145/1157  2s] Csc Library/Bee/artifacts/2400b0aE.dag/OvertureRMX.dll (+2 others)
Assets\Prefabs\Reefscape\Robots\Mods\MxModpackW2\7421RMX\Offverture.cs(177,22): warning CS0414: The field 'Offverture.placed' is assigned but its value is never used
[1148/1157  1s] ILPostProcess Library/Bee/artifacts/2400b0aE.dag/post-processed/OvertureRMX.dll (+pdb)
Processing assembly Library/Bee/artifacts/2400b0aE.dag/OvertureRMX.dll, with 120 defines and 256 references

processors: Unity.Jobs.CodeGen.JobsILPostProcessor, zzzUnity.Burst.CodeGen.BurstILPostProcessor

running Unity.Jobs.CodeGen.JobsILPostProcessor

running zzzUnity.Burst.CodeGen.BurstILPostProcessor
[1149/1157  0s] CopyFiles Library/ScriptAssemblies/OvertureRMX.pdb
[1150/1157  0s] CopyFiles Library/ScriptAssemblies/OvertureRMX.dll
[1151/1157  2s] ILPostProcess Library/Bee/artifacts/2400b0aE.dag/post-processed/Assembly-CSharp.dll (+pdb)
Processing assembly Library/Bee/artifacts/2400b0aE.dag/Assembly-CSharp.dll, with 120 defines and 320 references

processors: Unity.Jobs.CodeGen.JobsILPostProcessor, zzzUnity.Burst.CodeGen.BurstILPostProcessor

running Unity.Jobs.CodeGen.JobsILPostProcessor

running zzzUnity.Burst.CodeGen.BurstILPostProcessor
[1152/1157  2s] ILPostProcess Library/Bee/artifacts/2400b0aE.dag/post-processed/Assembly-CSharp-Editor.dll (+pdb)
Processing assembly Library/Bee/artifacts/2400b0aE.dag/Assembly-CSharp-Editor.dll, with 118 defines and 341 references

processors: Unity.Jobs.CodeGen.JobsILPostProcessor, zzzUnity.Burst.CodeGen.BurstILPostProcessor

running Unity.Jobs.CodeGen.JobsILPostProcessor

running zzzUnity.Burst.CodeGen.BurstILPostProcessor
[1153/1157  0s] CopyFiles Library/ScriptAssemblies/Assembly-CSharp.pdb
[1154/1157  0s] CopyFiles Library/ScriptAssemblies/Assembly-CSharp-Editor.pdb
[1155/1157  0s] CopyFiles Library/ScriptAssemblies/Assembly-CSharp-Editor.dll
[1156/1157  0s] CopyFiles Library/ScriptAssemblies/Assembly-CSharp.dll
*** Tundra build success (5.06 seconds), 200 items updated, 1157 evaluated
Assets\Prefabs\Reefscape\Robots\Mods\MxModpackW2\7421RMX\Offverture.cs(177,22): warning CS0414: The field 'Offverture.placed' is assigned but its value is never used
AssetDatabase: script compilation time: 5.819987s
Assembly reference Packages/com.unity.cinemachine/Editor/Samples/ExposeHDRPInternals/HDRP-Editor-ref.asmref has no target assembly definition
Begin MonoManager ReloadAssembly
Total cache size 181613324
Total cache size after purge 181613324
Symbol file LoadedFromMemory doesn't match image C:\MoSim_MX_ModProject\Library\PackageCache\com.unity.visualscripting@1.8.0\Editor\VisualScripting.Core\Dependencies\YamlDotNet\Unity.VisualScripting.YamlDotNet.dll
Symbol file LoadedFromMemory doesn't match image C:\MoSim_MX_ModProject\Library\PackageCache\com.unity.visualscripting@1.8.0\Editor\VisualScripting.Core\Dependencies\DotNetZip\Unity.VisualScripting.IonicZip.dll
- Loaded All Assemblies, in  2.189 seconds
Refreshing native plugins compatible for Editor in 2.29 ms, found 6 plugins.
Native extension for LinuxStandalone target not found
Native extension for UWP target not found
Native extension for WindowsStandalone target not found
Native extension for OSXStandalone target not found
Assembly reference Packages/com.unity.cinemachine/Editor/Samples/ExposeHDRPInternals/HDRP-Editor-ref.asmref has no target assembly definition
Mono: successfully reloaded assembly
- Finished resetting the current domain, in  3.958 seconds
Domain Reload Profiling: 6142ms
	BeginReloadAssembly (959ms)
		ExecutionOrderSort (0ms)
		DisableScriptedObjects (13ms)
		BackupInstance (0ms)
		ReleaseScriptingObjects (0ms)
		CreateAndSetChildDomain (39ms)
	RebuildCommonClasses (41ms)
	RebuildNativeTypeToScriptingClass (14ms)
	initialDomainReloadingComplete (32ms)
	LoadAllAssembliesAndSetupDomain (1137ms)
		LoadAssemblies (954ms)
		RebuildTransferFunctionScriptingTraits (0ms)
		AnalyzeDomain (295ms)
			TypeCache.Refresh (229ms)
				TypeCache.ScanAssembly (214ms)
			BuildScriptInfoCaches (48ms)
			ResolveRequiredComponents (15ms)
	FinalizeReload (3960ms)
		ReleaseScriptCaches (0ms)
		RebuildScriptCaches (0ms)
		SetupLoadedEditorAssemblies (3465ms)
			LogAssemblyErrors (0ms)
			InitializePlatformSupportModulesInManaged (22ms)
			SetLoadedEditorAssemblies (4ms)
			BeforeProcessingInitializeOnLoad (123ms)
			ProcessInitializeOnLoadAttributes (3195ms)
			ProcessInitializeOnLoadMethodAttributes (110ms)
			AfterProcessingInitializeOnLoad (10ms)
			EditorAssembliesLoaded (1ms)
		ExecutionOrderSort2 (0ms)
		AwakeInstancesAfterBackupRestoration (26ms)
Shader Hidden/ProbeVolume/VoxelizeScene is not supported: GPU does not support conservative rasterization
Start importing Packages/com.unity.searcher/Editor/Resources/FlatSkin/Font/Roboto-Black.ttf using Guid(1062c701058745940ae5dca6219c64c8) (TrueTypeFontImporter) -> (artifact id: '6a8112a441eb6791f00896d61ce9d0cb') in 0.032813 seconds
Start importing Packages/com.unity.searcher/Editor/Resources/FlatSkin/Font/Roboto-Regular.ttf using Guid(30dc370b164eefc43b95744fc796dad0) (TrueTypeFontImporter) -> (artifact id: 'ae04d71208a4a380f4e83d7f48da5c33') in 0.0062835 seconds
Start importing Assets/TextMesh Pro/Fonts/Orbitron-VariableFont_wght.ttf using Guid(606c965193a874e42b1ed752f5b648ea) (TrueTypeFontImporter) -> (artifact id: '5e365491e0a7b15a8633738ac7a72b81') in 0.0049785 seconds
Start importing Assets/TextMesh Pro/Fonts/MADE TOMMY Medium.otf using Guid(f04f09c89f189a046a196e76033dde65) (TrueTypeFontImporter) -> (artifact id: '698888ac9995670b8587f9b616f9248d') in 0.0173219 seconds
Start importing Assets/TextMesh Pro/Fonts/GlacialIndifference-Bold.otf using Guid(1157ecbe5de7f68419d351959a850a5b) (TrueTypeFontImporter) -> (artifact id: '82b6e045bd4084678313778baef2957a') in 0.0048828 seconds
Start importing Packages/com.unity.searcher/Editor/Resources/FlatSkin/Font/Roboto-ThinItalic.ttf using Guid(b2ea3b3f1765e544b9eb5bd1a93a91ce) (TrueTypeFontImporter) -> (artifact id: '0e266cc9e938010c7c6b0610f63463fd') in 0.0108315 seconds
Start importing Assets/Imports/Fonts/Kardust TS Condensed Bold Italic.ttf using Guid(43190aae55d132343974c076aeff98de) (TrueTypeFontImporter) -> (artifact id: 'd8fd3c4d11d415bc0b03009238a00c4c') in 0.0042436 seconds
Start importing Assets/Imports/Menus/kenney_ui-pack/Font/Kenney Future Narrow.ttf using Guid(c3c544cd2761c3b4ca4b5cd1aff38206) (TrueTypeFontImporter) -> (artifact id: 'b8e539eacd899026e836691a0f433b9d') in 0.0052966 seconds
Start importing Assets/TextMesh Pro/Fonts/LiberationSans.ttf using Guid(e3265ab4bf004d28a9537516768c1c75) (TrueTypeFontImporter) -> (artifact id: '4367537cf2364b295b91abfd556f6aa2') in 0.4215314 seconds
Start importing Assets/TextMesh Pro/Examples & Extras/Resources/Fonts & Materials/GlacialIndifference-Bold.otf using Guid(6478bd1ec152ef448b65cafe3192956b) (TrueTypeFontImporter) -> (artifact id: 'd661e9ac92b2559456557635c59c68af') in 0.0040218 seconds
Start importing Packages/com.unity.render-pipelines.core/Runtime/Debugging/Prefabs/Fonts/PerfectDOSVGA437.ttf using Guid(74a5091d8707f334b9a5c31ef71a64ba) (TrueTypeFontImporter) -> (artifact id: '89188ac914b80549334c96aa070c6df4') in 0.0045186 seconds
Start importing Assets/Prefabs/Reefscape/Robots/Mods/MxModpackW2/3478/LambotFont.otf using Guid(84bf4c6ca30390444b25839f5fededd4) (TrueTypeFontImporter) -> (artifact id: '8dd61566f152d6c10c3e20e05b9dcee3') in 0.0044596 seconds
Start importing Assets/TextMesh Pro/Examples & Extras/Fonts/Unity.ttf using Guid(f4eec857a4fdf2f43be0e9f3d1a984e7) (TrueTypeFontImporter) -> (artifact id: '17263ba362102d49e964dc0b1911007a') in 0.0040866 seconds
Start importing Packages/com.unity.searcher/Editor/Resources/FlatSkin/Font/Roboto-Medium.ttf using Guid(a51a3aebb43ac044989270407476b208) (TrueTypeFontImporter) -> (artifact id: 'eabeae63fd2287db0fa6f5dadab57a2c') in 0.0043111 seconds
Start importing Packages/com.unity.searcher/Editor/Resources/FlatSkin/Font/Roboto-Bold.ttf using Guid(3750c318f40cab44a97d3a81beaefeb3) (TrueTypeFontImporter) -> (artifact id: '4f75187b1acf4321ec4eda777c29ff33') in 0.0060181 seconds
Start importing Packages/com.unity.searcher/Editor/Resources/FlatSkin/Font/Roboto-Italic.ttf using Guid(c839255fc8f6b4b4d90bf8c1af9f9bd1) (TrueTypeFontImporter) -> (artifact id: '9f80451284d312de00a18e9e919e5ce6') in 0.005511 seconds
Start importing Packages/com.unity.searcher/Editor/Resources/FlatSkin/Font/Roboto-Thin.ttf using Guid(19a9abb883540be48b75b951a927ae03) (TrueTypeFontImporter) -> (artifact id: '2745b55a06c690273d15c0f8ff06726b') in 0.0049103 seconds
Start importing Assets/TextMesh Pro/Examples & Extras/Fonts/Anton.ttf using Guid(997a43b767814dd0a7642ec9b78cba41) (TrueTypeFontImporter) -> (artifact id: 'e57c883616d6e282371b41e816a98ae3') in 0.0052662 seconds
Start importing Assets/TextMesh Pro/Examples & Extras/Resources/Fonts & Materials/GlacialIndifference-Bold 1.otf using Guid(b906f68fa63f50a41944876f3568691c) (TrueTypeFontImporter) -> (artifact id: 'f1e2c63197f1aaffdaabea8edabfc195') in 0.0040455 seconds
Start importing Assets/TextMesh Pro/Examples & Extras/Fonts/Oswald-Bold.ttf using Guid(c9f6d0e7bc8541498c9a4799ba184ede) (TrueTypeFontImporter) -> (artifact id: '2000be58c55a004a6795865f2e0403e9') in 0.0047281 seconds
Start importing Packages/com.unity.searcher/Editor/Resources/FlatSkin/Font/Roboto-MediumItalic.ttf using Guid(d93c1bc57fdf1ac4dad1bf04fac05464) (TrueTypeFontImporter) -> (artifact id: 'a3698e1e4d888faf19bb49514caebfef') in 0.0053558 seconds
Start importing Packages/com.unity.searcher/Editor/Resources/FlatSkin/Font/Roboto-BlackItalic.ttf using Guid(f95147a9bab9fe649b8070170fa7ebd2) (TrueTypeFontImporter) -> (artifact id: '3cbd734d83585f8f896c59bdc4387671') in 0.0046526 seconds
Start importing Packages/com.unity.searcher/Editor/Resources/FlatSkin/Font/Roboto-Light.ttf using Guid(2a29e27936eb547458f646f71125b264) (TrueTypeFontImporter) -> (artifact id: 'f6c5fd75ae8dba14b16bb4757f660937') in 0.0049912 seconds
Start importing Assets/TextMesh Pro/Examples & Extras/Fonts/Electronic Highway Sign.TTF using Guid(8a2b9e2a607dd2143b58c44bc32410b4) (TrueTypeFontImporter) -> (artifact id: '5eba2bf81721ccfb1e49432e251d16cb') in 0.0142321 seconds
Start importing Assets/Prefabs/Reefscape/Robots/Mods/PrototypeMod/5449/UngapBlocksVariable-Swash.ttf using Guid(cad444194d48c3c48bb4f518feb45ce7) (TrueTypeFontImporter) -> (artifact id: 'f676fffc8c2d1d38b03095bc9e871f51') in 0.0300443 seconds
Start importing Assets/TextMesh Pro/Examples & Extras/Fonts/Roboto-Bold.ttf using Guid(4beb055f07aaff244873dec698d0363e) (TrueTypeFontImporter) -> (artifact id: '542840b65185fc8681e587c120c0b560') in 0.0070208 seconds
Start importing Assets/TextMesh Pro/Examples & Extras/Fonts/Bangers.ttf using Guid(5dd49b3eacc540408c98eee0de38e0f1) (TrueTypeFontImporter) -> (artifact id: '9cb2caa4cd354ad8b710b07a8c28d256') in 0.0045604 seconds
Start importing Packages/com.unity.searcher/Editor/Resources/FlatSkin/Font/Roboto-LightItalic.ttf using Guid(5e63515167650a541b309ba3bfd4db3d) (TrueTypeFontImporter) -> (artifact id: 'eeebd375e7bb26eddc4800915fa275a4') in 0.0045879 seconds
Start importing Assets/Imports/Fonts/nasalization rg(1).ttf using Guid(be8eb7a284b9c7b4cb57d3eb414301df) (TrueTypeFontImporter) -> (artifact id: 'e666180f360a1676b099e096d72fd293') in 0.0149548 seconds
Start importing Assets/Imports/Menus/kenney_ui-pack/Font/Kenney Future.ttf using Guid(1f7fc2387af676e418f738190cb7237d) (TrueTypeFontImporter) -> (artifact id: '9939dbd0640b0fac605d1ecbc68b7f07') in 0.0033198 seconds
Start importing Assets/TextMesh Pro/Examples & Extras/Resources/Fonts & Materials/GlacialIndifference-Regular.otf using Guid(4f9070e303b679a469280af4f67034a6) (TrueTypeFontImporter) -> (artifact id: '74f68fecb29f1dabff2025a10405715b') in 0.0039965 seconds
Start importing Assets/Imports/Fonts/Megahertz In Regular.otf using Guid(bf6c159310b22c54c9e47b00958759e7) (TrueTypeFontImporter) -> (artifact id: 'ee242b6b3eacaaf48f25edf5d3ff4fb1') in 0.0044025 seconds
Start importing Packages/com.unity.searcher/Editor/Resources/FlatSkin/Font/Roboto-BoldItalic.ttf using Guid(dfb97a9307a577a41bcacba34b9a7e32) (TrueTypeFontImporter) -> (artifact id: '4bca8c2985426b932e86bd72ebce1d82') in 0.0047312 seconds
Start importing Packages/com.unity.render-pipelines.universal/Runtime/Materials/ArnoldStandardSurface/ArnoldStandardSurfaceTransparent.shadergraph using Guid(30fa68ce467463643a86b839ca0eb195) (ScriptedImporter)Launched and connected shader compiler UnityShaderCompiler.exe after 0.03 seconds
 -> (artifact id: 'b9ea890d6f6a5b1a233b6f5cb951fe1a') in 0.8408116 seconds
Start importing Packages/com.unity.render-pipelines.universal/Shaders/AutodeskInteractive/AutodeskInteractiveMasked.shadergraph using Guid(80aa867ac363ac043847b06ad71604cd) (ScriptedImporter) -> (artifact id: '2c9ab35e3022f34db9665ec8ca8b9c59') in 0.2556217 seconds
Start importing Assets/TextMesh Pro/Shaders/TMP_SDF-URP Unlit.shadergraph using Guid(124c112a6e8f1a54e8b0870e881b56d8) (ScriptedImporter) -> (artifact id: '8cdbe83f985d9adf4e5e6dfe1ec95f87') in 0.4131219 seconds
Start importing Assets/TextMesh Pro/Shaders/TMP_SDF-URP Lit.shadergraph using Guid(a3d800b099a06e0478fb790c5e79057a) (ScriptedImporter) -> (artifact id: '0c3ba2ad1b73c8313412fa772d065a90') in 0.3886237 seconds
Start importing Packages/com.unity.render-pipelines.universal/Shaders/2D/VFXSpriteLit.shadergraph using Guid(24a73dccd7b6fad4798be282f96a21f4) (ScriptedImporter) -> (artifact id: '5fbbcf4c5a09be50e28df568780f067f') in 0.5114871 seconds
Start importing Packages/com.unity.render-pipelines.universal/Runtime/Materials/PhysicalMaterial3DsMax/PhysicalMaterial3DsMax.shadergraph using Guid(44245ab89240f51459a5077d7145c452) (ScriptedImporter) -> (artifact id: '19d183989fe5b69f2b3f89f86263900c') in 0.2215711 seconds
Start importing Packages/com.unity.render-pipelines.universal/Runtime/Materials/ArnoldStandardSurface/ArnoldStandardSurface.shadergraph using Guid(3739e562a03fc0b4982d8aa66cc50865) (ScriptedImporter) -> (artifact id: '4eb061f75d3c7270f8209432846daaef') in 0.2380506 seconds
Start importing Packages/com.unity.render-pipelines.universal/Shaders/2D/VFXSpriteUnlit.shadergraph using Guid(d7288f66e4fb0634c9afef98c31b722a) (ScriptedImporter) -> (artifact id: '59288cf38937bb9041c09192cfd8faa1') in 0.0924151 seconds
Start importing Assets/Materials/LEds/LEDs.shadergraph using Guid(88d82d76b25302e4f81533f3cee81aab) (ScriptedImporter) -> (artifact id: '0f4b33e466537fc3d5dc162e145cb54a') in 0.1567872 seconds
Start importing Packages/com.unity.render-pipelines.universal/Shaders/Nature/SpeedTree8_PBRLit.shadergraph using Guid(9920c1f1781549a46ba081a2a15a16ec) (ScriptedImporter) -> (artifact id: '088694ca48c72b5955fd01b33962732a') in 2.1038976 seconds
Start importing Packages/com.unity.render-pipelines.universal/Runtime/Materials/PhysicalMaterial3DsMax/PhysicalMaterial3DsMaxTransparent.shadergraph using Guid(1a207e3bee00db44b940e6f362a8e148) (ScriptedImporter) -> (artifact id: '028cc8f61c07a271243ed9839e7cd341') in 0.1768425 seconds
Start importing Packages/com.unity.render-pipelines.universal/Shaders/Decal.shadergraph using Guid(9b4e681081e2b4c469111bb649e2f7ee) (ScriptedImporter) -> (artifact id: '3cdc79f7ed75a978429855b97acdf9ca') in 0.2838344 seconds
Start importing Packages/com.unity.render-pipelines.universal/Shaders/FullscreenInvertColors.shadergraph using Guid(fb6390f650ca44a5ba3246d8dda47927) (ScriptedImporter) -> (artifact id: 'ada96ef42e22cac6e970c561170449fe') in 0.0622009 seconds
Start importing Packages/com.unity.render-pipelines.universal/Shaders/AutodeskInteractive/AutodeskInteractiveTransparent.shadergraph using Guid(5c81372d981403744adbdda4433c9c11) (ScriptedImporter) -> (artifact id: '6012f0ba661461ca1ebfda9af7bd099c') in 0.1375596 seconds
Start importing Assets/Materials/Algae/AlgaeLogoShader.shadergraph using Guid(9c0141191560aaa4aac382b333870033) (ScriptedImporter) -> (artifact id: '139af9f25102df900b1c38eb71cc6b4b') in 0.175245 seconds
Start importing Packages/com.unity.render-pipelines.universal/Shaders/AutodeskInteractive/AutodeskInteractive.shadergraph using Guid(0e9d5a909a1f7e84882a534d0d11e49f) (ScriptedImporter) -> (artifact id: '0b1f0cd681c857ad28c8d1c73792b0b3') in 0.1496337 seconds
Shader Hidden/ProbeVolume/VoxelizeScene is not supported: GPU does not support conservative rasterization
Refreshing native plugins compatible for Editor in 3.60 ms, found 6 plugins.
Preloading 0 native plugins for Editor in 0.00 ms.
Asset Pipeline Refresh (id=562fd5b8eea3cd84f994c9db0ef12f78): Total: 22.231 seconds - Initiated by InitialRefreshV2(ForceSynchronousImport)
	Summary:
		Imports: total=110 (actual=16, local cache=94, cache server=0)
		Asset DB Process Time: managed=11 ms, native=13332 ms
		Asset DB Callback time: managed=420 ms, native=290 ms
		Scripting: domain reloads=1, domain reload time=2272 ms, compile time=5822 ms, other=81 ms
		Project Asset Count: scripts=1647, non-scripts=4657
		Asset File Changes: new=0, changed=0, moved=0, deleted=0
		Scan Filter Count: 0
	InvokeCustomDependenciesCallbacks: 0.003ms
	InvokePackagesCallback: 2.863ms
	ApplyChangesToAssetFolders: 0.816ms
	Scan: 380.636ms
	OnSourceAssetsModified: 0.004ms
	CategorizeAssetsWithTransientArtifact: 130.148ms
	ProcessAssetsWithTransientArtifactChanges: 113.149ms
	CategorizeAssets: 118.828ms
	ImportOutOfDateAssets: 11846.676ms (-1868.895ms without children)
		ImportManagerImport: 7711.492ms (749.595ms without children)
			ImportInProcess: 6958.486ms
			UpdateCategorizedAssets: 3.411ms
		CompileScripts: 5822.387ms
		ReloadNativeAssets: 0.149ms
		UnloadImportedAssets: 9.705ms
		ReloadImportedAssets: 167.041ms
		EnsureUptoDateAssetsAreRegisteredWithGuidPM: 3.447ms
		InitializingProgressBar: 0.027ms
		PostProcessAllAssetNotificationsAddChangedAssets: 0.002ms
		OnDemandSchedulerStart: 1.323ms
	PostProcessAllAssets: 590.429ms
	Hotreload: 119.770ms
	GatherAllCurrentPrimaryArtifactRevisions: 0.001ms
	UnloadStreamsBegin: 1.923ms
	PersistCurrentRevisions: 1.007ms
	UnloadStreamsEnd: 0.002ms
	GenerateScriptTypeHashes: 13.529ms
	Untracked: 8924.964ms

Application.AssetDatabase Initial Refresh End
Shader Hidden/ProbeVolume/VoxelizeScene is not supported: GPU does not support conservative rasterization
Scanning for USB devices : 1.924ms
Initializing Unity extensions:
[Licensing::Client] Successfully resolved entitlements
[MODES] ModeService[none].Initialize
[MODES] ModeService[none].LoadModes
[MODES] Loading mode Default (0) for mode-current-id-MoSimulator
Unloading 40 Unused Serialized files (Serialized files now loaded: 0)
Unloading 7104 unused Assets / (6.9 MB). Loaded Objects now: 7877.
Memory consumption went from 330.1 MB to 323.2 MB.
Total: 21.067900 ms (FindLiveObjects: 0.877800 ms CreateObjectMapping: 0.660300 ms MarkObjects: 14.569800 ms  DeleteObjects: 4.957600 ms)

Building addressables for: MxModpackW2 (target: StandaloneLinux64, prefix: mxmodpackw2)
UnityEngine.Debug:ExtractStackTraceNoAlloc (byte*,int,string)
UnityEngine.StackTraceUtility:ExtractStackTrace ()
UnityEngine.DebugLogHandler:Internal_Log (UnityEngine.LogType,UnityEngine.LogOption,string,UnityEngine.Object)
UnityEngine.DebugLogHandler:LogFormat (UnityEngine.LogType,UnityEngine.Object,string,object[])
UnityEngine.Logger:Log (UnityEngine.LogType,object)
UnityEngine.Debug:Log (object)
Editor.AddressablesModExporter:BuildOneGroup (UnityEditor.AddressableAssets.Settings.AddressableAssetSettings,Editor.AddressablesModExporter/ModBuildSpec) (at Assets/Editor/AddressablesModExporter.cs:477)
Editor.AddressablesModExporter:BuildAndExport (System.Collections.Generic.List`1<Editor.AddressablesModExporter/ModBuildSpec>) (at Assets/Editor/AddressablesModExporter.cs:361)
Editor.AddressablesModExporter:BuildFromCommandLine () (at Assets/Editor/AddressablesModExporter.cs:624)

(Filename: Assets/Editor/AddressablesModExporter.cs Line: 477)

DisplayProgressbar: Processing Addressable Group
Start importing Assets/AddressableAssetsData/AssetGroups/Schemas/MxModpackW2_BundledAssetGroupSchema.asset using Guid(fe7da0d12f6c63e4cbe09f0f2b344a7d) (NativeFormatImporter) -> (artifact id: '367a594309db39b93ecdb0c3003647dd') in 0.003341 seconds
Start importing Assets/AddressableAssetsData/AssetGroups/MxModpackW2.asset using Guid(cfd0c67671154464ba9eb151d10191c5) (NativeFormatImporter) -> (artifact id: '479e3cfd543a1e20eca90f033d406620') in 0.0034378 seconds
Refreshing native plugins compatible for Editor in 2.15 ms, found 6 plugins.
Preloading 0 native plugins for Editor in 0.00 ms.
Asset Pipeline Refresh (id=f48204288df42eb429a42d3c4176380a): Total: 0.049 seconds - Initiated by StopAssetImportingV2(NoUpdateAssetOptions)
DisplayProgressbar: Switch To Build Platform
DisplayProgressbar: Rebuild Sprite Atlas Cache
DisplayProgressbar: Build Player Scripts
[ScriptCompilation] Requested script compilation because: Recompiling all scripts before compiling player scripts because Auto Refresh is disabled.
info: Microsoft.AspNetCore.Hosting.Diagnostics[1]
      Request starting HTTP/2 POST http://ilpp/UnityILPP.PostProcessing/Ping application/grpc -
info: Microsoft.AspNetCore.Routing.EndpointMiddleware[0]
      Executing endpoint 'gRPC - /UnityILPP.PostProcessing/Ping'
info: Microsoft.AspNetCore.Routing.EndpointMiddleware[1]
      Executed endpoint 'gRPC - /UnityILPP.PostProcessing/Ping'
info: Microsoft.AspNetCore.Hosting.Diagnostics[2]
      Request finished HTTP/2 POST http://ilpp/UnityILPP.PostProcessing/Ping application/grpc - - 200 - application/grpc 0.3188ms
Starting: C:\Program Files\Unity\Hub\Editor\2023.2.22f1\Editor\Data\bee_backend.exe --dont-print-to-structured-log --ipc --defer-dag-verification --dagfile="Library/Bee/2400b0aE.dag" --continue-on-failure --profile="Library/Bee/backend1.traceevents" ScriptAssemblies
WorkingDir: C:/MoSim_MX_ModProject
info: Microsoft.AspNetCore.Hosting.Diagnostics[1]
      Request starting HTTP/2 POST http://ilpp/UnityILPP.PostProcessing/ConfigurePostProcessors application/grpc -
info: Microsoft.AspNetCore.Routing.EndpointMiddleware[0]
      Executing endpoint 'gRPC - /UnityILPP.PostProcessing/ConfigurePostProcessors'
info: Unity.ILPP.Runner.PostProcessingAssemblyLoadContext[0]
      Current configuration matches the requested one, skipping
info: Microsoft.AspNetCore.Routing.EndpointMiddleware[1]
      Executed endpoint 'gRPC - /UnityILPP.PostProcessing/ConfigurePostProcessors'
info: Microsoft.AspNetCore.Hosting.Diagnostics[2]
      Request finished HTTP/2 POST http://ilpp/UnityILPP.PostProcessing/ConfigurePostProcessors application/grpc - - 200 - application/grpc 1.2857ms
DisplayProgressbar: Compiling Scripts
ExitCode: 0 Duration: 0s424ms
[ 883/1157  0s] ILPP-Configuration Library/ilpp-configuration.nevergeneratedoutput
*** Tundra build success (0.36 seconds), 1 items updated, 1157 evaluated
[ScriptCompilation] Requested script compilation because: Compiling scripts for player
info: Microsoft.AspNetCore.Hosting.Diagnostics[1]
      Request starting HTTP/2 POST http://ilpp/UnityILPP.PostProcessing/Ping application/grpc -
info: Microsoft.AspNetCore.Routing.EndpointMiddleware[0]
      Executing endpoint 'gRPC - /UnityILPP.PostProcessing/Ping'
info: Microsoft.AspNetCore.Routing.EndpointMiddleware[1]
      Executed endpoint 'gRPC - /UnityILPP.PostProcessing/Ping'
info: Microsoft.AspNetCore.Hosting.Diagnostics[2]
      Request finished HTTP/2 POST http://ilpp/UnityILPP.PostProcessing/Ping application/grpc - - 200 - application/grpc 0.3161ms
Starting: C:\Program Files\Unity\Hub\Editor\2023.2.22f1\Editor\Data\bee_backend.exe --dont-print-to-structured-log --ipc --defer-dag-verification --dagfile="Library/Bee/2400b0aP.dag" --continue-on-failure --profile="Library/Bee/backend1.traceevents" ScriptAssembliesAndTypeDB
WorkingDir: C:/MoSim_MX_ModProject
Total cache size 181613324
Total cache size after purge 181613324
info: Microsoft.AspNetCore.Hosting.Diagnostics[1]
      Request starting HTTP/2 POST http://ilpp/UnityILPP.PostProcessing/ConfigurePostProcessors application/grpc -
info: Microsoft.AspNetCore.Routing.EndpointMiddleware[0]
      Executing endpoint 'gRPC - /UnityILPP.PostProcessing/ConfigurePostProcessors'
info: Unity.ILPP.Runner.PostProcessingAssemblyLoadContext[0]
      ALC ILPP context 1 is unloading
warn: Unity.ILPP.Runner.PostProcessingAssemblyLoadContext[0]
      Assembly system.runtime.interopservices.windowsruntime has duplicate hint path. Ignoring "C:\Program Files\Unity\Hub\Editor\2023.2.22f1\Editor\Data\UnityReferenceAssemblies\unity-4.8-api\Facades\System.Runtime.InteropServices.WindowsRuntime.dll" in favor of "C:\Program Files\Unity\Hub\Editor\2023.2.22f1\Editor\Data\NetStandard\Extensions\2.0.0\System.Runtime.InteropServices.WindowsRuntime.dll"
warn: Unity.ILPP.Runner.PostProcessingAssemblyLoadContext[0]
      Assembly system.componentmodel.composition has duplicate hint path. Ignoring "C:\Program Files\Unity\Hub\Editor\2023.2.22f1\Editor\Data\UnityReferenceAssemblies\unity-4.8-api\System.ComponentModel.Composition.dll" in favor of "C:\Program Files\Unity\Hub\Editor\2023.2.22f1\Editor\Data\NetStandard\compat\2.1.0\shims\netfx\System.ComponentModel.Composition.dll"
info: Unity.ILPP.Runner.PostProcessingAssemblyLoadContext[0]
      Resolved Unity.Burst.Cecil, Version=0.11.4.0, Culture=neutral, PublicKeyToken=50cebf1cceb9d05e with Library\PackageCache\com.unity.burst@1.8.13\Unity.Burst.CodeGen\Unity.Burst.Cecil.dll
info: Unity.ILPP.Runner.PostProcessingAssemblyLoadContext[0]
      Resolved Mono.Cecil, Version=0.11.4.0, Culture=neutral, PublicKeyToken=50cebf1cceb9d05e with Library\PackageCache\com.unity.nuget.mono-cecil@1.11.4\Mono.Cecil.dll
info: Microsoft.AspNetCore.Routing.EndpointMiddleware[1]
      Executed endpoint 'gRPC - /UnityILPP.PostProcessing/ConfigurePostProcessors'
info: Microsoft.AspNetCore.Hosting.Diagnostics[2]
      Request finished HTTP/2 POST http://ilpp/UnityILPP.PostProcessing/ConfigurePostProcessors application/grpc - - 200 - application/grpc 58.9285ms
info: Microsoft.AspNetCore.Hosting.Diagnostics[1]
      Request starting HTTP/2 POST http://ilpp/UnityILPP.PostProcessing/PostProcessAssembly application/grpc -
info: Microsoft.AspNetCore.Routing.EndpointMiddleware[0]
      Executing endpoint 'gRPC - /UnityILPP.PostProcessing/PostProcessAssembly'
info: Microsoft.AspNetCore.Hosting.Diagnostics[1]
      Request starting HTTP/2 POST http://ilpp/UnityILPP.PostProcessing/PostProcessAssembly application/grpc -
info: Microsoft.AspNetCore.Routing.EndpointMiddleware[0]
      Executing endpoint 'gRPC - /UnityILPP.PostProcessing/PostProcessAssembly'
info: Unity.ILPP.Runner.PostProcessingPipeline[0]
      Processing assembly Library/Bee/artifacts/2400b0aP.dag/OvertureRMX.dll, with 109 defines and 204 references
info: Unity.ILPP.Runner.PostProcessingPipeline[0]
      Processing assembly Library/Bee/artifacts/2400b0aP.dag/Assembly-CSharp.dll, with 109 defines and 246 references
info: Unity.ILPP.Runner.PostProcessingPipeline[0]
      processors: Unity.Jobs.CodeGen.JobsILPostProcessor, zzzUnity.Burst.CodeGen.BurstILPostProcessor
info: Unity.ILPP.Runner.PostProcessingPipeline[0]
      processors: Unity.Jobs.CodeGen.JobsILPostProcessor, zzzUnity.Burst.CodeGen.BurstILPostProcessor
info: Unity.ILPP.Runner.PostProcessingPipeline[0]
      running Unity.Jobs.CodeGen.JobsILPostProcessor
info: Unity.ILPP.Runner.PostProcessingPipeline[0]
      running Unity.Jobs.CodeGen.JobsILPostProcessor
info: Unity.ILPP.Runner.PostProcessingAssemblyLoadContext[0]
      Resolved Unity.Collections, Version=0.0.0.0, Culture=neutral, PublicKeyToken=null with Library\Bee\artifacts\StandaloneLinux64_CodeGen\Unity.Collections.dll
info: Unity.ILPP.Runner.PostProcessingAssemblyLoadContext[0]
      Resolved UnityEditor.CoreModule, Version=0.0.0.0, Culture=neutral, PublicKeyToken=null with C:\Program Files\Unity\Hub\Editor\2023.2.22f1\Editor\Data\Managed\UnityEngine\UnityEditor.CoreModule.dll
info: Unity.ILPP.Runner.PostProcessingAssemblyLoadContext[0]
      Resolved UnityEngine.CoreModule, Version=0.0.0.0, Culture=neutral, PublicKeyToken=null with C:\Program Files\Unity\Hub\Editor\2023.2.22f1\Editor\Data\Managed\UnityEngine\UnityEngine.CoreModule.dll
info: Unity.ILPP.Runner.PostProcessingPipeline[0]
      running zzzUnity.Burst.CodeGen.BurstILPostProcessor
info: Microsoft.AspNetCore.Routing.EndpointMiddleware[1]
      Executed endpoint 'gRPC - /UnityILPP.PostProcessing/PostProcessAssembly'
info: Microsoft.AspNetCore.Hosting.Diagnostics[2]
      Request finished HTTP/2 POST http://ilpp/UnityILPP.PostProcessing/PostProcessAssembly application/grpc - - 200 - application/grpc 904.5694ms
info: Unity.ILPP.Runner.PostProcessingPipeline[0]
      running zzzUnity.Burst.CodeGen.BurstILPostProcessor
info: Unity.ILPP.Runner.PostProcessingAssemblyLoadContext[0]
      Resolved Unity.Burst.Cecil.Rocks, Version=0.11.4.0, Culture=neutral, PublicKeyToken=50cebf1cceb9d05e with Library\PackageCache\com.unity.burst@1.8.13\Unity.Burst.CodeGen\Unity.Burst.Cecil.Rocks.dll
info: Microsoft.AspNetCore.Routing.EndpointMiddleware[1]
      Executed endpoint 'gRPC - /UnityILPP.PostProcessing/PostProcessAssembly'
info: Microsoft.AspNetCore.Hosting.Diagnostics[2]
      Request finished HTTP/2 POST http://ilpp/UnityILPP.PostProcessing/PostProcessAssembly application/grpc - - 200 - application/grpc 1134.3429ms
ExitCode: 0 Duration: 5s668ms
[391/797    0s] WriteResponseFile Library/Bee/artifacts/rsp/4747638433968585886.rsp
[642/797    0s] ILPP-Configuration Library/ilpp-configuration.nevergeneratedoutput
[691/797    0s] CopyFiles Library/PlayerScriptAssemblies/TitaniumRams.dll
[692/797    0s] CopyFiles Library/PlayerScriptAssemblies/Unity.AI.Navigation.dll
[693/797    0s] CopyFiles Library/PlayerScriptAssemblies/Prototype.dll
[694/797    0s] CopyFiles Library/PlayerScriptAssemblies/Unity.Profiling.Core.dll
[695/797    0s] CopyFiles Library/PlayerScriptAssemblies/Unity.RenderPipelines.ShaderGraph.ShaderGraphLibrary.dll
[696/797    0s] CopyFiles Library/PlayerScriptAssemblies/Unity.Rendering.LightTransport.Runtime.dll
[697/797    0s] CopyFiles Library/PlayerScriptAssemblies/Unity.Timeline.dll
[698/797    0s] CopyFiles Library/PlayerScriptAssemblies/Quixilver.dll
[699/797    0s] CopyFiles Library/PlayerScriptAssemblies/Reefscape.dll
[700/797    0s] CopyFiles Library/PlayerScriptAssemblies/MoSimLib.dll
[701/797    0s] CopyFiles Library/PlayerScriptAssemblies/Unity.RenderPipeline.Universal.ShaderLibrary.dll
[702/797    0s] CopyFiles Library/PlayerScriptAssemblies/BREAD.dll
[703/797    0s] CopyFiles Library/PlayerScriptAssemblies/Blazing Bulldogs.dll
[704/797    0s] CopyFiles Library/PlayerScriptAssemblies/Unity.Recorder.Base.dll
[705/797    0s] CopyFiles Library/PlayerScriptAssemblies/MoSimCore.dll
[706/797    0s] CopyFiles Library/PlayerScriptAssemblies/Unity.RenderPipelines.Universal.2D.Runtime.dll
[707/797    0s] CopyFiles Library/PlayerScriptAssemblies/RobotFramework.dll
[708/797    0s] CopyFiles Library/PlayerScriptAssemblies/VOLTEC.dll
[709/797    0s] CopyFiles Library/PlayerScriptAssemblies/UnityEngine.UI.dll
[710/797    0s] CopyFiles Library/PlayerScriptAssemblies/Unity.Addressables.dll
[711/797    0s] CopyFiles Library/PlayerScriptAssemblies/Tecdroid.dll
[712/797    0s] CopyFiles Library/PlayerScriptAssemblies/GameSystems.dll
[713/797    0s] CopyFiles Library/PlayerScriptAssemblies/Unity.ResourceManager.dll
[714/797    0s] CopyFiles Library/PlayerScriptAssemblies/ChillOut.dll
[715/797    0s] CopyFiles Library/PlayerScriptAssemblies/Lambot.dll
[716/797    0s] CopyFiles Library/PlayerScriptAssemblies/Unity.RenderPipelines.Core.ShaderLibrary.dll
[717/797    0s] CopyFiles Library/PlayerScriptAssemblies/Unity.RenderPipelines.Universal.Runtime.dll
[718/797    0s] CopyFiles Library/PlayerScriptAssemblies/Nobi.UiRoundedCorners.dll
[719/797    0s] CopyFiles Library/PlayerScriptAssemblies/Unity.Splines.dll
[720/797    0s] CopyFiles Library/PlayerScriptAssemblies/Unity.Cinemachine.dll
[721/797    0s] CopyFiles Library/PlayerScriptAssemblies/Overture.dll
[722/797    0s] CopyFiles Library/PlayerScriptAssemblies/Unity.Collections.dll
[723/797    0s] CopyFiles Library/PlayerScriptAssemblies/BotbustersGreen.dll
[724/797    0s] CopyFiles Library/PlayerScriptAssemblies/Unity.Recorder.dll
[725/797    0s] CopyFiles Library/PlayerScriptAssemblies/Firebots.dll
[726/797    0s] CopyFiles Library/PlayerScriptAssemblies/Unity.TextMeshPro.dll
[727/797    0s] CopyFiles Library/PlayerScriptAssemblies/Unity.VisualScripting.Core.dll
[728/797    0s] CopyFiles Library/PlayerScriptAssemblies/Unity.Mathematics.dll
[729/797    0s] CopyFiles Library/PlayerScriptAssemblies/Unity.InputSystem.ForUI.dll
[730/797    0s] CopyFiles Library/PlayerScriptAssemblies/Lynk.dll
[731/797    0s] CopyFiles Library/PlayerScriptAssemblies/Unity.RenderPipelines.Core.Runtime.Shared.dll
[732/797    0s] CopyFiles Library/PlayerScriptAssemblies/Unity.RenderPipelines.Universal.Shaders.dll
[733/797    0s] CopyFiles Library/PlayerScriptAssemblies/Unity.InputSystem.dll
[734/797    0s] CopyFiles Library/PlayerScriptAssemblies/Unity.RenderPipelines.Core.Runtime.dll
[735/797    0s] CopyFiles Library/PlayerScriptAssemblies/Unity.Burst.dll
[736/797    0s] CopyFiles Library/PlayerScriptAssemblies/Unity.VisualScripting.Flow.dll
[737/797    0s] CopyFiles Library/PlayerScriptAssemblies/Unity.ScriptableBuildPipeline.dll
[738/797    0s] CopyFiles Library/PlayerScriptAssemblies/Prototype.pdb
[739/797    0s] CopyFiles Library/PlayerScriptAssemblies/Reefscape.pdb
[740/797    0s] CopyFiles Library/PlayerScriptAssemblies/RobotFramework.pdb
[741/797    0s] CopyFiles Library/PlayerScriptAssemblies/Unity.Rendering.LightTransport.Runtime.pdb
[742/797    0s] CopyFiles Library/PlayerScriptAssemblies/TitaniumRams.pdb
[743/797    0s] CopyFiles Library/PlayerScriptAssemblies/Tecdroid.pdb
[744/797    0s] CopyFiles Library/PlayerScriptAssemblies/GameSystems.pdb
[745/797    0s] CopyFiles Library/PlayerScriptAssemblies/Unity.VisualScripting.State.dll
[746/797    0s] CopyFiles Library/PlayerScriptAssemblies/Unity.RenderPipelines.Universal.2D.Runtime.pdb
[747/797    0s] CopyFiles Library/PlayerScriptAssemblies/VOLTEC.pdb
[748/797    0s] CopyFiles Library/PlayerScriptAssemblies/Quixilver.pdb
[749/797    0s] CopyFiles Library/PlayerScriptAssemblies/Blazing Bulldogs.pdb
[750/797    0s] CopyFiles Library/PlayerScriptAssemblies/MoSimCore.pdb
[751/797    0s] CopyFiles Library/PlayerScriptAssemblies/Overture.pdb
[752/797    0s] CopyFiles Library/PlayerScriptAssemblies/Unity.Timeline.pdb
[753/797    0s] CopyFiles Library/PlayerScriptAssemblies/Unity.RenderPipelines.Universal.Runtime.pdb
[754/797    0s] CopyFiles Library/PlayerScriptAssemblies/Unity.AI.Navigation.pdb
[755/797    0s] CopyFiles Library/PlayerScriptAssemblies/ChillOut.pdb
[756/797    0s] CopyFiles Library/PlayerScriptAssemblies/Lambot.pdb
[757/797    0s] CopyFiles Library/PlayerScriptAssemblies/Unity.VisualScripting.State.pdb
[758/797    0s] CopyFiles Library/PlayerScriptAssemblies/Unity.RenderPipelines.Core.Runtime.pdb
[759/797    0s] CopyFiles Library/PlayerScriptAssemblies/Firebots.pdb
[760/797    0s] CopyFiles Library/PlayerScriptAssemblies/Unity.Profiling.Core.pdb
[761/797    0s] CopyFiles Library/PlayerScriptAssemblies/Unity.Recorder.Base.pdb
[762/797    0s] CopyFiles Library/PlayerScriptAssemblies/Lynk.pdb
[763/797    0s] CopyFiles Library/PlayerScriptAssemblies/Unity.Burst.pdb
[764/797    0s] CopyFiles Library/PlayerScriptAssemblies/Unity.Addressables.pdb
[765/797    0s] CopyFiles Library/PlayerScriptAssemblies/Unity.Recorder.pdb
[766/797    0s] CopyFiles Library/PlayerScriptAssemblies/MoSimLib.pdb
[767/797    0s] CopyFiles Library/PlayerScriptAssemblies/BREAD.pdb
[768/797    0s] CopyFiles Library/PlayerScriptAssemblies/Unity.VisualScripting.Core.pdb
[769/797    0s] CopyFiles Library/PlayerScriptAssemblies/Unity.RenderPipelines.Core.Runtime.Shared.pdb
[770/797    0s] CopyFiles Library/PlayerScriptAssemblies/Unity.RenderPipelines.Universal.Shaders.pdb
[771/797    0s] CopyFiles Library/PlayerScriptAssemblies/Unity.ResourceManager.pdb
[772/797    0s] CopyFiles Library/PlayerScriptAssemblies/Unity.RenderPipeline.Universal.ShaderLibrary.pdb
[773/797    0s] CopyFiles Library/PlayerScriptAssemblies/BotbustersGreen.pdb
[774/797    0s] CopyFiles Library/PlayerScriptAssemblies/Unity.Mathematics.pdb
[775/797    0s] CopyFiles Library/PlayerScriptAssemblies/Unity.ScriptableBuildPipeline.pdb
[776/797    0s] CopyFiles Library/PlayerScriptAssemblies/UnityEngine.UI.pdb
[777/797    0s] CopyFiles Library/PlayerScriptAssemblies/Nobi.UiRoundedCorners.pdb
[778/797    0s] CopyFiles Library/PlayerScriptAssemblies/Unity.TextMeshPro.pdb
[779/797    0s] CopyFiles Library/PlayerScriptAssemblies/Unity.VisualScripting.Flow.pdb
[780/797    0s] CopyFiles Library/PlayerScriptAssemblies/Unity.RenderPipelines.Core.ShaderLibrary.pdb
[781/797    0s] CopyFiles Library/PlayerScriptAssemblies/Unity.InputSystem.ForUI.pdb
[782/797    0s] CopyFiles Library/PlayerScriptAssemblies/Unity.RenderPipelines.ShaderGraph.ShaderGraphLibrary.pdb
[783/797    0s] CopyFiles Library/PlayerScriptAssemblies/Unity.Cinemachine.pdb
[784/797    0s] CopyFiles Library/PlayerScriptAssemblies/Unity.Splines.pdb
[785/797    0s] CopyFiles Library/PlayerScriptAssemblies/Unity.Collections.pdb
[786/797    0s] CopyFiles Library/PlayerScriptAssemblies/Unity.InputSystem.pdb
[787/797    1s] Csc Library/Bee/artifacts/2400b0aP.dag/OvertureRMX.dll (+2 others)
Assets\Prefabs\Reefscape\Robots\Mods\MxModpackW2\7421RMX\Offverture.cs(177,22): warning CS0414: The field 'Offverture.placed' is assigned but its value is never used
[789/797    1s] ILPostProcess Library/Bee/artifacts/2400b0aP.dag/post-processed/OvertureRMX.dll (+pdb)
Processing assembly Library/Bee/artifacts/2400b0aP.dag/OvertureRMX.dll, with 109 defines and 204 references

processors: Unity.Jobs.CodeGen.JobsILPostProcessor, zzzUnity.Burst.CodeGen.BurstILPostProcessor

running Unity.Jobs.CodeGen.JobsILPostProcessor

running zzzUnity.Burst.CodeGen.BurstILPostProcessor
[790/797    0s] CopyFiles Library/PlayerScriptAssemblies/OvertureRMX.pdb
[791/797    0s] CopyFiles Library/PlayerScriptAssemblies/OvertureRMX.dll
[792/797    1s] ILPostProcess Library/Bee/artifacts/2400b0aP.dag/post-processed/Assembly-CSharp.dll (+pdb)
Processing assembly Library/Bee/artifacts/2400b0aP.dag/Assembly-CSharp.dll, with 109 defines and 246 references

processors: Unity.Jobs.CodeGen.JobsILPostProcessor, zzzUnity.Burst.CodeGen.BurstILPostProcessor

running Unity.Jobs.CodeGen.JobsILPostProcessor

running zzzUnity.Burst.CodeGen.BurstILPostProcessor
[793/797    0s] CopyFiles Library/PlayerScriptAssemblies/Assembly-CSharp.pdb
[794/797    0s] CopyFiles Library/PlayerScriptAssemblies/Assembly-CSharp.dll
[796/797    1s] BuildPlayerDataGenerator Library/BuildPlayerData/Player/RuntimeInitializeOnLoads.json (+1 other)
*** Tundra build success (5.58 seconds), 106 items updated, 797 evaluated
Assets\Prefabs\Reefscape\Robots\Mods\MxModpackW2\7421RMX\Offverture.cs(177,22): warning CS0414: The field 'Offverture.placed' is assigned but its value is never used
Total cache size 181613324
Total cache size after purge 181613324
info: Microsoft.AspNetCore.Hosting.Diagnostics[1]
      Request starting HTTP/2 POST http://ilpp/UnityILPP.PostProcessing/Ping application/grpc -
info: Microsoft.AspNetCore.Routing.EndpointMiddleware[0]
      Executing endpoint 'gRPC - /UnityILPP.PostProcessing/Ping'
info: Microsoft.AspNetCore.Routing.EndpointMiddleware[1]
      Executed endpoint 'gRPC - /UnityILPP.PostProcessing/Ping'
info: Microsoft.AspNetCore.Hosting.Diagnostics[2]
      Request finished HTTP/2 POST http://ilpp/UnityILPP.PostProcessing/Ping application/grpc - - 200 - application/grpc 0.2793ms
Starting: C:\Program Files\Unity\Hub\Editor\2023.2.22f1\Editor\Data\bee_backend.exe --dont-print-to-structured-log --ipc --defer-dag-verification --dagfile="Library/Bee/2400b0aE.dag" --continue-on-failure --profile="Library/Bee/backend1.traceevents" ScriptAssembliesAndTypeDB
WorkingDir: C:/MoSim_MX_ModProject
info: Microsoft.AspNetCore.Hosting.Diagnostics[1]
      Request starting HTTP/2 POST http://ilpp/UnityILPP.PostProcessing/ConfigurePostProcessors application/grpc -
info: Microsoft.AspNetCore.Routing.EndpointMiddleware[0]
      Executing endpoint 'gRPC - /UnityILPP.PostProcessing/ConfigurePostProcessors'
info: Unity.ILPP.Runner.PostProcessingAssemblyLoadContext[0]
      ALC ILPP context 2 is unloading
warn: Unity.ILPP.Runner.PostProcessingAssemblyLoadContext[0]
      Assembly system.runtime.interopservices.windowsruntime has duplicate hint path. Ignoring "C:\Program Files\Unity\Hub\Editor\2023.2.22f1\Editor\Data\UnityReferenceAssemblies\unity-4.8-api\Facades\System.Runtime.InteropServices.WindowsRuntime.dll" in favor of "C:\Program Files\Unity\Hub\Editor\2023.2.22f1\Editor\Data\NetStandard\Extensions\2.0.0\System.Runtime.InteropServices.WindowsRuntime.dll"
warn: Unity.ILPP.Runner.PostProcessingAssemblyLoadContext[0]
      Assembly system.componentmodel.composition has duplicate hint path. Ignoring "C:\Program Files\Unity\Hub\Editor\2023.2.22f1\Editor\Data\UnityReferenceAssemblies\unity-4.8-api\System.ComponentModel.Composition.dll" in favor of "C:\Program Files\Unity\Hub\Editor\2023.2.22f1\Editor\Data\NetStandard\compat\2.1.0\shims\netfx\System.ComponentModel.Composition.dll"
info: Unity.ILPP.Runner.PostProcessingAssemblyLoadContext[0]
      Resolved Unity.Burst.Cecil, Version=0.11.4.0, Culture=neutral, PublicKeyToken=50cebf1cceb9d05e with Library\PackageCache\com.unity.burst@1.8.13\Unity.Burst.CodeGen\Unity.Burst.Cecil.dll
info: Unity.ILPP.Runner.PostProcessingAssemblyLoadContext[0]
      Resolved Mono.Cecil, Version=0.11.4.0, Culture=neutral, PublicKeyToken=50cebf1cceb9d05e with Library\PackageCache\com.unity.nuget.mono-cecil@1.11.4\Mono.Cecil.dll
info: Microsoft.AspNetCore.Routing.EndpointMiddleware[1]
      Executed endpoint 'gRPC - /UnityILPP.PostProcessing/ConfigurePostProcessors'
info: Microsoft.AspNetCore.Hosting.Diagnostics[2]
      Request finished HTTP/2 POST http://ilpp/UnityILPP.PostProcessing/ConfigurePostProcessors application/grpc - - 200 - application/grpc 34.0486ms
ExitCode: 0 Duration: 3s331ms
[ 463/1159  0s] WriteResponseFile Library/Bee/artifacts/rsp/4747638433968585886.rsp
[ 883/1159  0s] ILPP-Configuration Library/ilpp-configuration.nevergeneratedoutput
[1158/1159  2s] BuildPlayerDataGenerator Library/BuildPlayerData/Editor/TypeDb-All.json
*** Tundra build success (3.21 seconds), 3 items updated, 1159 evaluated
DisplayProgressbar: Post Scripts Callback
DisplayProgressbar: Calculate Scene Dependency Data
DisplayProgressbar: Calculate Asset Dependency Data
Total cache size 181613324
Total cache size after purge 181613324
Refreshing native plugins compatible for Editor in 12.58 ms, found 6 plugins.
Preloading 0 native plugins for Editor in 0.00 ms.
DisplayProgressbar: Add Hash To Bundle Name Task
DisplayProgressbar: Strip Unused Sprite Sources
DisplayProgressbar: Create Built In Bundle
DisplayProgressbar: Create Mono Script Bundle
DisplayProgressbar: Post Dependency Callback
DisplayProgressbar: Generate Bundle Packing
DisplayProgressbar: Update Bundle Object Layout
DisplayProgressbar: Generate Bundle Commands
DisplayProgressbar: Generate Sub Asset Path Maps
DisplayProgressbar: Generate Bundle Maps
DisplayProgressbar: Post Packing Callback
DisplayProgressbar: Write Serialized Files
Compiling shader "Shader Graphs/LEDs" pass "Universal Forward" (vp)
    Full variant space:         2264924160
    After settings filtering:   122880
    After built-in stripping:   240
    After scriptable stripping: 36
    Processed in 0.66 seconds
    starting compilation...
Launched and connected shader compiler UnityShaderCompiler.exe after 0.04 seconds
Launched and connected shader compiler UnityShaderCompiler.exe after 0.03 seconds
Launched and connected shader compiler UnityShaderCompiler.exe after 0.16 seconds
Launched and connected shader compiler UnityShaderCompiler.exe after 0.04 seconds
Launched and connected shader compiler UnityShaderCompiler.exe after 0.04 seconds
Launched and connected shader compiler UnityShaderCompiler.exe after 0.04 seconds
Launched and connected shader compiler UnityShaderCompiler.exe after 0.27 seconds
Launched and connected shader compiler UnityShaderCompiler.exe after 0.12 seconds
Launched and connected shader compiler UnityShaderCompiler.exe after 0.10 seconds
Launched and connected shader compiler UnityShaderCompiler.exe after 0.09 seconds
Launched and connected shader compiler UnityShaderCompiler.exe after 0.16 seconds
    finished in 10.97 seconds. Local cache hits 0 (0.00s CPU time), remote cache hits 0 (0.00s CPU time), compiled 36 variants (109.45s CPU time), skipped 0 variants
    Prepared data for serialisation in 0.84s
Compiling shader "Shader Graphs/LEDs" pass "GBuffer" (vp)
    Full variant space:         31457280
    After settings filtering:   20480
    After built-in stripping:   40
    After scriptable stripping: 0
    Processed in 0.00 seconds
    Prepared data for serialisation in 0.00s
Compiling shader "Shader Graphs/LEDs" pass "ShadowCaster" (vp)
    Full variant space:         32
    After settings filtering:   32
    After built-in stripping:   8
    After scriptable stripping: 4
    Processed in 0.00 seconds
    starting compilation...
    finished in 0.72 seconds. Local cache hits 0 (0.00s CPU time), remote cache hits 0 (0.00s CPU time), compiled 4 variants (2.26s CPU time), skipped 0 variants
    Prepared data for serialisation in 0.00s
Compiling shader "Shader Graphs/LEDs" pass "MotionVectors" (vp)
    Full variant space:         32
    After settings filtering:   16
    After built-in stripping:   4
    After scriptable stripping: 2
    Processed in 0.00 seconds
    starting compilation...
    finished in 1.55 seconds. Local cache hits 0 (0.00s CPU time), remote cache hits 0 (0.00s CPU time), compiled 2 variants (2.39s CPU time), skipped 0 variants
    Prepared data for serialisation in 0.00s
Compiling shader "Shader Graphs/LEDs" pass "DepthOnly" (vp)
    Full variant space:         16
    After settings filtering:   16
    After built-in stripping:   4
    After scriptable stripping: 2
    Processed in 0.00 seconds
    starting compilation...
    finished in 0.95 seconds. Local cache hits 0 (0.00s CPU time), remote cache hits 0 (0.00s CPU time), compiled 2 variants (1.83s CPU time), skipped 0 variants
    Prepared data for serialisation in 0.00s
Compiling shader "Shader Graphs/LEDs" pass "DepthNormals" (vp)
    Full variant space:         32
    After settings filtering:   16
    After built-in stripping:   4
    After scriptable stripping: 2
    Processed in 0.00 seconds
    starting compilation...
    finished in 0.53 seconds. Local cache hits 0 (0.00s CPU time), remote cache hits 0 (0.00s CPU time), compiled 2 variants (1.06s CPU time), skipped 0 variants
    Prepared data for serialisation in 0.00s
Compiling shader "Shader Graphs/LEDs" pass "Universal 2D" (vp)
    Full variant space:         4
    After settings filtering:   4
    After built-in stripping:   4
    After scriptable stripping: 2
    Processed in 0.00 seconds
    starting compilation...
    finished in 1.11 seconds. Local cache hits 0 (0.00s CPU time), remote cache hits 0 (0.00s CPU time), compiled 2 variants (2.08s CPU time), skipped 0 variants
    Prepared data for serialisation in 0.00s
Serialized binary data for shader Shader Graphs/LEDs in 0.23s
    glcore (total internal programs: 24, unique: 24)
    vulkan (total internal programs: 24, unique: 24)
Compiling shader "Hidden/Core/FallbackError" pass "" (vp)
    Full variant space:         6
    After settings filtering:   6
    After built-in stripping:   2
    After scriptable stripping: 2
    Processed in 0.00 seconds
    starting compilation...
    finished in 0.01 seconds. Local cache hits 2 (0.02s CPU time), remote cache hits 0 (0.00s CPU time), compiled 0 variants (0.00s CPU time), skipped 0 variants
    Prepared data for serialisation in 0.00s
Serialized binary data for shader Hidden/Core/FallbackError in 0.00s
    glcore (total internal programs: 1, unique: 1)
    vulkan (total internal programs: 1, unique: 1)
Compiling shader "Universal Render Pipeline/Lit" pass "ForwardLit" (vp)
    Full variant space:         31708938240
    After settings filtering:   1720320
    After built-in stripping:   6720
    After scriptable stripping: 1008
    Processed in 0.12 seconds
    starting compilation...
    finished in 1.06 seconds. Local cache hits 1008 (11.28s CPU time), remote cache hits 0 (0.00s CPU time), compiled 0 variants (0.00s CPU time), skipped 0 variants
    Prepared data for serialisation in 0.06s
Compiling shader "Universal Render Pipeline/Lit" pass "ShadowCaster" (vp)
    Full variant space:         64
    After settings filtering:   64
    After built-in stripping:   32
    After scriptable stripping: 32
    Processed in 0.01 seconds
    starting compilation...
    finished in 0.02 seconds. Local cache hits 32 (0.25s CPU time), remote cache hits 0 (0.00s CPU time), compiled 0 variants (0.00s CPU time), skipped 0 variants
    Prepared data for serialisation in 0.01s
Compiling shader "Universal Render Pipeline/Lit" pass "GBuffer" (vp)
    Full variant space:         9830400
    After settings filtering:   12800
    After built-in stripping:   200
    After scriptable stripping: 0
    Processed in 0.01 seconds
    Prepared data for serialisation in 0.00s
Compiling shader "Universal Render Pipeline/Lit" pass "DepthOnly" (vp)
    Full variant space:         32
    After settings filtering:   32
    After built-in stripping:   16
    After scriptable stripping: 16
    Processed in 0.01 seconds
    starting compilation...
    finished in 0.03 seconds. Local cache hits 16 (0.26s CPU time), remote cache hits 0 (0.00s CPU time), compiled 0 variants (0.00s CPU time), skipped 0 variants
    Prepared data for serialisation in 0.00s
Compiling shader "Universal Render Pipeline/Lit" pass "DepthNormals" (vp)
    Full variant space:         96
    After settings filtering:   48
    After built-in stripping:   24
    After scriptable stripping: 24
    Processed in 0.01 seconds
    starting compilation...
    finished in 0.02 seconds. Local cache hits 24 (0.20s CPU time), remote cache hits 0 (0.00s CPU time), compiled 0 variants (0.00s CPU time), skipped 0 variants
    Prepared data for serialisation in 0.00s
Compiling shader "Universal Render Pipeline/Lit" pass "Universal2D" (vp)
    Full variant space:         8
    After settings filtering:   8
    After built-in stripping:   4
    After scriptable stripping: 0
    Processed in 0.00 seconds
    Prepared data for serialisation in 0.00s
Compiling shader "Universal Render Pipeline/Lit" pass "MotionVectors" (vp)
    Full variant space:         32
    After settings filtering:   32
    After built-in stripping:   16
    After scriptable stripping: 8
    Processed in 0.01 seconds
    starting compilation...
    finished in 0.01 seconds. Local cache hits 8 (0.07s CPU time), remote cache hits 0 (0.00s CPU time), compiled 0 variants (0.00s CPU time), skipped 0 variants
    Prepared data for serialisation in 0.00s
Serialized binary data for shader Universal Render Pipeline/Lit in 0.01s
    glcore (total internal programs: 539, unique: 539)
    vulkan (total internal programs: 539, unique: 539)
Compressed shader 'Universal Render Pipeline/Lit' on glcore from 17.73MB to 1.13MB
Compressed shader 'Universal Render Pipeline/Lit' on vulkan from 10.38MB to 2.69MB
Compressed shader 'Universal Render Pipeline/Lit' in 0.26s
Compiling shader "TextMeshPro/Distance Field" pass "" (vp)
    Full variant space:         8
    After settings filtering:   8
    After built-in stripping:   8
    After scriptable stripping: 8
    Processed in 0.00 seconds
    starting compilation...
    finished in 0.01 seconds. Local cache hits 8 (0.09s CPU time), remote cache hits 0 (0.00s CPU time), compiled 0 variants (0.00s CPU time), skipped 0 variants
    Prepared data for serialisation in 0.00s
Serialized binary data for shader TextMeshPro/Distance Field in 0.00s
    glcore (total internal programs: 4, unique: 4)
    vulkan (total internal programs: 4, unique: 4)
Compiling shader "Hidden/Universal Render Pipeline/FallbackError" pass "" (vp)
    Full variant space:         12
    After settings filtering:   12
    After built-in stripping:   2
    After scriptable stripping: 2
    Processed in 0.00 seconds
    starting compilation...
    finished in 0.01 seconds. Local cache hits 2 (0.01s CPU time), remote cache hits 0 (0.00s CPU time), compiled 0 variants (0.00s CPU time), skipped 0 variants
    Prepared data for serialisation in 0.00s
Serialized binary data for shader Hidden/Universal Render Pipeline/FallbackError in 0.00s
    glcore (total internal programs: 1, unique: 1)
    vulkan (total internal programs: 1, unique: 1)
Compiling shader "Hidden/Shader Graph/FallbackError" pass "" (vp)
    Full variant space:         8
    After settings filtering:   8
    After built-in stripping:   2
    After scriptable stripping: 2
    Processed in 0.00 seconds
    starting compilation...
    finished in 0.00 seconds. Local cache hits 2 (0.01s CPU time), remote cache hits 0 (0.00s CPU time), compiled 0 variants (0.00s CPU time), skipped 0 variants
    Prepared data for serialisation in 0.00s
Serialized binary data for shader Hidden/Shader Graph/FallbackError in 0.00s
    glcore (total internal programs: 1, unique: 1)
    vulkan (total internal programs: 1, unique: 1)
Compiling shader "TextMeshPro/Mobile/Distance Field" pass "" (vp)
    Full variant space:         24
    After settings filtering:   24
    After built-in stripping:   24
    After scriptable stripping: 24
    Processed in 0.00 seconds
    starting compilation...
    finished in 0.18 seconds. Local cache hits 24 (0.37s CPU time), remote cache hits 0 (0.00s CPU time), compiled 0 variants (0.00s CPU time), skipped 0 variants
    Prepared data for serialisation in 0.00s
Serialized binary data for shader TextMeshPro/Mobile/Distance Field in 0.00s
    glcore (total internal programs: 12, unique: 12)
    vulkan (total internal programs: 12, unique: 12)
DisplayProgressbar: Archive And Compress Bundles
DisplayProgressbar: Generate Location Lists Task
[Licensing::Client] Successfully resolved entitlements
Type MonoScript is in editor assembly UnityEditor.CoreModule, Version=0.0.0.0, Culture=neutral, PublicKeyToken=null.  Asset location with internal id Assets/Prefabs/Reefscape/Robots/Mods/MxModpackW2/3478/KeikoSetpoint.CS will be stripped and not included in the build.
UnityEngine.Debug:ExtractStackTraceNoAlloc (byte*,int,string)
UnityEngine.StackTraceUtility:ExtractStackTrace ()
UnityEngine.DebugLogHandler:Internal_Log (UnityEngine.LogType,UnityEngine.LogOption,string,UnityEngine.Object)
UnityEngine.DebugLogHandler:LogFormat (UnityEngine.LogType,UnityEngine.Object,string,object[])
UnityEngine.Logger:LogFormat (UnityEngine.LogType,string,object[])
UnityEngine.Debug:LogWarningFormat (string,object[])
UnityEditor.AddressableAssets.Settings.AddressableAssetEntry:CreateCatalogEntries (System.Collections.Generic.List`1<UnityEngine.AddressableAssets.ResourceLocators.ContentCatalogDataEntry>,bool,string,System.Collections.Generic.IEnumerable`1<object>,object,System.Collections.Generic.Dictionary`2<UnityEditor.GUID, UnityEditor.Build.Content.AssetLoadInfo>,System.Collections.Generic.HashSet`1<System.Type>,bool,bool,bool,System.Collections.Generic.HashSet`1<string>) (at ./Library/PackageCache/com.unity.addressables@2.7.6/Editor/Settings/AddressableAssetEntry.cs:731)
UnityEditor.AddressableAssets.Build.BuildPipelineTasks.GenerateLocationListsTask:ProcessInput (UnityEditor.AddressableAssets.Build.BuildPipelineTasks.GenerateLocationListsTask/Input) (at ./Library/PackageCache/com.unity.addressables@2.7.6/Editor/Build/BuildPipelineTasks/GenerateLocationListsTask.cs:291)
UnityEditor.AddressableAssets.Build.BuildPipelineTasks.GenerateLocationListsTask:Run () (at ./Library/PackageCache/com.unity.addressables@2.7.6/Editor/Build/BuildPipelineTasks/GenerateLocationListsTask.cs:69)
UnityEditor.Build.Pipeline.BuildTasksRunner:Run (System.Collections.Generic.IList`1<UnityEditor.Build.Pipeline.Interfaces.IBuildTask>,UnityEditor.Build.Pipeline.Interfaces.IBuildContext) (at ./Library/PackageCache/com.unity.scriptablebuildpipeline@2.5.0/Editor/Shared/BuildTasksRunner.cs:56)
UnityEditor.Build.Pipeline.ContentPipeline:BuildAssetBundles (UnityEditor.Build.Pipeline.Interfaces.IBundleBuildParameters,UnityEditor.Build.Pipeline.Interfaces.IBundleBuildContent,UnityEditor.Build.Pipeline.Interfaces.IBundleBuildResults&,System.Collections.Generic.IList`1<UnityEditor.Build.Pipeline.Interfaces.IBuildTask>,UnityEditor.Build.Pipeline.Interfaces.IContextObject[]) (at ./Library/PackageCache/com.unity.scriptablebuildpipeline@2.5.0/Editor/ContentPipeline.cs:178)
UnityEditor.AddressableAssets.Build.DataBuilders.BuildScriptPackedMode:DoBuild<UnityEditor.AddressableAssets.Build.AddressablesPlayerBuildResult> (UnityEditor.AddressableAssets.Build.AddressablesDataBuilderInput,UnityEditor.AddressableAssets.Build.DataBuilders.AddressableAssetsBuildContext) (at ./Library/PackageCache/com.unity.addressables@2.7.6/Editor/Build/DataBuilders/BuildScriptPackedMode.cs:343)
UnityEditor.AddressableAssets.Build.DataBuilders.BuildScriptPackedMode:BuildDataImplementation<UnityEditor.AddressableAssets.Build.AddressablesPlayerBuildResult> (UnityEditor.AddressableAssets.Build.AddressablesDataBuilderInput) (at ./Library/PackageCache/com.unity.addressables@2.7.6/Editor/Build/DataBuilders/BuildScriptPackedMode.cs:133)
UnityEditor.AddressableAssets.Build.DataBuilders.BuildScriptBase:BuildData<UnityEditor.AddressableAssets.Build.AddressablesPlayerBuildResult> (UnityEditor.AddressableAssets.Build.AddressablesDataBuilderInput) (at ./Library/PackageCache/com.unity.addressables@2.7.6/Editor/Build/DataBuilders/BuildScriptBase.cs:103)
UnityEditor.AddressableAssets.Settings.AddressableAssetSettings:BuildPlayerContentImpl (UnityEditor.AddressableAssets.Build.AddressablesDataBuilderInput,bool) (at ./Library/PackageCache/com.unity.addressables@2.7.6/Editor/Settings/AddressableAssetSettings.cs:3085)
UnityEditor.AddressableAssets.Settings.AddressableAssetSettings:BuildPlayerContent (UnityEditor.AddressableAssets.Build.AddressablesPlayerBuildResult&,UnityEditor.AddressableAssets.Build.AddressablesDataBuilderInput) (at ./Library/PackageCache/com.unity.addressables@2.7.6/Editor/Settings/AddressableAssetSettings.cs:2994)
UnityEditor.AddressableAssets.Settings.AddressableAssetSettings:BuildPlayerContent (UnityEditor.AddressableAssets.Build.AddressablesPlayerBuildResult&) (at ./Library/PackageCache/com.unity.addressables@2.7.6/Editor/Settings/AddressableAssetSettings.cs:2971)
Editor.AddressablesModExporter:BuildOneGroup (UnityEditor.AddressableAssets.Settings.AddressableAssetSettings,Editor.AddressablesModExporter/ModBuildSpec) (at Assets/Editor/AddressablesModExporter.cs:478)
Editor.AddressablesModExporter:BuildAndExport (System.Collections.Generic.List`1<Editor.AddressablesModExporter/ModBuildSpec>) (at Assets/Editor/AddressablesModExporter.cs:361)
Editor.AddressablesModExporter:BuildFromCommandLine () (at Assets/Editor/AddressablesModExporter.cs:624)

(Filename: ./Library/PackageCache/com.unity.addressables@2.7.6/Editor/Settings/AddressableAssetEntry.cs Line: 731)

DisplayProgressbar: Post Writing Callback
DisplayProgressbar: Extract Data Task
[Licensing::Client] Successfully resolved entitlements
Unloading 310 Unused Serialized files (Serialized files now loaded: 0)
Unloading 44530 unused Assets / (0.77 GB). Loaded Objects now: 8073.
Memory consumption went from 2.04 GB to 1.27 GB.
Total: 2156.546400 ms (FindLiveObjects: 12.588700 ms CreateObjectMapping: 28.172700 ms MarkObjects: 1664.761300 ms  DeleteObjects: 451.020300 ms)

DisplayProgressbar: Post Processing AssetBundles
DisplayProgressbar: Post Processing Catalog Entries
Addressable content successfully built (duration : 0:06:10.65)
UnityEngine.Debug:ExtractStackTraceNoAlloc (byte*,int,string)
UnityEngine.StackTraceUtility:ExtractStackTrace ()
UnityEngine.DebugLogHandler:Internal_Log (UnityEngine.LogType,UnityEngine.LogOption,string,UnityEngine.Object)
UnityEngine.DebugLogHandler:LogFormat (UnityEngine.LogType,UnityEngine.Object,string,object[])
UnityEngine.Logger:Log (UnityEngine.LogType,object)
UnityEngine.Debug:Log (object)
UnityEditor.AddressableAssets.Settings.AddressableAssetSettings:BuildPlayerContentImpl (UnityEditor.AddressableAssets.Build.AddressablesDataBuilderInput,bool) (at ./Library/PackageCache/com.unity.addressables@2.7.6/Editor/Settings/AddressableAssetSettings.cs:3092)
UnityEditor.AddressableAssets.Settings.AddressableAssetSettings:BuildPlayerContent (UnityEditor.AddressableAssets.Build.AddressablesPlayerBuildResult&,UnityEditor.AddressableAssets.Build.AddressablesDataBuilderInput) (at ./Library/PackageCache/com.unity.addressables@2.7.6/Editor/Settings/AddressableAssetSettings.cs:2994)
UnityEditor.AddressableAssets.Settings.AddressableAssetSettings:BuildPlayerContent (UnityEditor.AddressableAssets.Build.AddressablesPlayerBuildResult&) (at ./Library/PackageCache/com.unity.addressables@2.7.6/Editor/Settings/AddressableAssetSettings.cs:2971)
Editor.AddressablesModExporter:BuildOneGroup (UnityEditor.AddressableAssets.Settings.AddressableAssetSettings,Editor.AddressablesModExporter/ModBuildSpec) (at Assets/Editor/AddressablesModExporter.cs:478)
Editor.AddressablesModExporter:BuildAndExport (System.Collections.Generic.List`1<Editor.AddressablesModExporter/ModBuildSpec>) (at Assets/Editor/AddressablesModExporter.cs:361)
Editor.AddressablesModExporter:BuildFromCommandLine () (at Assets/Editor/AddressablesModExporter.cs:624)

(Filename: ./Library/PackageCache/com.unity.addressables@2.7.6/Editor/Settings/AddressableAssetSettings.cs Line: 3092)

Start importing Assets/AddressableAssetsData/Linux/addressables_content_state.bin using Guid(14801ced0f96971409f6c1584d8491f2) (DefaultImporter) -> (artifact id: '5424f8b525ec75c391cf085bf237551c') in 0.0785964 seconds
Refreshing native plugins compatible for Editor in 5.86 ms, found 6 plugins.
Preloading 0 native plugins for Editor in 0.00 ms.
Asset Pipeline Refresh (id=7fe52b0b19495e44c879ac0f80017c2c): Total: 1.161 seconds - Initiated by RefreshV2(NoUpdateAssetOptions)
	Summary:
		Imports: total=1 (actual=1, local cache=0, cache server=0)
		Asset DB Process Time: managed=1 ms, native=993 ms
		Asset DB Callback time: managed=47 ms, native=118 ms
		Scripting: domain reloads=0, domain reload time=0 ms, compile time=0 ms, other=0 ms
		Project Asset Count: scripts=1647, non-scripts=4657
		Asset File Changes: new=0, changed=1, moved=0, deleted=0
		Scan Filter Count: 0
	InvokeCustomDependenciesCallbacks: 0.014ms
	InvokePackagesCallback: 0.002ms
	ApplyChangesToAssetFolders: 1.372ms
	Scan: 130.054ms
	OnSourceAssetsModified: 22.547ms
	CategorizeAssetsWithTransientArtifact: 1.597ms
	ProcessAssetsWithTransientArtifactChanges: 5.136ms
	CategorizeAssets: 459.730ms
	ImportOutOfDateAssets: 92.531ms (1.049ms without children)
		ImportManagerImport: 86.067ms (1.086ms without children)
			ImportInProcess: 84.927ms
			UpdateCategorizedAssets: 0.054ms
		ReloadNativeAssets: 0.964ms
		UnloadImportedAssets: 0.294ms
		ReloadImportedAssets: 0.000ms
		EnsureUptoDateAssetsAreRegisteredWithGuidPM: 2.073ms
		InitializingProgressBar: 0.924ms
		PostProcessAllAssetNotificationsAddChangedAssets: 0.002ms
		OnDemandSchedulerStart: 1.157ms
	PostProcessAllAssets: 54.594ms
	Hotreload: 89.020ms
	GatherAllCurrentPrimaryArtifactRevisions: 11.174ms
	UnloadStreamsBegin: 0.108ms
	PersistCurrentRevisions: 0.804ms
	UnloadStreamsEnd: 0.003ms
	Untracked: 292.398ms

Zipped mod folder to C:/MoSim_MX_ModProject/Assets\..\Mods\MxModpackW2 v2.1.0 Linux.zip
UnityEngine.Debug:ExtractStackTraceNoAlloc (byte*,int,string)
UnityEngine.StackTraceUtility:ExtractStackTrace ()
UnityEngine.DebugLogHandler:Internal_Log (UnityEngine.LogType,UnityEngine.LogOption,string,UnityEngine.Object)
UnityEngine.DebugLogHandler:LogFormat (UnityEngine.LogType,UnityEngine.Object,string,object[])
UnityEngine.Logger:Log (UnityEngine.LogType,object)
UnityEngine.Debug:Log (object)
Editor.AddressablesModExporter:ZipAndCleanup (string,string,string,string,string) (at Assets/Editor/AddressablesModExporter.cs:547)
Editor.AddressablesModExporter:ExportGroup (string,string,string) (at Assets/Editor/AddressablesModExporter.cs:525)
Editor.AddressablesModExporter:BuildAndExport (System.Collections.Generic.List`1<Editor.AddressablesModExporter/ModBuildSpec>) (at Assets/Editor/AddressablesModExporter.cs:366)
Editor.AddressablesModExporter:BuildFromCommandLine () (at Assets/Editor/AddressablesModExporter.cs:624)

(Filename: Assets/Editor/AddressablesModExporter.cs Line: 547)

Build and export complete.
UnityEngine.Debug:ExtractStackTraceNoAlloc (byte*,int,string)
UnityEngine.StackTraceUtility:ExtractStackTrace ()
UnityEngine.DebugLogHandler:Internal_Log (UnityEngine.LogType,UnityEngine.LogOption,string,UnityEngine.Object)
UnityEngine.DebugLogHandler:LogFormat (UnityEngine.LogType,UnityEngine.Object,string,object[])
UnityEngine.Logger:Log (UnityEngine.LogType,object)
UnityEngine.Debug:Log (object)
Editor.AddressablesModExporter:BuildAndExport (System.Collections.Generic.List`1<Editor.AddressablesModExporter/ModBuildSpec>) (at Assets/Editor/AddressablesModExporter.cs:369)
Editor.AddressablesModExporter:BuildFromCommandLine () (at Assets/Editor/AddressablesModExporter.cs:624)

(Filename: Assets/Editor/AddressablesModExporter.cs Line: 369)

Clearing [Kardust TS Condensed Bold Italic SDF] dynamic font asset data.
UnityEngine.Debug:ExtractStackTraceNoAlloc (byte*,int,string)
UnityEngine.StackTraceUtility:ExtractStackTrace ()
UnityEngine.DebugLogHandler:Internal_Log (UnityEngine.LogType,UnityEngine.LogOption,string,UnityEngine.Object)
UnityEngine.DebugLogHandler:LogFormat (UnityEngine.LogType,UnityEngine.Object,string,object[])
UnityEngine.Logger:Log (UnityEngine.LogType,object)
UnityEngine.Debug:Log (object)
TMPro.EditorEventCallbacks/<>c:<InitializeFontAssetResourceChangeCallBacks>b__0_0 () (at ./Library/PackageCache/com.unity.ugui@2.0.0/Editor/TMP/TMP_EditorResourceManager.cs:36)
UnityEditor.EditorApplication:Internal_EditorApplicationQuit ()
Editor.AddressablesModExporter:BuildFromCommandLine () (at Assets/Editor/AddressablesModExporter.cs:625)

(Filename: ./Library/PackageCache/com.unity.ugui@2.0.0/Editor/TMP/TMP_EditorResourceManager.cs Line: 36)

Clearing [Megahertz In Regular SDF] dynamic font asset data.
UnityEngine.Debug:ExtractStackTraceNoAlloc (byte*,int,string)
UnityEngine.StackTraceUtility:ExtractStackTrace ()
UnityEngine.DebugLogHandler:Internal_Log (UnityEngine.LogType,UnityEngine.LogOption,string,UnityEngine.Object)
UnityEngine.DebugLogHandler:LogFormat (UnityEngine.LogType,UnityEngine.Object,string,object[])
UnityEngine.Logger:Log (UnityEngine.LogType,object)
UnityEngine.Debug:Log (object)
TMPro.EditorEventCallbacks/<>c:<InitializeFontAssetResourceChangeCallBacks>b__0_0 () (at ./Library/PackageCache/com.unity.ugui@2.0.0/Editor/TMP/TMP_EditorResourceManager.cs:36)
UnityEditor.EditorApplication:Internal_EditorApplicationQuit ()
Editor.AddressablesModExporter:BuildFromCommandLine () (at Assets/Editor/AddressablesModExporter.cs:625)

(Filename: ./Library/PackageCache/com.unity.ugui@2.0.0/Editor/TMP/TMP_EditorResourceManager.cs Line: 36)

Clearing [Anton SDF] dynamic font asset data.
UnityEngine.Debug:ExtractStackTraceNoAlloc (byte*,int,string)
UnityEngine.StackTraceUtility:ExtractStackTrace ()
UnityEngine.DebugLogHandler:Internal_Log (UnityEngine.LogType,UnityEngine.LogOption,string,UnityEngine.Object)
UnityEngine.DebugLogHandler:LogFormat (UnityEngine.LogType,UnityEngine.Object,string,object[])
UnityEngine.Logger:Log (UnityEngine.LogType,object)
UnityEngine.Debug:Log (object)
TMPro.EditorEventCallbacks/<>c:<InitializeFontAssetResourceChangeCallBacks>b__0_0 () (at ./Library/PackageCache/com.unity.ugui@2.0.0/Editor/TMP/TMP_EditorResourceManager.cs:36)
UnityEditor.EditorApplication:Internal_EditorApplicationQuit ()
Editor.AddressablesModExporter:BuildFromCommandLine () (at Assets/Editor/AddressablesModExporter.cs:625)

(Filename: ./Library/PackageCache/com.unity.ugui@2.0.0/Editor/TMP/TMP_EditorResourceManager.cs Line: 36)

Clearing [Bangers SDF] dynamic font asset data.
UnityEngine.Debug:ExtractStackTraceNoAlloc (byte*,int,string)
UnityEngine.StackTraceUtility:ExtractStackTrace ()
UnityEngine.DebugLogHandler:Internal_Log (UnityEngine.LogType,UnityEngine.LogOption,string,UnityEngine.Object)
UnityEngine.DebugLogHandler:LogFormat (UnityEngine.LogType,UnityEngine.Object,string,object[])
UnityEngine.Logger:Log (UnityEngine.LogType,object)
UnityEngine.Debug:Log (object)
TMPro.EditorEventCallbacks/<>c:<InitializeFontAssetResourceChangeCallBacks>b__0_0 () (at ./Library/PackageCache/com.unity.ugui@2.0.0/Editor/TMP/TMP_EditorResourceManager.cs:36)
UnityEditor.EditorApplication:Internal_EditorApplicationQuit ()
Editor.AddressablesModExporter:BuildFromCommandLine () (at Assets/Editor/AddressablesModExporter.cs:625)

(Filename: ./Library/PackageCache/com.unity.ugui@2.0.0/Editor/TMP/TMP_EditorResourceManager.cs Line: 36)

Clearing [Electronic Highway Sign SDF] dynamic font asset data.
UnityEngine.Debug:ExtractStackTraceNoAlloc (byte*,int,string)
UnityEngine.StackTraceUtility:ExtractStackTrace ()
UnityEngine.DebugLogHandler:Internal_Log (UnityEngine.LogType,UnityEngine.LogOption,string,UnityEngine.Object)
UnityEngine.DebugLogHandler:LogFormat (UnityEngine.LogType,UnityEngine.Object,string,object[])
UnityEngine.Logger:Log (UnityEngine.LogType,object)
UnityEngine.Debug:Log (object)
TMPro.EditorEventCallbacks/<>c:<InitializeFontAssetResourceChangeCallBacks>b__0_0 () (at ./Library/PackageCache/com.unity.ugui@2.0.0/Editor/TMP/TMP_EditorResourceManager.cs:36)
UnityEditor.EditorApplication:Internal_EditorApplicationQuit ()
Editor.AddressablesModExporter:BuildFromCommandLine () (at Assets/Editor/AddressablesModExporter.cs:625)

(Filename: ./Library/PackageCache/com.unity.ugui@2.0.0/Editor/TMP/TMP_EditorResourceManager.cs Line: 36)

Clearing [Oswald Bold SDF] dynamic font asset data.
UnityEngine.Debug:ExtractStackTraceNoAlloc (byte*,int,string)
UnityEngine.StackTraceUtility:ExtractStackTrace ()
UnityEngine.DebugLogHandler:Internal_Log (UnityEngine.LogType,UnityEngine.LogOption,string,UnityEngine.Object)
UnityEngine.DebugLogHandler:LogFormat (UnityEngine.LogType,UnityEngine.Object,string,object[])
UnityEngine.Logger:Log (UnityEngine.LogType,object)
UnityEngine.Debug:Log (object)
TMPro.EditorEventCallbacks/<>c:<InitializeFontAssetResourceChangeCallBacks>b__0_0 () (at ./Library/PackageCache/com.unity.ugui@2.0.0/Editor/TMP/TMP_EditorResourceManager.cs:36)
UnityEditor.EditorApplication:Internal_EditorApplicationQuit ()
Editor.AddressablesModExporter:BuildFromCommandLine () (at Assets/Editor/AddressablesModExporter.cs:625)

(Filename: ./Library/PackageCache/com.unity.ugui@2.0.0/Editor/TMP/TMP_EditorResourceManager.cs Line: 36)

Clearing [Roboto-Bold SDF] dynamic font asset data.
UnityEngine.Debug:ExtractStackTraceNoAlloc (byte*,int,string)
UnityEngine.StackTraceUtility:ExtractStackTrace ()
UnityEngine.DebugLogHandler:Internal_Log (UnityEngine.LogType,UnityEngine.LogOption,string,UnityEngine.Object)
UnityEngine.DebugLogHandler:LogFormat (UnityEngine.LogType,UnityEngine.Object,string,object[])
UnityEngine.Logger:Log (UnityEngine.LogType,object)
UnityEngine.Debug:Log (object)
TMPro.EditorEventCallbacks/<>c:<InitializeFontAssetResourceChangeCallBacks>b__0_0 () (at ./Library/PackageCache/com.unity.ugui@2.0.0/Editor/TMP/TMP_EditorResourceManager.cs:36)
UnityEditor.EditorApplication:Internal_EditorApplicationQuit ()
Editor.AddressablesModExporter:BuildFromCommandLine () (at Assets/Editor/AddressablesModExporter.cs:625)

(Filename: ./Library/PackageCache/com.unity.ugui@2.0.0/Editor/TMP/TMP_EditorResourceManager.cs Line: 36)

Clearing [Orbitron-VariableFont_wght SDF] dynamic font asset data.
UnityEngine.Debug:ExtractStackTraceNoAlloc (byte*,int,string)
UnityEngine.StackTraceUtility:ExtractStackTrace ()
UnityEngine.DebugLogHandler:Internal_Log (UnityEngine.LogType,UnityEngine.LogOption,string,UnityEngine.Object)
UnityEngine.DebugLogHandler:LogFormat (UnityEngine.LogType,UnityEngine.Object,string,object[])
UnityEngine.Logger:Log (UnityEngine.LogType,object)
UnityEngine.Debug:Log (object)
TMPro.EditorEventCallbacks/<>c:<InitializeFontAssetResourceChangeCallBacks>b__0_0 () (at ./Library/PackageCache/com.unity.ugui@2.0.0/Editor/TMP/TMP_EditorResourceManager.cs:36)
UnityEditor.EditorApplication:Internal_EditorApplicationQuit ()
Editor.AddressablesModExporter:BuildFromCommandLine () (at Assets/Editor/AddressablesModExporter.cs:625)

(Filename: ./Library/PackageCache/com.unity.ugui@2.0.0/Editor/TMP/TMP_EditorResourceManager.cs Line: 36)

Clearing [Orbitron_Main_Menu] dynamic font asset data.
UnityEngine.Debug:ExtractStackTraceNoAlloc (byte*,int,string)
UnityEngine.StackTraceUtility:ExtractStackTrace ()
UnityEngine.DebugLogHandler:Internal_Log (UnityEngine.LogType,UnityEngine.LogOption,string,UnityEngine.Object)
UnityEngine.DebugLogHandler:LogFormat (UnityEngine.LogType,UnityEngine.Object,string,object[])
UnityEngine.Logger:Log (UnityEngine.LogType,object)
UnityEngine.Debug:Log (object)
TMPro.EditorEventCallbacks/<>c:<InitializeFontAssetResourceChangeCallBacks>b__0_0 () (at ./Library/PackageCache/com.unity.ugui@2.0.0/Editor/TMP/TMP_EditorResourceManager.cs:36)
UnityEditor.EditorApplication:Internal_EditorApplicationQuit ()
Editor.AddressablesModExporter:BuildFromCommandLine () (at Assets/Editor/AddressablesModExporter.cs:625)

(Filename: ./Library/PackageCache/com.unity.ugui@2.0.0/Editor/TMP/TMP_EditorResourceManager.cs Line: 36)

Clearing [LiberationSans SDF - Fallback] dynamic font asset data.
UnityEngine.Debug:ExtractStackTraceNoAlloc (byte*,int,string)
UnityEngine.StackTraceUtility:ExtractStackTrace ()
UnityEngine.DebugLogHandler:Internal_Log (UnityEngine.LogType,UnityEngine.LogOption,string,UnityEngine.Object)
UnityEngine.DebugLogHandler:LogFormat (UnityEngine.LogType,UnityEngine.Object,string,object[])
UnityEngine.Logger:Log (UnityEngine.LogType,object)
UnityEngine.Debug:Log (object)
TMPro.EditorEventCallbacks/<>c:<InitializeFontAssetResourceChangeCallBacks>b__0_0 () (at ./Library/PackageCache/com.unity.ugui@2.0.0/Editor/TMP/TMP_EditorResourceManager.cs:36)
UnityEditor.EditorApplication:Internal_EditorApplicationQuit ()
Editor.AddressablesModExporter:BuildFromCommandLine () (at Assets/Editor/AddressablesModExporter.cs:625)

(Filename: ./Library/PackageCache/com.unity.ugui@2.0.0/Editor/TMP/TMP_EditorResourceManager.cs Line: 36)

Start importing Assets/Settings/URP-Performant.asset using Guid(d0e2fc18fe036412f8223b3b3d9ad574) (NativeFormatImporter) -> (artifact id: 'c874e596063ba83aa4a30bab5086b268') in 0.0103321 seconds
Start importing Assets/TextMesh Pro/Examples & Extras/Resources/Fonts & Materials/Oswald Bold SDF.asset using Guid(0161d805a3764c089bef00bfe00793f5) (NativeFormatImporter) -> (artifact id: '99ea32ee63e2dbafd725dd64135e0457') in 0.007885 seconds
Start importing Assets/Settings/URP-Balanced.asset using Guid(e1260c1148f6143b28bae5ace5e9c5d1) (NativeFormatImporter) -> (artifact id: '2f1f0e1c3fa824fd655090c75fdece4a') in 0.0067499 seconds
Start importing Assets/TextMesh Pro/Examples & Extras/Resources/Fonts & Materials/Bangers SDF.asset using Guid(125cb55b44b24c4393181402bc6200e6) (NativeFormatImporter) -> (artifact id: '2c22dcba32997ed31eb2370fecec6c75') in 0.0120199 seconds
Start importing Assets/TextMesh Pro/Examples & Extras/Resources/Fonts & Materials/Roboto-Bold SDF.asset using Guid(5302535af1044152a457ed104f1f4b91) (NativeFormatImporter) -> (artifact id: '2c0c50b16bada3b99bb19c8cce14eb39') in 0.0098874 seconds
Start importing Assets/Imports/Fonts/Kardust TS Condensed Bold Italic SDF.asset using Guid(44e19a5c696205449a28e60897197379) (NativeFormatImporter) -> (artifact id: 'f9ada6e0055ce20aa83e4d4bd6aa884f') in 0.0049587 seconds
Start importing Assets/Imports/Fonts/Megahertz In Regular SDF.asset using Guid(e454897a0fcfdbd42a554ba94c2302ae) (NativeFormatImporter) -> (artifact id: '769a6f46f9515f3840ff4f65432caea2') in 0.0059813 seconds
Start importing Assets/TextMesh Pro/Fonts/Orbitron-VariableFont_wght SDF.asset using Guid(384bb11c1fa15014591838a6229e947c) (NativeFormatImporter) -> (artifact id: '863a03e4f83530add06a874b2f2a9074') in 0.0064243 seconds
Start importing Assets/TextMesh Pro/Fonts/Orbitron_Main_Menu.asset using Guid(a9aeab6d3f84ed54f96da6ae0b36e175) (NativeFormatImporter) -> (artifact id: '6754457c089ef3621c93c42510dc1526') in 0.0063165 seconds
Start importing Assets/TextMesh Pro/Examples & Extras/Resources/Fonts & Materials/Anton SDF.asset using Guid(8a89fa14b10d46a99122fd4f73fca9a2) (NativeFormatImporter) -> (artifact id: 'e324e4298722cc9c64e26000f321f040') in 0.0055238 seconds
Start importing Assets/Settings/URP-HighFidelity.asset using Guid(7b7fd9122c28c4d15b667c7040e3b3fd) (NativeFormatImporter) -> (artifact id: '3a159ec55f23cd3b4fad3caebfb6476c') in 0.0060789 seconds
Start importing Assets/TextMesh Pro/Examples & Extras/Resources/Fonts & Materials/Electronic Highway Sign SDF.asset using Guid(dc36b3fdc14f47ebb36fd484a67e268a) (NativeFormatImporter) -> (artifact id: '7d7269abeb72285f8f84be48fa0af92e') in 0.0061449 seconds
Start importing Assets/TextMesh Pro/Resources/Fonts & Materials/LiberationSans SDF - Fallback.asset using Guid(2e498d1c8094910479dc3e1b768306a4) (NativeFormatImporter) -> (artifact id: '9443c4f7b9b3f7b5d87d77b97aabc217') in 0.0050959 seconds
Refreshing native plugins compatible for Editor in 5.13 ms, found 6 plugins.
Preloading 0 native plugins for Editor in 0.00 ms.
Asset Pipeline Refresh (id=1785e0a2e7e7fd844bc0c7f7502ac4a9): Total: 0.252 seconds - Initiated by StopAssetImportingV2(NoUpdateAssetOptions)
[Licensing::IpcConnector] License Notification channel disconnected successfully.
[Licensing::IpcConnector] License Client channel disconnected successfully.
AcceleratorClientConnectionCallback - disconnected - :0
Shut down.
Cleanup mono
abort_threads: Failed aborting id: 00000000000063F0, mono_thread_manage will ignore it

abort_threads: Failed aborting id: 00000000000063F0, mono_thread_manage will ignore it

debugger-agent: Unable to listen on 3152
[Performance] WinEditorMain                                                                                                  :        1 samples, Peak.  1.03 s (1.0x), Avg.  1.03 s, Total. 1.032 s (0.2%)
[Performance] WinEditorMain.ConfigureCrashHandler                                                                            :        1 samples, Peak.  54.1 us (1.0x), Avg.  54.1 us, Total. 54.10 us (0.0%)
[Performance] WinEditorMain.CurlRequestInitialize                                                                            :        1 samples, Peak.  2.03 ms (1.0x), Avg.  2.03 ms, Total. 2.032 ms (0.0%)
[Performance] WinEditorMain.SetupLogFile                                                                                     :        1 samples, Peak.  1.25 ms (1.0x), Avg.  1.25 ms, Total. 1.248 ms (0.0%)
[Performance] WinEditorMain.RunNativeTestsIfRequiredAndExit                                                                  :        1 samples, Peak.   600 ns (1.0x), Avg.   600 ns, Total. 600.0 ns (0.0%)
[Performance] WinEditorMain.Licensing                                                                                        :        1 samples, Peak.  1.00 s (1.0x), Avg.  1.00 s, Total. 1.005 s (0.2%)
[Performance] WinEditorMain.InitializeCrashHandler                                                                           :        1 samples, Peak.  19.2 ms (1.0x), Avg.  19.2 ms, Total. 19.16 ms (0.0%)
[Performance] WinEditorMain.CreateApplication                                                                                :        1 samples, Peak.   939 us (1.0x), Avg.   939 us, Total. 938.5 us (0.0%)
[Performance] Application.InitializeProject                                                                                  :        1 samples, Peak.  26.7 s (1.0x), Avg.  26.7 s, Total. 26.74 s (5.4%)
[Performance] Application.PackageManager.StartServer                                                                         :        1 samples, Peak.  15.0 ms (1.0x), Avg.  15.0 ms, Total. 15.01 ms (0.0%)
[Performance] Application.AcquireProjectLock                                                                                 :        1 samples, Peak.  5.06 ms (1.0x), Avg.  5.06 ms, Total. 5.063 ms (0.0%)
[Performance] Application.InitializeEngineNoGraphics                                                                         :        1 samples, Peak.  73.0 ms (1.0x), Avg.  73.0 ms, Total. 73.05 ms (0.0%)
[Performance] Application.PackageManager.Initialize                                                                          :        1 samples, Peak.   520 ms (1.0x), Avg.   520 ms, Total. 520.2 ms (0.1%)
[Performance] Connecting to Package Manager                                                                                  :       53 samples, Peak.  82.0 us (16.8x), Avg.  4.88 us, Total. 258.7 us (0.0%)
[Performance] Application.EngineGraphics.Initialize                                                                          :        1 samples, Peak.   411 ms (1.0x), Avg.   411 ms, Total. 410.6 ms (0.1%)
[Performance] Application.GI.Initialize                                                                                      :        1 samples, Peak.  6.55 ms (1.0x), Avg.  6.55 ms, Total. 6.552 ms (0.0%)
[Performance] Application.LoadAllDefaultResourcesFromEditor                                                                  :        1 samples, Peak.  2.41 ms (1.0x), Avg.  2.41 ms, Total. 2.409 ms (0.0%)
[Performance] Application.LoadMonoAssemblies                                                                                 :        1 samples, Peak.  1.26 s (1.0x), Avg.  1.26 s, Total. 1.255 s (0.3%)
[Performance] RestoreManagedReferences                                                                                       :        2 samples, Peak.   126 ms (2.0x), Avg.  63.0 ms, Total. 126.1 ms (0.0%)
[Performance] AssemblyReloadEvents.afterAssemblyReload: UnityEditor.SceneTemplate.SceneTemplateService.AfterAssemblyReload   :        2 samples, Peak.   247 ms (2.0x), Avg.   127 ms, Total. 253.0 ms (0.1%)
[Performance] ProcessService.EditorAfterLoadAllAssemblies                                                                    :        2 samples, Peak.  1.24 ms (1.3x), Avg.   979 us, Total. 1.958 ms (0.0%)
[Performance] Application.ReadLicenseInfo                                                                                    :        1 samples, Peak.   206 ms (1.0x), Avg.   206 ms, Total. 206.2 ms (0.0%)
[Performance] Application.InitialRefresh                                                                                     :        1 samples, Peak.  22.2 s (1.0x), Avg.  22.2 s, Total. 22.24 s (4.5%)
[Performance] AssetDatabase.InitialRefresh                                                                                   :        1 samples, Peak.  22.2 s (1.0x), Avg.  22.2 s, Total. 22.23 s (4.5%)
[Performance] Compiling Scripts                                                                                              :        1 samples, Peak.  5.82 s (1.0x), Avg.  5.82 s, Total. 5.820 s (1.2%)
[Performance] AssemblyReloadEvents.beforeAssemblyReload: UnityEditor.SceneTemplate.SceneTemplateService.BeforeAssemblyReload :        1 samples, Peak.   841 us (1.0x), Avg.   841 us, Total. 840.8 us (0.0%)
[Performance] EditorResources.Load                                                                                           :       23 samples, Peak.  88.5 ms (20.1x), Avg.  4.39 ms, Total. 101.0 ms (0.0%)
[Performance] DidReloadScriptsTestRunnerWindow.CompilationCallback                                                           :        1 samples, Peak.   856 us (1.0x), Avg.   856 us, Total. 856.4 us (0.0%)
[Performance] DidReloadScriptsTestListCache.ScriptReloaded                                                                   :        1 samples, Peak.  3.39 ms (1.0x), Avg.  3.39 ms, Total. 3.386 ms (0.0%)
[Performance] DidReloadScriptsLookDev.OnEditorReload                                                                         :        1 samples, Peak.   576 us (1.0x), Avg.   576 us, Total. 575.7 us (0.0%)
[Performance] DidReloadScriptsDebugWindow.OnEditorReload                                                                     :        1 samples, Peak.  10.1 ms (1.0x), Avg.  10.1 ms, Total. 10.12 ms (0.0%)
[Performance] DidReloadScriptsVolumeComponentEditor.OnEditorReload                                                           :        1 samples, Peak.  31.7 ms (1.0x), Avg.  31.7 ms, Total. 31.71 ms (0.0%)
[Performance] DidReloadScriptsAdvancedDropdownWindow.OnScriptReload                                                          :        2 samples, Peak.   819 us (1.4x), Avg.   571 us, Total. 1.141 ms (0.0%)
[Performance] DidReloadScriptsCinemachineVirtualCameraBase.OnScriptReload                                                    :        1 samples, Peak.   234 us (1.0x), Avg.   234 us, Total. 234.0 us (0.0%)
[Performance] DidReloadScriptsCinemachineExtension.OnScriptReload                                                            :        1 samples, Peak.   731 us (1.0x), Avg.   731 us, Total. 730.6 us (0.0%)
[Performance] DidReloadScriptsEditorMenuExtensions.FindAndCloseAllContextMenus                                               :        1 samples, Peak.  4.72 ms (1.0x), Avg.  4.72 ms, Total. 4.717 ms (0.0%)
[Performance] PresetManagerPostProcessor.OnPreprocessAsset                                                                   :       65 samples, Peak.  1.96 ms (25.3x), Avg.  77.7 us, Total. 5.049 ms (0.0%)
[Performance] CancelSplashScreenOnAssetChange.OnPreprocessAsset                                                              :       65 samples, Peak.   970 us (28.0x), Avg.  34.6 us, Total. 2.251 ms (0.0%)
[Performance] ShaderGraphAssetPostProcessor.OnPreprocessAsset                                                                :       65 samples, Peak.   335 us (17.7x), Avg.  18.9 us, Total. 1.230 ms (0.0%)
[Performance] EditorApplication.projectChanged: UnityEditor.Audio.MixerEffectDefinitionReloader.OnProjectChanged             :        1 samples, Peak.   530 us (1.0x), Avg.   530 us, Total. 530.0 us (0.0%)
[Performance] EditorApplication.projectChanged: UnityEngine.InputSystem.LowLevel.NativeInputRuntime.OnProjectChanged         :        1 samples, Peak.   242 us (1.0x), Avg.   242 us, Total. 242.4 us (0.0%)
[Performance] AssetDatabase.ImportAssets                                                                                     :        8 samples, Peak.   254 ms (6.7x), Avg.  37.9 ms, Total. 302.8 ms (0.1%)
[Performance] VersionControl.Task.Wait                                                                                       :        1 samples, Peak.   857 us (1.0x), Avg.   857 us, Total. 856.7 us (0.0%)
[Performance] SamplePostprocessor.OnPostprocessAllAssets                                                                     :       24 samples, Peak.   702 us (5.0x), Avg.   140 us, Total. 3.364 ms (0.0%)
[Performance] TMPro_TexturePostProcessor.OnPostprocessAllAssets                                                              :        8 samples, Peak.  1.89 ms (1.8x), Avg.  1.08 ms, Total. 8.632 ms (0.0%)
[Performance] CinemachineSettings.OnPostprocessAllAssets                                                                     :        8 samples, Peak.  1.21 ms (2.8x), Avg.   441 us, Total. 3.529 ms (0.0%)
[Performance] WindowAssetPostprocessingWatcher_Internal.OnPostprocessAllAssets                                               :        8 samples, Peak.  2.32 ms (2.8x), Avg.   832 us, Total. 6.653 ms (0.0%)
[Performance] AssetPostprocessor.OnPostprocessAllAssets                                                                      :        8 samples, Peak.   463 us (2.0x), Avg.   231 us, Total. 1.850 ms (0.0%)
[Performance] BuilderAssetPostprocessor.OnPostprocessAllAssets                                                               :        8 samples, Peak.  7.14 ms (3.6x), Avg.  1.96 ms, Total. 15.65 ms (0.0%)
[Performance] AddressablesAssetPostProcessor.OnPostprocessAllAssets                                                          :        8 samples, Peak.  4.70 ms (3.1x), Avg.  1.51 ms, Total. 12.08 ms (0.0%)
[Performance] ArtifactBrowserPostProcessor.OnPostprocessAllAssets                                                            :        8 samples, Peak.   672 us (2.6x), Avg.   259 us, Total. 2.072 ms (0.0%)
[Performance] AssetEvents.OnPostprocessAllAssets                                                                             :       16 samples, Peak.   615 us (7.3x), Avg.  84.0 us, Total. 1.344 ms (0.0%)
[Performance] AudioContainerPostProcessor.OnPostprocessAllAssets                                                             :        8 samples, Peak.   569 us (5.6x), Avg.   101 us, Total. 808.8 us (0.0%)
[Performance] AudioMixerPostprocessor.OnPostprocessAllAssets                                                                 :        8 samples, Peak.   427 us (3.9x), Avg.   110 us, Total. 878.5 us (0.0%)
[Performance] StyleCatalogPostProcessor.OnPostprocessAllAssets                                                               :        8 samples, Peak.  24.7 ms (4.0x), Avg.  6.19 ms, Total. 49.53 ms (0.0%)
[Performance] BuildCatalog                                                                                                   :        1 samples, Peak.  22.7 ms (1.0x), Avg.  22.7 ms, Total. 22.68 ms (0.0%)
[Performance] ModelImporterPostProcessor.OnPostprocessAllAssets                                                              :        8 samples, Peak.  1.68 ms (2.4x), Avg.   687 us, Total. 5.494 ms (0.0%)
[Performance] AssetDatabaseProxy.OnPostprocessAllAssets                                                                      :        8 samples, Peak.   307 ms (4.0x), Avg.  77.4 ms, Total. 619.5 ms (0.1%)
[Performance] MaterialPostprocessor.OnPostprocessAllAssets                                                                   :       16 samples, Peak.  1.21 ms (3.6x), Avg.   336 us, Total. 5.381 ms (0.0%)
[Performance] UniversalRenderPipelineGlobalSettingsPostprocessor.OnPostprocessAllAssets                                      :        8 samples, Peak.  23.6 ms (4.0x), Avg.  5.90 ms, Total. 47.22 ms (0.0%)
[Performance] RetainedModeAssetPostprocessor.OnPostprocessAllAssets                                                          :        8 samples, Peak.  3.97 ms (3.7x), Avg.  1.08 ms, Total. 8.645 ms (0.0%)
[Performance] AssetChangedListener.OnPostprocessAllAssets                                                                    :        8 samples, Peak.  1.96 ms (2.3x), Avg.   863 us, Total. 6.903 ms (0.0%)
[Performance] PostProcessor.OnPostprocessAllAssets                                                                           :        8 samples, Peak.   681 us (1.7x), Avg.   408 us, Total. 3.262 ms (0.0%)
[Performance] ShaderGraphAssetPostProcessor.OnPostprocessAllAssets                                                           :        8 samples, Peak.  7.14 ms (2.9x), Avg.  2.43 ms, Total. 19.46 ms (0.0%)
[Performance] SpeedTreePostProcessor.OnPostprocessAllAssets                                                                  :        8 samples, Peak.   268 us (3.7x), Avg.  72.7 us, Total. 581.6 us (0.0%)
[Performance] TerrainToolbarOverlayPostProcessor.OnPostprocessAllAssets                                                      :        8 samples, Peak.   456 us (3.9x), Avg.   118 us, Total. 940.9 us (0.0%)
[Performance] TextAssetPostProcessor.OnPostprocessAllAssets                                                                  :        8 samples, Peak.   634 us (2.9x), Avg.   217 us, Total. 1.739 ms (0.0%)
[Performance] SpriteEditorTexturePostprocessor.OnPostprocessAllAssets                                                        :        8 samples, Peak.   953 us (2.2x), Avg.   435 us, Total. 3.483 ms (0.0%)
[Performance] AssetPathToTypes.OnPostprocessAllAssets                                                                        :        8 samples, Peak.   682 us (3.9x), Avg.   176 us, Total. 1.412 ms (0.0%)
[Performance] SyncVS.PostprocessSyncProject                                                                                  :        4 samples, Peak.  12.1 ms (1.7x), Avg.  6.96 ms, Total. 27.85 ms (0.0%)
[Performance] Application.ImportPackagesAndSetTemplateWhenCreatingProject                                                    :        1 samples, Peak.  72.5 ms (1.0x), Avg.  72.5 ms, Total. 72.46 ms (0.0%)
[Performance] Application.SyncCurrentColorSpace                                                                              :        1 samples, Peak.  36.4 ms (1.0x), Avg.  36.4 ms, Total. 36.37 ms (0.0%)
[Performance] Application.OnUsbDevicesChanged                                                                                :        1 samples, Peak.  2.01 ms (1.0x), Avg.  2.01 ms, Total. 2.005 ms (0.0%)
[Performance] Application.AssetInstanceCacheUpdate                                                                           :        1 samples, Peak.   500 ns (1.0x), Avg.   500 ns, Total. 500.0 ns (0.0%)
[Performance] Application.UnityExtensions.Initialize                                                                         :        1 samples, Peak.  20.3 ms (1.0x), Avg.  20.3 ms, Total. 20.27 ms (0.0%)
[Performance] CodeEditorProjectSync.SyncEditorProject                                                                        :        1 samples, Peak.   292 ms (1.0x), Avg.   292 ms, Total. 292.5 ms (0.1%)
[Performance] Application.ExecuteStartups                                                                                    :        1 samples, Peak.  58.9 ms (1.0x), Avg.  58.9 ms, Total. 58.91 ms (0.0%)
[Performance] Menu.RegisterMenuInterface                                                                                     :       26 samples, Peak.  4.30 us (6.8x), Avg.   635 ns, Total. 16.50 us (0.0%)
[Performance] Gizmo.RebuildRenderers                                                                                         :        1 samples, Peak.  53.4 ms (1.0x), Avg.  53.4 ms, Total. 53.38 ms (0.0%)
[Performance] Gizmo.AddGizmoRenderers                                                                                        :      160 samples, Peak.  2.37 ms (49.9x), Avg.  47.6 us, Total. 7.616 ms (0.0%)
[Performance] Application.editorInitializingProject                                                                          :        1 samples, Peak.   140 ms (1.0x), Avg.   140 ms, Total. 139.8 ms (0.0%)
[Performance] Application.InitializeMenu                                                                                     :        1 samples, Peak.   365 ms (1.0x), Avg.   365 ms, Total. 364.8 ms (0.1%)
[Performance] Menu.RebuildAll                                                                                                :        1 samples, Peak.   365 ms (1.0x), Avg.   365 ms, Total. 364.8 ms (0.1%)
[Performance] Menu.BuildRegisteredMenuInterfaces                                                                             :        1 samples, Peak.   355 ms (1.0x), Avg.   355 ms, Total. 355.5 ms (0.1%)
[Performance] Menu.FilterMenuItem                                                                                            :     1066 samples, Peak.  23.5 ms (1042.2x), Avg.  22.6 us, Total. 24.07 ms (0.0%)
[Performance] UpdateAllMenus                                                                                                 :        1 samples, Peak.  2.29 ms (1.0x), Avg.  2.29 ms, Total. 2.291 ms (0.0%)
[Performance] Menu.RebuildOSMainMenu                                                                                         :        2 samples, Peak.  5.12 ms (1.1x), Avg.  4.51 ms, Total. 9.022 ms (0.0%)
[Performance] EditorSceneManager.sceneClosing: UnityEditor.SceneVisibilityManager.EditorSceneManagerOnSceneClosing           :        2 samples, Peak.  2.67 ms (1.7x), Avg.  1.58 ms, Total. 3.156 ms (0.0%)
[Performance] GUIView.RepaintAll.PlayerLoopController                                                                        :        2 samples, Peak.   425 us (2.0x), Avg.   213 us, Total. 425.7 us (0.0%)
[Performance] EditorSceneManager.newSceneCreated: UnityEditor.SceneTemplate.SceneTemplateService.OnNewSceneCreated           :        2 samples, Peak.   485 us (2.0x), Avg.   246 us, Total. 492.2 us (0.0%)
[Performance] EditorSceneManager.newSceneCreated: UnityEditor.SceneVisibilityManager.EditorSceneManagerOnNewSceneCreated     :        2 samples, Peak.   947 us (1.3x), Avg.   703 us, Total. 1.406 ms (0.0%)
[Performance] EditorSceneManager.newSceneCreated: UnityEditor.SceneManagement.StageNavigationManager.OnNewSceneCreated       :        2 samples, Peak.   627 us (1.6x), Avg.   386 us, Total. 772.3 us (0.0%)
[Performance] Application.InvokeFinishedLoadingProject                                                                       :        1 samples, Peak.  30.7 ms (1.0x), Avg.  30.7 ms, Total. 30.65 ms (0.0%)
[Performance] ProcessService.OnProjectLoaded                                                                                 :        1 samples, Peak.   207 us (1.0x), Avg.   207 us, Total. 206.7 us (0.0%)
[Performance] StateMacroSavedEvent.OnWillSaveAssets                                                                          :        2 samples, Peak.  3.03 ms (1.6x), Avg.  1.85 ms, Total. 3.701 ms (0.0%)
[Performance] FlowMacroSavedEvent.OnWillSaveAssets                                                                           :        2 samples, Peak.   451 us (1.4x), Avg.   333 us, Total. 666.2 us (0.0%)
[Performance] AssetModificationProcessor.OnWillSaveAssets                                                                    :        2 samples, Peak.   351 us (2.0x), Avg.   180 us, Total. 359.1 us (0.0%)
[Performance] BuilderAssetModificationProcessor.OnWillSaveAssets                                                             :        2 samples, Peak.   457 us (1.9x), Avg.   237 us, Total. 474.1 us (0.0%)
[Performance] TerrainModificationProcessor.OnWillSaveAssets                                                                  :        2 samples, Peak.   872 us (2.0x), Avg.   438 us, Total. 875.2 us (0.0%)
[Performance] AudioContainerModificationProcessor.OnWillSaveAssets                                                           :        2 samples, Peak.   104 us (1.9x), Avg.  53.7 us, Total. 107.3 us (0.0%)
[Performance] GenerateAssemblyTypeInfos                                                                                      :        2 samples, Peak.   125 ms (1.3x), Avg.  94.4 ms, Total. 188.8 ms (0.0%)
[Performance] AssetDatabase.Refresh                                                                                          :        1 samples, Peak.  1.17 s (1.0x), Avg.  1.17 s, Total. 1.166 s (0.2%)
[Performance] ShaderImporter.SourceAssetModified                                                                             :        1 samples, Peak.  1.40 us (1.0x), Avg.  1.40 us, Total. 1.400 us (0.0%)
[Performance] ShaderIncludeImporter.SourceAssetModified                                                                      :        1 samples, Peak.  5.70 us (1.0x), Avg.  5.70 us, Total. 5.700 us (0.0%)
[Performance] Application.Shutdown.SaveDefaultWindowPreferences                                                              :        1 samples, Peak.  2.20 ms (1.0x), Avg.  2.20 ms, Total. 2.204 ms (0.0%)
[Performance] Application.Shutdown.SaveSceneManagerSetup                                                                     :        1 samples, Peak.  2.42 ms (1.0x), Avg.  2.42 ms, Total. 2.424 ms (0.0%)
[Performance] Application.Shutdown.CleanupAllContainerWindows                                                                :        1 samples, Peak.  1.28 ms (1.0x), Avg.  1.28 ms, Total. 1.278 ms (0.0%)
[Performance] EditorApplication.quitting: Unity.Burst.Editor.BurstLoader.OnEditorApplicationQuitting                         :        1 samples, Peak.   287 us (1.0x), Avg.   287 us, Total. 286.9 us (0.0%)
[Performance] EditorApplication.quitting: callback in TMPro.EditorEventCallbacks                                             :        1 samples, Peak.   822 ms (1.0x), Avg.   822 ms, Total. 821.7 ms (0.2%)
[Performance] EditorApplication.quitting: callback in UnityEditor.TextCore.Text.EditorEventCallbacks                         :        1 samples, Peak.  38.4 ms (1.0x), Avg.  38.4 ms, Total. 38.42 ms (0.0%)
[Performance] EditorApplication.quitting: ThreadingManager.WaitForOutstandingTasks                                           :        1 samples, Peak.  1.65 ms (1.0x), Avg.  1.65 ms, Total. 1.653 ms (0.0%)
[Performance] Application.Shutdown.PauseProfilerSession                                                                      :        1 samples, Peak.  9.22 ms (1.0x), Avg.  9.22 ms, Total. 9.222 ms (0.0%)
[Performance] Application.Shutdown.PauseAssetImportWorkers                                                                   :        1 samples, Peak.  1.18 ms (1.0x), Avg.  1.18 ms, Total. 1.177 ms (0.0%)
[Performance] Application.Shutdown.SaveAssets                                                                                :        1 samples, Peak.   409 ms (1.0x), Avg.   409 ms, Total. 409.0 ms (0.1%)
[Performance] Application.Shutdown.CleanupRenderPipeline                                                                     :        1 samples, Peak.  63.4 us (1.0x), Avg.  63.4 us, Total. 63.40 us (0.0%)
[Performance] Application.Shutdown.StopPreloadManager                                                                        :        1 samples, Peak.  9.79 ms (1.0x), Avg.  9.79 ms, Total. 9.786 ms (0.0%)
[Performance] Application.Shutdown.DestroyWorld                                                                              :        1 samples, Peak.  2.08 ms (1.0x), Avg.  2.08 ms, Total. 2.080 ms (0.0%)
[Performance] Application.Shutdown.CleanupAfterLoad                                                                          :        1 samples, Peak.  2.41 s (1.0x), Avg.  2.41 s, Total. 2.406 s (0.5%)
[Performance] Application.Shutdown.Progress                                                                                  :        1 samples, Peak.  2.34 ms (1.0x), Avg.  2.34 ms, Total. 2.343 ms (0.0%)
[Performance] Application.Shutdown.GICleanupManagers                                                                         :        1 samples, Peak.  16.0 ms (1.0x), Avg.  16.0 ms, Total. 15.98 ms (0.0%)
[Performance] Application.Shutdown.MenuCleanupClass                                                                          :        1 samples, Peak.  7.91 ms (1.0x), Avg.  7.91 ms, Total. 7.911 ms (0.0%)
[Performance] Application.Shutdown.ADBSaveStateBeforeShutdown                                                                :        1 samples, Peak.  15.4 us (1.0x), Avg.  15.4 us, Total. 15.40 us (0.0%)
[Performance] Application.Shutdown.RemoteShutdown                                                                            :        1 samples, Peak.  1.90 us (1.0x), Avg.  1.90 us, Total. 1.900 us (0.0%)
[Performance] Application.Shutdown.CleanupVCProvider                                                                         :        1 samples, Peak.   718 us (1.0x), Avg.   718 us, Total. 717.8 us (0.0%)
[Performance] Application.Shutdown.InputShutdown                                                                             :        1 samples, Peak.   479 us (1.0x), Avg.   479 us, Total. 478.8 us (0.0%)
[Performance] Application.Shutdown.GizmoManagerDestroy                                                                       :        1 samples, Peak.  2.38 ms (1.0x), Avg.  2.38 ms, Total. 2.383 ms (0.0%)
[Performance] Application.Shutdown.ProfilerSession                                                                           :        1 samples, Peak.  4.05 ms (1.0x), Avg.  4.05 ms, Total. 4.045 ms (0.0%)
[Performance] Application.Shutdown.ReleaseGfxWindowOnAllGUIViews                                                             :        1 samples, Peak.   900 ns (1.0x), Avg.   900 ns, Total. 900.0 ns (0.0%)
[Performance] Application.Shutdown.CleanupEngine                                                                             :        1 samples, Peak.   649 ms (1.0x), Avg.   649 ms, Total. 648.9 ms (0.1%)
[Performance] Application.Shutdown.CleanupAssetDatabase                                                                      :        1 samples, Peak.   110 ms (1.0x), Avg.   110 ms, Total. 110.3 ms (0.0%)
[Performance] Application.Shutdown.ScriptCompilationCleanUp                                                                  :        1 samples, Peak.  22.9 ms (1.0x), Avg.  22.9 ms, Total. 22.88 ms (0.0%)
[Performance] Application.Shutdown.DestroyJobSystem                                                                          :        1 samples, Peak.  3.74 ms (1.0x), Avg.  3.74 ms, Total. 3.736 ms (0.0%)
[Performance] Application.Shutdown.CleanupPersistentManager                                                                  :        1 samples, Peak.  16.0 ms (1.0x), Avg.  16.0 ms, Total. 15.99 ms (0.0%)
[Performance] Application.Shutdown.CleanupAsyncReadManager                                                                   :        1 samples, Peak.   699 us (1.0x), Avg.   699 us, Total. 699.3 us (0.0%)
[Performance] Application.Shutdown.CleanupProgressBar                                                                        :        1 samples, Peak.   429 us (1.0x), Avg.   429 us, Total. 429.0 us (0.0%)
[Performance] Application.Shutdown.CleanupMono                                                                               :        1 samples, Peak.  1.07 s (1.0x), Avg.  1.07 s, Total. 1.065 s (0.2%)
[Performance] Application.Shutdown.CleanupStdConverters                                                                      :        1 samples, Peak.  30.1 us (1.0x), Avg.  30.1 us, Total. 30.10 us (0.0%)
[Performance] Application.Shutdown.UnloadAllPlatformSupportModuleNativeDlls                                                  :        1 samples, Peak.  1.20 us (1.0x), Avg.  1.20 us, Total. 1.200 us (0.0%)
[Performance] Application.Shutdown.UnloadAllPlatformSupportNativeLibraries                                                   :        1 samples, Peak.   400 ns (1.0x), Avg.   400 ns, Total. 400.0 ns (0.0%)
[Performance] Application.Shutdown.CleanupAutoDocumentation                                                                  :        1 samples, Peak.  3.57 ms (1.0x), Avg.  3.57 ms, Total. 3.566 ms (0.0%)
[Performance] Application.Shutdown.ShaderNameManagerDestroy                                                                  :        1 samples, Peak.   575 us (1.0x), Avg.   575 us, Total. 575.4 us (0.0%)
[Performance] Application.Shutdown.CleanupCacheServer                                                                        :        1 samples, Peak.   600 ns (1.0x), Avg.   600 ns, Total. 600.0 ns (0.0%)
[Performance] Application.Shutdown.Virtualization_Shutdown                                                                   :        1 samples, Peak.   700 ns (1.0x), Avg.   700 ns, Total. 700.0 ns (0.0%)
[Performance] Application.Shutdown.DevConnections                                                                            :        1 samples, Peak.   682 us (1.0x), Avg.   682 us, Total. 682.5 us (0.0%)
Thread: ID 15276, CleanupSafetyData: safetyData 901b6d80
Thread: ID 15276, CleanupSafetyData: safetyData 901b4020
Thread: ID 15276, CleanupSafetyData: safetyData 901b4170
Thread: ID 15276, CleanupSafetyData: safetyData 91772f30
Thread: ID 15276, CleanupSafetyData: safetyData 919c5c10
Thread: ID 15276, CleanupSafetyData: safetyData 9194ff20
Checking for leaked weakptr:
  Found no leaked weakptrs.
[Package Manager] Server process was shutdown
Memory Statistics:
[ALLOC_TEMP_TLS] TLS Allocator
  StackAllocators : 
    [ALLOC_TEMP_CurlRequest]
      Initial Block Size 64.0 KB
      Current Block Size 64.0 KB
      Peak Allocated Bytes 0 B
      Overflow Count 0
    [ALLOC_TEMP_MAIN]
      Initial Block Size 16.0 MB
      Current Block Size 127.1 MB
      Peak Allocated Bytes 64.2 MB
      Overflow Count 2
    [ALLOC_TEMP_Background Job.worker 4]
      Initial Block Size 32.0 KB
      Current Block Size 32.0 KB
      Peak Allocated Bytes 1.5 KB
      Overflow Count 0
    [ALLOC_TEMP_Loading.PreloadManager]
      Initial Block Size 32.0 MB
      Current Block Size 32.0 MB
      Peak Allocated Bytes 46 B
      Overflow Count 0
    [ALLOC_TEMP_Background Job.worker 3]
      Initial Block Size 32.0 KB
      Current Block Size 32.0 KB
      Peak Allocated Bytes 48 B
      Overflow Count 0
    [ALLOC_TEMP_Background Job.worker 11]
      Initial Block Size 32.0 KB
      Current Block Size 32.0 KB
      Peak Allocated Bytes 50 B
      Overflow Count 0
    [ALLOC_TEMP_Background Job.worker 7]
      Initial Block Size 32.0 KB
      Current Block Size 32.0 KB
      Peak Allocated Bytes 48 B
      Overflow Count 0
    [ALLOC_TEMP_EditorTaskManager]
      Initial Block Size 64.0 KB
      Current Block Size 68.0 KB
      Peak Allocated Bytes 64.0 KB
      Overflow Count 0
    [ALLOC_TEMP_Background Job.worker 6]
      Initial Block Size 32.0 KB
      Current Block Size 32.0 KB
      Peak Allocated Bytes 48 B
      Overflow Count 0
    [ALLOC_TEMP_CloudJob.worker 0]
      Initial Block Size 32.0 KB
      Current Block Size 32.0 KB
      Peak Allocated Bytes 11.2 KB
      Overflow Count 0
    [ALLOC_TEMP_AUDIO_FMOD (WASAPI) feeder thread]
      Initial Block Size 64.0 KB
      Current Block Size 64.0 KB
      Peak Allocated Bytes 58 B
      Overflow Count 0
    [ALLOC_TEMP_Profiler.Dispatcher]
      Initial Block Size 64.0 KB
      Current Block Size 64.0 KB
      Peak Allocated Bytes 0 B
      Overflow Count 0
    [ALLOC_TEMP_Background Job.worker 12]
      Initial Block Size 32.0 KB
      Current Block Size 32.0 KB
      Peak Allocated Bytes 50 B
      Overflow Count 0
    [ALLOC_TEMP_Background Job.worker 10]
      Initial Block Size 32.0 KB
      Current Block Size 32.0 KB
      Peak Allocated Bytes 50 B
      Overflow Count 0
    [ALLOC_TEMP_Background Job.worker 2]
      Initial Block Size 32.0 KB
      Current Block Size 32.0 KB
      Peak Allocated Bytes 1.4 KB
      Overflow Count 0
    [ALLOC_TEMP_Background Job.worker 15]
      Initial Block Size 32.0 KB
      Current Block Size 32.0 KB
      Peak Allocated Bytes 50 B
      Overflow Count 0
    [ALLOC_TEMP_Job.worker 5]
      Initial Block Size 256.0 KB
      Current Block Size 1.0 MB
      Peak Allocated Bytes 1.0 MB
      Overflow Count 1
    [ALLOC_TEMP_AUDIO_FMOD mixer thread]
      Initial Block Size 64.0 KB
      Current Block Size 64.0 KB
      Peak Allocated Bytes 38 B
      Overflow Count 0
    [ALLOC_TEMP_Background Job.worker 8]
      Initial Block Size 32.0 KB
      Current Block Size 32.0 KB
      Peak Allocated Bytes 48 B
      Overflow Count 0
    [ALLOC_TEMP_Background Job.worker 13]
      Initial Block Size 32.0 KB
      Current Block Size 32.0 KB
      Peak Allocated Bytes 50 B
      Overflow Count 0
    [ALLOC_TEMP_BakingJobs.worker 0]
      Initial Block Size 256.0 KB
      Current Block Size 256.0 KB
      Peak Allocated Bytes 40 B
      Overflow Count 0
    [ALLOC_TEMP_AssetGarbageCollectorHelper] x 11
      Initial Block Size 64.0 KB
      Current Block Size 64.0 KB
      Peak Allocated Bytes 0 B
      Overflow Count 0
    [ALLOC_TEMP_BakingJobs.worker 4]
      Initial Block Size 256.0 KB
      Current Block Size 256.0 KB
      Peak Allocated Bytes 40 B
      Overflow Count 0
    [ALLOC_TEMP_Background Job.worker 0]
      Initial Block Size 32.0 KB
      Current Block Size 32.0 KB
      Peak Allocated Bytes 48 B
      Overflow Count 0
    [ALLOC_TEMP_Job.worker 6]
      Initial Block Size 256.0 KB
      Current Block Size 1.0 MB
      Peak Allocated Bytes 1.0 MB
      Overflow Count 1
    [ALLOC_TEMP_Job.worker 8]
      Initial Block Size 256.0 KB
      Current Block Size 1.0 MB
      Peak Allocated Bytes 1.0 MB
      Overflow Count 1
    [ALLOC_TEMP_Background Job.worker 14]
      Initial Block Size 32.0 KB
      Current Block Size 32.0 KB
      Peak Allocated Bytes 50 B
      Overflow Count 0
    [ALLOC_TEMP_BakingJobs.worker 1]
      Initial Block Size 256.0 KB
      Current Block Size 256.0 KB
      Peak Allocated Bytes 40 B
      Overflow Count 0
    [ALLOC_TEMP_BatchDeleteObjects]
      Initial Block Size 64.0 KB
      Current Block Size 64.0 KB
      Peak Allocated Bytes 38 B
      Overflow Count 0
    [ALLOC_TEMP_BakingJobs.worker 5]
      Initial Block Size 256.0 KB
      Current Block Size 256.0 KB
      Peak Allocated Bytes 40 B
      Overflow Count 0
    [ALLOC_TEMP_AUDIO_FMOD stream thread]
      Initial Block Size 64.0 KB
      Current Block Size 64.0 KB
      Peak Allocated Bytes 40 B
      Overflow Count 0
    [ALLOC_TEMP_CoreBusinessMetricsCache]
      Initial Block Size 64.0 KB
      Current Block Size 64.0 KB
      Peak Allocated Bytes 7.5 KB
      Overflow Count 0
    [ALLOC_TEMP_Background Job.worker 9]
      Initial Block Size 32.0 KB
      Current Block Size 32.0 KB
      Peak Allocated Bytes 48 B
      Overflow Count 0
    [ALLOC_TEMP_Job.worker 0]
      Initial Block Size 256.0 KB
      Current Block Size 1.0 MB
      Peak Allocated Bytes 1.0 MB
      Overflow Count 1
    [ALLOC_TEMP_Job.worker 4]
      Initial Block Size 256.0 KB
      Current Block Size 1.0 MB
      Peak Allocated Bytes 1.0 MB
      Overflow Count 1
    [ALLOC_TEMP_Background Job.worker 1]
      Initial Block Size 32.0 KB
      Current Block Size 256.0 KB
      Peak Allocated Bytes 134.0 KB
      Overflow Count 4448
    [ALLOC_TEMP_AssetDatabase.IOService]
      Initial Block Size 64.0 KB
      Current Block Size 64.0 KB
      Peak Allocated Bytes 48 B
      Overflow Count 0
    [ALLOC_TEMP_Job.worker 1]
      Initial Block Size 256.0 KB
      Current Block Size 1.0 MB
      Peak Allocated Bytes 1.0 MB
      Overflow Count 1
    [ALLOC_TEMP_BakingJobs.worker 3]
      Initial Block Size 256.0 KB
      Current Block Size 256.0 KB
      Peak Allocated Bytes 40 B
      Overflow Count 0
    [ALLOC_TEMP_Background Job.worker 5]
      Initial Block Size 32.0 KB
      Current Block Size 32.0 KB
      Peak Allocated Bytes 48 B
      Overflow Count 0
    [ALLOC_TEMP_DirMonitor]
      Initial Block Size 64.0 KB
      Current Block Size 64.0 KB
      Peak Allocated Bytes 1.2 KB
      Overflow Count 0
    [ALLOC_TEMP_Job.worker 3]
      Initial Block Size 256.0 KB
      Current Block Size 1.0 MB
      Peak Allocated Bytes 1.0 MB
      Overflow Count 1
    [ALLOC_TEMP_BakingJobs.worker 2]
      Initial Block Size 256.0 KB
      Current Block Size 256.0 KB
      Peak Allocated Bytes 40 B
      Overflow Count 0
    [ALLOC_TEMP_Job.worker 2]
      Initial Block Size 256.0 KB
      Current Block Size 1.0 MB
      Peak Allocated Bytes 1.0 MB
      Overflow Count 0
    [ALLOC_TEMP_Job.worker 10]
      Initial Block Size 256.0 KB
      Current Block Size 1.0 MB
      Peak Allocated Bytes 1.0 MB
      Overflow Count 1
    [ALLOC_TEMP_Job.worker 7]
      Initial Block Size 256.0 KB
      Current Block Size 1.0 MB
      Peak Allocated Bytes 1.0 MB
      Overflow Count 1
    [ALLOC_TEMP_Job.worker 9]
      Initial Block Size 256.0 KB
      Current Block Size 256.0 KB
      Peak Allocated Bytes 234.7 KB
      Overflow Count 1
    [ALLOC_TEMP_Loading.AsyncRead]
      Initial Block Size 64.0 KB
      Current Block Size 64.0 KB
      Peak Allocated Bytes 128 B
      Overflow Count 0
[ALLOC_MEMORYPROFILER]
  Requested Block Size 1.0 MB
  Peak Block count 3
  Peak Allocated memory 3.1 MB
  Peak Large allocation bytes 0.6 MB
[ALLOC_DEFAULT] Dual Thread Allocator
  Peak main deferred allocation count 4274
    [ALLOC_BUCKET]
      Large Block size 32.0 MB
      Used Block count 2
      Peak Allocated bytes 33.7 MB
    [ALLOC_DEFAULT_MAIN]
      Requested Block Size 16.0 MB
      Peak Block count 19
      Peak Allocated memory 0.54 GB
      Peak Large allocation bytes 280.0 MB
    [ALLOC_DEFAULT_THREAD]
      Requested Block Size 16.0 MB
      Peak Block count 1
      Peak Allocated memory 64.2 MB
      Peak Large allocation bytes 51.2 MB
[ALLOC_TEMP_JOB_1_FRAME]
  Initial Block Size 2.0 MB
  Used Block Count 0
  Overflow Count (too large) 0
  Overflow Count (full) 0
[ALLOC_TEMP_JOB_2_FRAMES]
  Initial Block Size 2.0 MB
  Used Block Count 0
  Overflow Count (too large) 0
  Overflow Count (full) 0
[ALLOC_TEMP_JOB_4_FRAMES (JobTemp)]
  Initial Block Size 2.0 MB
  Used Block Count 1
  Overflow Count (too large) 1
  Overflow Count (full) 0
[ALLOC_TEMP_JOB_ASYNC (Background)]
  Initial Block Size 1.0 MB
  Used Block Count 1
  Overflow Count (too large) 5
  Overflow Count (full) 0
[ALLOC_GFX] Dual Thread Allocator
  Peak main deferred allocation count 1125
    [ALLOC_BUCKET]
      Large Block size 32.0 MB
      Used Block count 2
      Peak Allocated bytes 33.7 MB
    [ALLOC_GFX_MAIN]
      Requested Block Size 16.0 MB
      Peak Block count 44
      Peak Allocated memory 1.39 GB
      Peak Large allocation bytes 0.73 GB
    [ALLOC_GFX_THREAD]
      Requested Block Size 16.0 MB
      Peak Block count 1
      Peak Allocated memory 250.3 KB
      Peak Large allocation bytes 0 B
[ALLOC_CACHEOBJECTS] Dual Thread Allocator
  Peak main deferred allocation count 45278
    [ALLOC_BUCKET]
      Large Block size 32.0 MB
      Used Block count 2
      Peak Allocated bytes 33.7 MB
    [ALLOC_CACHEOBJECTS_MAIN]
      Requested Block Size 4.0 MB
      Peak Block count 43
      Peak Allocated memory 0.87 GB
      Peak Large allocation bytes 0.71 GB
    [ALLOC_CACHEOBJECTS_THREAD]
      Requested Block Size 4.0 MB
      Peak Block count 1
      Peak Allocated memory 304 B
      Peak Large allocation bytes 0 B
[ALLOC_TYPETREE] Dual Thread Allocator
  Peak main deferred allocation count 2124
    [ALLOC_BUCKET]
      Large Block size 32.0 MB
      Used Block count 2
      Peak Allocated bytes 33.7 MB
    [ALLOC_TYPETREE_MAIN]
      Requested Block Size 2.0 MB
      Peak Block count 6
      Peak Allocated memory 11.9 MB
      Peak Large allocation bytes 0 B
    [ALLOC_TYPETREE_THREAD]
      Requested Block Size 2.0 MB
      Peak Block count 1
      Peak Allocated memory 6.5 KB
      Peak Large allocation bytes 0 B
[ALLOC_PROFILER]
  Requested Block Size 16.0 MB
  Peak Block count 1
  Peak Allocated memory 0.6 MB
  Peak Large allocation bytes 0 B
    [ALLOC_PROFILER_BUCKET]
      Large Block size 32.0 MB
      Used Block count 1
      Peak Allocated bytes 11.1 KB
[ALLOC_PROFILER_EDITOR]
  Requested Block Size 1.0 MB
  Peak Block count 0
  Peak Allocated memory 0 B
  Peak Large allocation bytes 0 B
    [ALLOC_PROFILER_BUCKET]
      Large Block size 32.0 MB
      Used Block count 1
      Peak Allocated bytes 11.1 KB
##utp:{"type":"MemoryLeaks","version":2,"phase":"Immediate","time":1790117627106,"processId":3320,"allocatedMemory":21931086,"memoryLabels":[{"Default":17877},{"Permanent":15300},{"NewDelete":81176},{"Thread":4230344},{"Manager":28250},{"VertexData":8},{"Geometry":816},{"Texture":160},{"Shader":77819},{"Material":24},{"GfxDevice":55384},{"Animation":328},{"Audio":4040},{"Font":3265594},{"FontEngine":224},{"Physics":369},{"Serialization":968},{"Input":14816},{"JobScheduler":33024},{"Mono":32},{"ScriptingNativeRuntime":155060},{"BaseObject":1619504},{"Resource":1304},{"Renderer":2360},{"Transform":4646},{"File":976},{"WebCam":80},{"Culling":32},{"Terrain":953},{"Wind":24},{"STL":40},{"String":24935},{"DynamicArray":125095},{"HashMap":92612},{"Utility":2662638},{"Curl":1448},{"PoolAlloc":1768},{"AI":104},{"TypeTree":4493},{"ScriptManager":512},{"RuntimeInitializeOnLoadManager":64},{"SpriteAtlas":112},{"GI":7888},{"Director":8240},{"CloudService":13904},{"WebRequest":4633},{"VR":45953},{"SceneManager":496},{"Video":64},{"LazyScriptCache":32},{"NativeArray":8},{"Camera":17},{"Secure":1},{"Image":4096},{"SerializationCache":1576},{"APIUpdating":10320},{"Subsystems":336},{"VirtualTexturing":57888},{"StaticSafetyDebugInfo":278528},{"Analytics":896},{"Hierarchy":16},{"Gui":80},{"EditorUtility":62308},{"VersionControl":4},{"Undo":624},{"AssetDatabase":8852378},{"EditorGi":328},{"UnityConnect":24848},{"Collab":545},{"Upm":1728},{"DrivenProperties":72},{"LocalIPC":262},{"ProfilerEditor":9738},{"CoreBusinessMetrics":14022},{"Licensing":3880},{"AssetReference":32},{"IPCStream":32}]}
~StackAllocator(ALLOC_TEMP_MAIN) m_LastAlloc not NULL. Did you forget to call FreeAllStackAllocations()? To get more information, run app with -diag-temp-memory-leak-validation cmd line argument
